,index,customer_name,customer_part_no,site_db,eta,quantity,time_idx
0,0,2e9d0015563e8f6c3614c219c759934c,8d38afe1b83414573501e8e91c71dbd6,EVMI2JUAREZ,2022/1/17,9,0
1,1,2e9d0015563e8f6c3614c219c759934c,8d38afe1b83414573501e8e91c71dbd6,EVMI2JUAREZ,2022/2/14,611,1
2,2,2e9d0015563e8f6c3614c219c759934c,8d38afe1b83414573501e8e91c71dbd6,EVMI2JUAREZ,2022/3/14,96,2
3,3,2e9d0015563e8f6c3614c219c759934c,8d38afe1b83414573501e8e91c71dbd6,EVMI2JUAREZ,2022/4/11,30,3
4,4,2e9d0015563e8f6c3614c219c759934c,8d38afe1b83414573501e8e91c71dbd6,EVMI2JUAREZ,2022/5/9,211,4
5,5,2e9d0015563e8f6c3614c219c759934c,8d38afe1b83414573501e8e91c71dbd6,EVMI2JUAREZ,2022/6/6,122,5
6,6,2e9d0015563e8f6c3614c219c759934c,8d38afe1b83414573501e8e91c71dbd6,EVMI2JUAREZ,2022/7/4,471,6
7,7,2e9d0015563e8f6c3614c219c759934c,8d38afe1b83414573501e8e91c71dbd6,EVMI2JUAREZ,2022/8/1,55,7
8,8,2e9d0015563e8f6c3614c219c759934c,8d38afe1b83414573501e8e91c71dbd6,EVMI2JUAREZ,2022/8/29,282,8
9,9,2e9d0015563e8f6c3614c219c759934c,8d38afe1b83414573501e8e91c71dbd6,EVMI2JUAREZ,2022/9/26,256,9
10,10,2e9d0015563e8f6c3614c219c759934c,8d38afe1b83414573501e8e91c71dbd6,EVMI2JUAREZ,2022/10/24,707,10
11,11,2e9d0015563e8f6c3614c219c759934c,8d38afe1b83414573501e8e91c71dbd6,EVMI2JUAREZ,2022/11/21,723,11
12,12,2e9d0015563e8f6c3614c219c759934c,8d38afe1b83414573501e8e91c71dbd6,EVMI2JUAREZ,2022/12/19,379,12
13,13,2e9d0015563e8f6c3614c219c759934c,db87cd92052e1f1e2299e07a8390b68c,EVMI2,2022/1/10,20000,0
14,14,2e9d0015563e8f6c3614c219c759934c,db87cd92052e1f1e2299e07a8390b68c,EVMI2,2022/2/7,10000,1
15,15,2e9d0015563e8f6c3614c219c759934c,db87cd92052e1f1e2299e07a8390b68c,EVMI2,2022/3/7,1350000,2
16,16,2e9d0015563e8f6c3614c219c759934c,db87cd92052e1f1e2299e07a8390b68c,EVMI2,2022/4/4,0,3
17,17,2e9d0015563e8f6c3614c219c759934c,db87cd92052e1f1e2299e07a8390b68c,EVMI2,2022/5/2,0,4
18,18,2e9d0015563e8f6c3614c219c759934c,db87cd92052e1f1e2299e07a8390b68c,EVMI2,2022/5/30,0,5
19,19,2e9d0015563e8f6c3614c219c759934c,db87cd92052e1f1e2299e07a8390b68c,EVMI2,2022/6/27,0,6
20,20,2e9d0015563e8f6c3614c219c759934c,db87cd92052e1f1e2299e07a8390b68c,EVMI2,2022/7/25,40000,7
21,21,2e9d0015563e8f6c3614c219c759934c,db87cd92052e1f1e2299e07a8390b68c,EVMI2,2022/8/22,420000,8
22,22,2e9d0015563e8f6c3614c219c759934c,db87cd92052e1f1e2299e07a8390b68c,EVMI2,2022/9/19,40000,9
23,23,2e9d0015563e8f6c3614c219c759934c,db87cd92052e1f1e2299e07a8390b68c,EVMI2,2022/10/17,150000,10
24,24,2e9d0015563e8f6c3614c219c759934c,db87cd92052e1f1e2299e07a8390b68c,EVMI2,2022/11/14,560000,11
25,25,2e9d0015563e8f6c3614c219c759934c,db87cd92052e1f1e2299e07a8390b68c,EVMI2,2022/12/12,290000,12
26,26,2e9d0015563e8f6c3614c219c759934c,db87cd92052e1f1e2299e07a8390b68c,EVMI2,2023/1/9,210000,13
27,27,2e9d0015563e8f6c3614c219c759934c,def378055040440224dd509527cfc1d7,EVMI2JUAREZ,2022/1/3,60,0
28,28,2e9d0015563e8f6c3614c219c759934c,def378055040440224dd509527cfc1d7,EVMI2JUAREZ,2022/1/31,2840,1
29,29,2e9d0015563e8f6c3614c219c759934c,def378055040440224dd509527cfc1d7,EVMI2JUAREZ,2022/2/28,5724,2
30,30,2e9d0015563e8f6c3614c219c759934c,def378055040440224dd509527cfc1d7,EVMI2JUAREZ,2022/3/28,0,3
31,31,2e9d0015563e8f6c3614c219c759934c,def378055040440224dd509527cfc1d7,EVMI2JUAREZ,2022/4/25,4086,4
32,32,2e9d0015563e8f6c3614c219c759934c,def378055040440224dd509527cfc1d7,EVMI2JUAREZ,2022/5/23,2610,5
33,33,2e9d0015563e8f6c3614c219c759934c,def378055040440224dd509527cfc1d7,EVMI2JUAREZ,2022/6/20,0,6
34,34,2e9d0015563e8f6c3614c219c759934c,def378055040440224dd509527cfc1d7,EVMI2JUAREZ,2022/7/18,5466,7
35,35,2e9d0015563e8f6c3614c219c759934c,def378055040440224dd509527cfc1d7,EVMI2JUAREZ,2022/8/15,7051,8
36,36,2e9d0015563e8f6c3614c219c759934c,def378055040440224dd509527cfc1d7,EVMI2JUAREZ,2022/9/12,4750,9
37,37,2e9d0015563e8f6c3614c219c759934c,def378055040440224dd509527cfc1d7,EVMI2JUAREZ,2022/10/10,6910,10
38,38,2e9d0015563e8f6c3614c219c759934c,def378055040440224dd509527cfc1d7,EVMI2JUAREZ,2022/11/7,5680,11
39,39,2e9d0015563e8f6c3614c219c759934c,def378055040440224dd509527cfc1d7,EVMI2JUAREZ,2022/12/5,7105,12
40,40,2e9d0015563e8f6c3614c219c759934c,def378055040440224dd509527cfc1d7,EVMI2JUAREZ,2023/1/2,4900,13
41,41,2e9d0015563e8f6c3614c219c759934c,df1f3c35ef2ee9cf5d0b484c40cd0fc1,EVMI2MKD,2022/4/11,2400,0
42,42,2e9d0015563e8f6c3614c219c759934c,df1f3c35ef2ee9cf5d0b484c40cd0fc1,EVMI2MKD,2022/5/9,8145,1
43,43,2e9d0015563e8f6c3614c219c759934c,df1f3c35ef2ee9cf5d0b484c40cd0fc1,EVMI2MKD,2022/6/6,1188,2
44,44,2e9d0015563e8f6c3614c219c759934c,df1f3c35ef2ee9cf5d0b484c40cd0fc1,EVMI2MKD,2022/7/4,3592,3
45,45,2e9d0015563e8f6c3614c219c759934c,df1f3c35ef2ee9cf5d0b484c40cd0fc1,EVMI2MKD,2022/8/1,5190,4
46,46,2e9d0015563e8f6c3614c219c759934c,df1f3c35ef2ee9cf5d0b484c40cd0fc1,EVMI2MKD,2022/8/29,1213,5
47,47,2e9d0015563e8f6c3614c219c759934c,df1f3c35ef2ee9cf5d0b484c40cd0fc1,EVMI2MKD,2022/9/26,2739,6
48,48,2e9d0015563e8f6c3614c219c759934c,df1f3c35ef2ee9cf5d0b484c40cd0fc1,EVMI2MKD,2022/10/24,688,7
49,49,2e9d0015563e8f6c3614c219c759934c,df1f3c35ef2ee9cf5d0b484c40cd0fc1,EVMI2MKD,2022/11/21,422,8
50,50,2e9d0015563e8f6c3614c219c759934c,df1f3c35ef2ee9cf5d0b484c40cd0fc1,EVMI2MKD,2022/12/19,900,9
51,51,2e9d0015563e8f6c3614c219c759934c,df1f3c35ef2ee9cf5d0b484c40cd0fc1,EVMI2MKD,2023/1/16,3160,10
52,52,2e9d0015563e8f6c3614c219c759934c,fcee47203c247adb44436c493e933aa7,EVMI2,2022/2/14,280000,0
53,53,2e9d0015563e8f6c3614c219c759934c,fcee47203c247adb44436c493e933aa7,EVMI2,2022/3/14,1540000,1
54,54,2e9d0015563e8f6c3614c219c759934c,fcee47203c247adb44436c493e933aa7,EVMI2,2022/4/11,0,2
55,55,2e9d0015563e8f6c3614c219c759934c,fcee47203c247adb44436c493e933aa7,EVMI2,2022/5/9,0,3
56,56,2e9d0015563e8f6c3614c219c759934c,fcee47203c247adb44436c493e933aa7,EVMI2,2022/6/6,0,4
57,57,2e9d0015563e8f6c3614c219c759934c,fcee47203c247adb44436c493e933aa7,EVMI2,2022/7/4,370000,5
58,58,2e9d0015563e8f6c3614c219c759934c,fcee47203c247adb44436c493e933aa7,EVMI2,2022/8/1,470000,6
59,59,2e9d0015563e8f6c3614c219c759934c,fcee47203c247adb44436c493e933aa7,EVMI2,2022/8/29,530000,7
60,60,2e9d0015563e8f6c3614c219c759934c,fcee47203c247adb44436c493e933aa7,EVMI2,2022/9/26,400000,8
61,61,2e9d0015563e8f6c3614c219c759934c,fcee47203c247adb44436c493e933aa7,EVMI2,2022/10/24,320000,9
62,62,2e9d0015563e8f6c3614c219c759934c,fcee47203c247adb44436c493e933aa7,EVMI2,2022/11/21,310000,10
63,63,2e9d0015563e8f6c3614c219c759934c,fcee47203c247adb44436c493e933aa7,EVMI2,2022/12/19,510000,11
64,64,2e9d0015563e8f6c3614c219c759934c,fcee47203c247adb44436c493e933aa7,EVMI2,2023/1/16,100000,12
65,65,7e0d847c78df7e95d8e8779df7557fbc,0ebfac40ff24b21247bb349489097449,EVMI2CD,2022/5/16,200,0
66,66,7e0d847c78df7e95d8e8779df7557fbc,0ebfac40ff24b21247bb349489097449,EVMI2CD,2022/6/13,11310,1
67,67,7e0d847c78df7e95d8e8779df7557fbc,0ebfac40ff24b21247bb349489097449,EVMI2CD,2022/7/11,0,2
68,68,7e0d847c78df7e95d8e8779df7557fbc,0ebfac40ff24b21247bb349489097449,EVMI2CD,2022/8/8,1200,3
69,69,7e0d847c78df7e95d8e8779df7557fbc,0ebfac40ff24b21247bb349489097449,EVMI2CD,2022/9/5,42000,4
70,70,7e0d847c78df7e95d8e8779df7557fbc,0ebfac40ff24b21247bb349489097449,EVMI2CD,2022/10/3,120691,5
71,71,7e0d847c78df7e95d8e8779df7557fbc,0ebfac40ff24b21247bb349489097449,EVMI2CD,2022/10/31,131037,6
72,72,7e0d847c78df7e95d8e8779df7557fbc,0ebfac40ff24b21247bb349489097449,EVMI2CD,2022/11/28,139900,7
73,73,7e0d847c78df7e95d8e8779df7557fbc,0ebfac40ff24b21247bb349489097449,EVMI2CD,2022/12/26,31700,8
74,74,7e0d847c78df7e95d8e8779df7557fbc,1ea3b6ce6d51c67555878869f2c2c8f3,EVMI2CD,2022/5/2,200,0
75,75,7e0d847c78df7e95d8e8779df7557fbc,1ea3b6ce6d51c67555878869f2c2c8f3,EVMI2CD,2022/5/30,0,1
76,76,7e0d847c78df7e95d8e8779df7557fbc,1ea3b6ce6d51c67555878869f2c2c8f3,EVMI2CD,2022/6/27,2960,2
77,77,7e0d847c78df7e95d8e8779df7557fbc,1ea3b6ce6d51c67555878869f2c2c8f3,EVMI2CD,2022/7/25,2000,3
78,78,7e0d847c78df7e95d8e8779df7557fbc,1ea3b6ce6d51c67555878869f2c2c8f3,EVMI2CD,2022/8/22,35500,4
79,79,7e0d847c78df7e95d8e8779df7557fbc,1ea3b6ce6d51c67555878869f2c2c8f3,EVMI2CD,2022/9/19,70300,5
80,80,7e0d847c78df7e95d8e8779df7557fbc,1ea3b6ce6d51c67555878869f2c2c8f3,EVMI2CD,2022/10/17,104077,6
81,81,7e0d847c78df7e95d8e8779df7557fbc,1ea3b6ce6d51c67555878869f2c2c8f3,EVMI2CD,2022/11/14,112686,7
82,82,7e0d847c78df7e95d8e8779df7557fbc,1ea3b6ce6d51c67555878869f2c2c8f3,EVMI2CD,2022/12/12,86100,8
83,83,7e0d847c78df7e95d8e8779df7557fbc,1ea3b6ce6d51c67555878869f2c2c8f3,EVMI2CD,2023/1/9,14000,9
84,84,7e0d847c78df7e95d8e8779df7557fbc,37a7e5801088d739beca94cdffe3f97a,EVMI2CD,2022/4/18,40000,0
85,85,7e0d847c78df7e95d8e8779df7557fbc,37a7e5801088d739beca94cdffe3f97a,EVMI2CD,2022/5/16,64000,1
86,86,7e0d847c78df7e95d8e8779df7557fbc,37a7e5801088d739beca94cdffe3f97a,EVMI2CD,2022/6/13,40000,2
87,87,7e0d847c78df7e95d8e8779df7557fbc,37a7e5801088d739beca94cdffe3f97a,EVMI2CD,2022/7/11,360000,3
88,88,7e0d847c78df7e95d8e8779df7557fbc,37a7e5801088d739beca94cdffe3f97a,EVMI2CD,2022/8/8,20000,4
89,89,7e0d847c78df7e95d8e8779df7557fbc,37a7e5801088d739beca94cdffe3f97a,EVMI2CD,2022/9/5,230000,5
90,90,7e0d847c78df7e95d8e8779df7557fbc,37a7e5801088d739beca94cdffe3f97a,EVMI2CD,2022/10/3,460000,6
91,91,7e0d847c78df7e95d8e8779df7557fbc,37a7e5801088d739beca94cdffe3f97a,EVMI2CD,2022/10/31,780000,7
92,92,7e0d847c78df7e95d8e8779df7557fbc,37a7e5801088d739beca94cdffe3f97a,EVMI2CD,2022/11/28,800000,8
93,93,7e0d847c78df7e95d8e8779df7557fbc,37a7e5801088d739beca94cdffe3f97a,EVMI2CD,2022/12/26,340000,9
94,94,7e0d847c78df7e95d8e8779df7557fbc,37a7e5801088d739beca94cdffe3f97a,EVMI2CD,2023/1/23,60000,10
95,95,7e0d847c78df7e95d8e8779df7557fbc,3bc9056f2a33af7af76f755d4c2fecfe,EVMI2CD,2020/3/30,30000,0
96,96,7e0d847c78df7e95d8e8779df7557fbc,3bc9056f2a33af7af76f755d4c2fecfe,EVMI2CD,2020/4/27,0,1
97,97,7e0d847c78df7e95d8e8779df7557fbc,3bc9056f2a33af7af76f755d4c2fecfe,EVMI2CD,2020/5/25,0,2
98,98,7e0d847c78df7e95d8e8779df7557fbc,3bc9056f2a33af7af76f755d4c2fecfe,EVMI2CD,2020/6/22,0,3
99,99,7e0d847c78df7e95d8e8779df7557fbc,3bc9056f2a33af7af76f755d4c2fecfe,EVMI2CD,2020/7/20,0,4
100,100,7e0d847c78df7e95d8e8779df7557fbc,3bc9056f2a33af7af76f755d4c2fecfe,EVMI2CD,2020/8/17,0,5
101,101,7e0d847c78df7e95d8e8779df7557fbc,3bc9056f2a33af7af76f755d4c2fecfe,EVMI2CD,2020/9/14,0,6
102,102,7e0d847c78df7e95d8e8779df7557fbc,3bc9056f2a33af7af76f755d4c2fecfe,EVMI2CD,2020/10/12,0,7
103,103,7e0d847c78df7e95d8e8779df7557fbc,3bc9056f2a33af7af76f755d4c2fecfe,EVMI2CD,2020/11/9,0,8
104,104,7e0d847c78df7e95d8e8779df7557fbc,3bc9056f2a33af7af76f755d4c2fecfe,EVMI2CD,2020/12/7,0,9
105,105,7e0d847c78df7e95d8e8779df7557fbc,3bc9056f2a33af7af76f755d4c2fecfe,EVMI2CD,2021/1/4,0,10
106,106,7e0d847c78df7e95d8e8779df7557fbc,3bc9056f2a33af7af76f755d4c2fecfe,EVMI2CD,2021/2/1,0,11
107,107,7e0d847c78df7e95d8e8779df7557fbc,3bc9056f2a33af7af76f755d4c2fecfe,EVMI2CD,2021/3/1,0,12
108,108,7e0d847c78df7e95d8e8779df7557fbc,3bc9056f2a33af7af76f755d4c2fecfe,EVMI2CD,2021/3/29,0,13
109,109,7e0d847c78df7e95d8e8779df7557fbc,3bc9056f2a33af7af76f755d4c2fecfe,EVMI2CD,2021/4/26,0,14
110,110,7e0d847c78df7e95d8e8779df7557fbc,3bc9056f2a33af7af76f755d4c2fecfe,EVMI2CD,2021/5/24,0,15
111,111,7e0d847c78df7e95d8e8779df7557fbc,3bc9056f2a33af7af76f755d4c2fecfe,EVMI2CD,2021/6/21,0,16
112,112,7e0d847c78df7e95d8e8779df7557fbc,3bc9056f2a33af7af76f755d4c2fecfe,EVMI2CD,2021/7/19,0,17
113,113,7e0d847c78df7e95d8e8779df7557fbc,3bc9056f2a33af7af76f755d4c2fecfe,EVMI2CD,2021/8/16,0,18
114,114,7e0d847c78df7e95d8e8779df7557fbc,3bc9056f2a33af7af76f755d4c2fecfe,EVMI2CD,2021/9/13,0,19
115,115,7e0d847c78df7e95d8e8779df7557fbc,3bc9056f2a33af7af76f755d4c2fecfe,EVMI2CD,2021/10/11,0,20
116,116,7e0d847c78df7e95d8e8779df7557fbc,3bc9056f2a33af7af76f755d4c2fecfe,EVMI2CD,2021/11/8,0,21
117,117,7e0d847c78df7e95d8e8779df7557fbc,3bc9056f2a33af7af76f755d4c2fecfe,EVMI2CD,2021/12/6,0,22
118,118,7e0d847c78df7e95d8e8779df7557fbc,3bc9056f2a33af7af76f755d4c2fecfe,EVMI2CD,2022/1/3,0,23
119,119,7e0d847c78df7e95d8e8779df7557fbc,3bc9056f2a33af7af76f755d4c2fecfe,EVMI2CD,2022/1/31,165000,24
120,120,7e0d847c78df7e95d8e8779df7557fbc,3bc9056f2a33af7af76f755d4c2fecfe,EVMI2CD,2022/2/28,225000,25
121,121,7e0d847c78df7e95d8e8779df7557fbc,3bc9056f2a33af7af76f755d4c2fecfe,EVMI2CD,2022/3/28,150000,26
122,122,7e0d847c78df7e95d8e8779df7557fbc,3bc9056f2a33af7af76f755d4c2fecfe,EVMI2CD,2022/4/25,90000,27
123,123,7e0d847c78df7e95d8e8779df7557fbc,3bc9056f2a33af7af76f755d4c2fecfe,EVMI2CD,2022/5/23,135000,28
124,124,7e0d847c78df7e95d8e8779df7557fbc,3bc9056f2a33af7af76f755d4c2fecfe,EVMI2CD,2022/6/20,210000,29
125,125,7e0d847c78df7e95d8e8779df7557fbc,3bc9056f2a33af7af76f755d4c2fecfe,EVMI2CD,2022/7/18,225000,30
126,126,7e0d847c78df7e95d8e8779df7557fbc,3bc9056f2a33af7af76f755d4c2fecfe,EVMI2CD,2022/8/15,240000,31
127,127,7e0d847c78df7e95d8e8779df7557fbc,3bc9056f2a33af7af76f755d4c2fecfe,EVMI2CD,2022/9/12,90000,32
128,128,7e0d847c78df7e95d8e8779df7557fbc,3bc9056f2a33af7af76f755d4c2fecfe,EVMI2CD,2022/10/10,135000,33
129,129,7e0d847c78df7e95d8e8779df7557fbc,3bc9056f2a33af7af76f755d4c2fecfe,EVMI2CD,2022/11/7,0,34
130,130,7e0d847c78df7e95d8e8779df7557fbc,3bc9056f2a33af7af76f755d4c2fecfe,EVMI2CD,2022/12/5,4760,35
131,131,7e0d847c78df7e95d8e8779df7557fbc,3bc9056f2a33af7af76f755d4c2fecfe,EVMI2CD,2023/1/2,15000,36
132,132,7e0d847c78df7e95d8e8779df7557fbc,623eca8bc4becb3b25e952fa0f941213,EVMI2CD,2022/1/17,120000,0
133,133,7e0d847c78df7e95d8e8779df7557fbc,623eca8bc4becb3b25e952fa0f941213,EVMI2CD,2022/2/14,325380,1
134,134,7e0d847c78df7e95d8e8779df7557fbc,623eca8bc4becb3b25e952fa0f941213,EVMI2CD,2022/3/14,548680,2
135,135,7e0d847c78df7e95d8e8779df7557fbc,623eca8bc4becb3b25e952fa0f941213,EVMI2CD,2022/4/11,130360,3
136,136,7e0d847c78df7e95d8e8779df7557fbc,623eca8bc4becb3b25e952fa0f941213,EVMI2CD,2022/5/9,280160,4
137,137,7e0d847c78df7e95d8e8779df7557fbc,623eca8bc4becb3b25e952fa0f941213,EVMI2CD,2022/6/6,193220,5
138,138,7e0d847c78df7e95d8e8779df7557fbc,623eca8bc4becb3b25e952fa0f941213,EVMI2CD,2022/7/4,506220,6
139,139,7e0d847c78df7e95d8e8779df7557fbc,623eca8bc4becb3b25e952fa0f941213,EVMI2CD,2022/8/1,495000,7
140,140,7e0d847c78df7e95d8e8779df7557fbc,623eca8bc4becb3b25e952fa0f941213,EVMI2CD,2022/8/29,524040,8
141,141,7e0d847c78df7e95d8e8779df7557fbc,623eca8bc4becb3b25e952fa0f941213,EVMI2CD,2022/9/26,568780,9
142,142,7e0d847c78df7e95d8e8779df7557fbc,623eca8bc4becb3b25e952fa0f941213,EVMI2CD,2022/10/24,707520,10
143,143,7e0d847c78df7e95d8e8779df7557fbc,623eca8bc4becb3b25e952fa0f941213,EVMI2CD,2022/11/21,499840,11
144,144,7e0d847c78df7e95d8e8779df7557fbc,623eca8bc4becb3b25e952fa0f941213,EVMI2CD,2022/12/19,273680,12
145,145,7e0d847c78df7e95d8e8779df7557fbc,655ee064df94098ea7e84461eba85856,EVMI2CD,2022/5/2,40000,0
146,146,7e0d847c78df7e95d8e8779df7557fbc,655ee064df94098ea7e84461eba85856,EVMI2CD,2022/5/30,30000,1
147,147,7e0d847c78df7e95d8e8779df7557fbc,655ee064df94098ea7e84461eba85856,EVMI2CD,2022/6/27,20000,2
148,148,7e0d847c78df7e95d8e8779df7557fbc,655ee064df94098ea7e84461eba85856,EVMI2CD,2022/7/25,20000,3
149,149,7e0d847c78df7e95d8e8779df7557fbc,655ee064df94098ea7e84461eba85856,EVMI2CD,2022/8/22,73160,4
150,150,7e0d847c78df7e95d8e8779df7557fbc,655ee064df94098ea7e84461eba85856,EVMI2CD,2022/9/19,155000,5
151,151,7e0d847c78df7e95d8e8779df7557fbc,655ee064df94098ea7e84461eba85856,EVMI2CD,2022/10/17,480000,6
152,152,7e0d847c78df7e95d8e8779df7557fbc,655ee064df94098ea7e84461eba85856,EVMI2CD,2022/11/14,440000,7
153,153,7e0d847c78df7e95d8e8779df7557fbc,655ee064df94098ea7e84461eba85856,EVMI2CD,2022/12/12,330000,8
154,154,7e0d847c78df7e95d8e8779df7557fbc,655ee064df94098ea7e84461eba85856,EVMI2CD,2023/1/9,110000,9
155,155,7e0d847c78df7e95d8e8779df7557fbc,6fa7d2b41285672d8c7819b71db076e4,EVMI2CD,2022/1/10,45000,0
156,156,7e0d847c78df7e95d8e8779df7557fbc,6fa7d2b41285672d8c7819b71db076e4,EVMI2CD,2022/2/7,170000,1
157,157,7e0d847c78df7e95d8e8779df7557fbc,6fa7d2b41285672d8c7819b71db076e4,EVMI2CD,2022/3/7,285000,2
158,158,7e0d847c78df7e95d8e8779df7557fbc,6fa7d2b41285672d8c7819b71db076e4,EVMI2CD,2022/4/4,165000,3
159,159,7e0d847c78df7e95d8e8779df7557fbc,6fa7d2b41285672d8c7819b71db076e4,EVMI2CD,2022/5/2,240000,4
160,160,7e0d847c78df7e95d8e8779df7557fbc,6fa7d2b41285672d8c7819b71db076e4,EVMI2CD,2022/5/30,105000,5
161,161,7e0d847c78df7e95d8e8779df7557fbc,6fa7d2b41285672d8c7819b71db076e4,EVMI2CD,2022/6/27,115000,6
162,162,7e0d847c78df7e95d8e8779df7557fbc,6fa7d2b41285672d8c7819b71db076e4,EVMI2CD,2022/7/25,125000,7
163,163,7e0d847c78df7e95d8e8779df7557fbc,6fa7d2b41285672d8c7819b71db076e4,EVMI2CD,2022/8/22,170000,8
164,164,7e0d847c78df7e95d8e8779df7557fbc,6fa7d2b41285672d8c7819b71db076e4,EVMI2CD,2022/9/19,115000,9
165,165,7e0d847c78df7e95d8e8779df7557fbc,6fa7d2b41285672d8c7819b71db076e4,EVMI2CD,2022/10/17,45000,10
166,166,7e0d847c78df7e95d8e8779df7557fbc,979911c132eaa34966424a465a2637d8,EVMI2CD,2022/8/1,1000,0
167,167,7e0d847c78df7e95d8e8779df7557fbc,979911c132eaa34966424a465a2637d8,EVMI2CD,2022/8/29,33600,1
168,168,7e0d847c78df7e95d8e8779df7557fbc,979911c132eaa34966424a465a2637d8,EVMI2CD,2022/9/26,63560,2
169,169,7e0d847c78df7e95d8e8779df7557fbc,979911c132eaa34966424a465a2637d8,EVMI2CD,2022/10/24,215003,3
170,170,7e0d847c78df7e95d8e8779df7557fbc,979911c132eaa34966424a465a2637d8,EVMI2CD,2022/11/21,259492,4
171,171,7e0d847c78df7e95d8e8779df7557fbc,979911c132eaa34966424a465a2637d8,EVMI2CD,2022/12/19,85500,5
172,172,7e0d847c78df7e95d8e8779df7557fbc,979911c132eaa34966424a465a2637d8,EVMI2CD,2023/1/16,65458,6
173,173,7e0d847c78df7e95d8e8779df7557fbc,af23936a98c1ed67c7b6e6f39747f052,EVMI2CD,2022/4/18,80000,0
174,174,7e0d847c78df7e95d8e8779df7557fbc,af23936a98c1ed67c7b6e6f39747f052,EVMI2CD,2022/5/16,0,1
175,175,7e0d847c78df7e95d8e8779df7557fbc,af23936a98c1ed67c7b6e6f39747f052,EVMI2CD,2022/6/13,0,2
176,176,7e0d847c78df7e95d8e8779df7557fbc,af23936a98c1ed67c7b6e6f39747f052,EVMI2CD,2022/7/11,400000,3
177,177,7e0d847c78df7e95d8e8779df7557fbc,af23936a98c1ed67c7b6e6f39747f052,EVMI2CD,2022/8/8,20000,4
178,178,7e0d847c78df7e95d8e8779df7557fbc,af23936a98c1ed67c7b6e6f39747f052,EVMI2CD,2022/9/5,240000,5
179,179,7e0d847c78df7e95d8e8779df7557fbc,af23936a98c1ed67c7b6e6f39747f052,EVMI2CD,2022/10/3,460000,6
180,180,7e0d847c78df7e95d8e8779df7557fbc,af23936a98c1ed67c7b6e6f39747f052,EVMI2CD,2022/10/31,760000,7
181,181,7e0d847c78df7e95d8e8779df7557fbc,af23936a98c1ed67c7b6e6f39747f052,EVMI2CD,2022/11/28,800000,8
182,182,7e0d847c78df7e95d8e8779df7557fbc,af23936a98c1ed67c7b6e6f39747f052,EVMI2CD,2022/12/26,360000,9
183,183,7e0d847c78df7e95d8e8779df7557fbc,af23936a98c1ed67c7b6e6f39747f052,EVMI2CD,2023/1/23,60000,10
184,184,7e0d847c78df7e95d8e8779df7557fbc,fc1dee4d3f1568bc0a080505b4857dff,EVMI2CD,2022/1/10,10816,0
185,185,7e0d847c78df7e95d8e8779df7557fbc,fc1dee4d3f1568bc0a080505b4857dff,EVMI2CD,2022/2/7,33726,1
186,186,7e0d847c78df7e95d8e8779df7557fbc,fc1dee4d3f1568bc0a080505b4857dff,EVMI2CD,2022/3/7,42530,2
187,187,7e0d847c78df7e95d8e8779df7557fbc,fc1dee4d3f1568bc0a080505b4857dff,EVMI2CD,2022/4/4,40986,3
188,188,7e0d847c78df7e95d8e8779df7557fbc,fc1dee4d3f1568bc0a080505b4857dff,EVMI2CD,2022/5/2,22902,4
189,189,7e0d847c78df7e95d8e8779df7557fbc,fc1dee4d3f1568bc0a080505b4857dff,EVMI2CD,2022/5/30,25133,5
190,190,7e0d847c78df7e95d8e8779df7557fbc,fc1dee4d3f1568bc0a080505b4857dff,EVMI2CD,2022/6/27,9068,6
191,191,7e0d847c78df7e95d8e8779df7557fbc,fc1dee4d3f1568bc0a080505b4857dff,EVMI2CD,2022/7/25,18035,7
192,192,7e0d847c78df7e95d8e8779df7557fbc,fc1dee4d3f1568bc0a080505b4857dff,EVMI2CD,2022/8/22,8627,8
193,193,7e0d847c78df7e95d8e8779df7557fbc,fc1dee4d3f1568bc0a080505b4857dff,EVMI2CD,2022/9/19,20331,9
194,194,7e0d847c78df7e95d8e8779df7557fbc,fc1dee4d3f1568bc0a080505b4857dff,EVMI2CD,2022/10/17,16583,10
195,195,7e0d847c78df7e95d8e8779df7557fbc,fc1dee4d3f1568bc0a080505b4857dff,EVMI2CD,2022/11/14,7648,11
196,196,7e0d847c78df7e95d8e8779df7557fbc,fc1dee4d3f1568bc0a080505b4857dff,EVMI2CD,2022/12/12,7701,12
197,197,7e0d847c78df7e95d8e8779df7557fbc,fc1dee4d3f1568bc0a080505b4857dff,EVMI2CD,2023/1/9,2287,13
198,198,7e0d847c78df7e95d8e8779df7557fbc,fde5034231ffc658680eaf6e2586e9b0,EVMI2CD,2022/1/10,5000,0
199,199,7e0d847c78df7e95d8e8779df7557fbc,fde5034231ffc658680eaf6e2586e9b0,EVMI2CD,2022/2/7,35000,1
200,200,7e0d847c78df7e95d8e8779df7557fbc,fde5034231ffc658680eaf6e2586e9b0,EVMI2CD,2022/3/7,69000,2
201,201,7e0d847c78df7e95d8e8779df7557fbc,fde5034231ffc658680eaf6e2586e9b0,EVMI2CD,2022/4/4,50000,3
202,202,7e0d847c78df7e95d8e8779df7557fbc,fde5034231ffc658680eaf6e2586e9b0,EVMI2CD,2022/5/2,27000,4
203,203,7e0d847c78df7e95d8e8779df7557fbc,fde5034231ffc658680eaf6e2586e9b0,EVMI2CD,2022/5/30,0,5
204,204,7e0d847c78df7e95d8e8779df7557fbc,fde5034231ffc658680eaf6e2586e9b0,EVMI2CD,2022/6/27,84522,6
205,205,7e0d847c78df7e95d8e8779df7557fbc,fde5034231ffc658680eaf6e2586e9b0,EVMI2CD,2022/7/25,160000,7
206,206,7e0d847c78df7e95d8e8779df7557fbc,fde5034231ffc658680eaf6e2586e9b0,EVMI2CD,2022/8/22,25000,8
207,207,7e0d847c78df7e95d8e8779df7557fbc,fde5034231ffc658680eaf6e2586e9b0,EVMI2CD,2022/9/19,85000,9
208,208,7e0d847c78df7e95d8e8779df7557fbc,fde5034231ffc658680eaf6e2586e9b0,EVMI2CD,2022/10/17,47500,10
209,209,7e0d847c78df7e95d8e8779df7557fbc,fde5034231ffc658680eaf6e2586e9b0,EVMI2CD,2022/11/14,37500,11
210,210,7e0d847c78df7e95d8e8779df7557fbc,fde5034231ffc658680eaf6e2586e9b0,EVMI2CD,2022/12/12,42500,12
211,211,7e0d847c78df7e95d8e8779df7557fbc,fde5034231ffc658680eaf6e2586e9b0,EVMI2CD,2023/1/9,32000,13
212,212,b44d54cbf91dca39e00e2037dcc8a5c6,0f87a196a6c0ac2eec7b9255afe9fe25,EVMI2ZZ,2022/6/27,10400,0
213,213,b44d54cbf91dca39e00e2037dcc8a5c6,0f87a196a6c0ac2eec7b9255afe9fe25,EVMI2ZZ,2022/7/25,225000,1
214,214,b44d54cbf91dca39e00e2037dcc8a5c6,0f87a196a6c0ac2eec7b9255afe9fe25,EVMI2ZZ,2022/8/22,500800,2
215,215,b44d54cbf91dca39e00e2037dcc8a5c6,0f87a196a6c0ac2eec7b9255afe9fe25,EVMI2ZZ,2022/9/19,2152800,3
216,216,b44d54cbf91dca39e00e2037dcc8a5c6,0f87a196a6c0ac2eec7b9255afe9fe25,EVMI2ZZ,2022/10/17,3888000,4
217,217,b44d54cbf91dca39e00e2037dcc8a5c6,0f87a196a6c0ac2eec7b9255afe9fe25,EVMI2ZZ,2022/11/14,1572400,5
218,218,b44d54cbf91dca39e00e2037dcc8a5c6,0f87a196a6c0ac2eec7b9255afe9fe25,EVMI2ZZ,2022/12/12,999200,6
219,219,b44d54cbf91dca39e00e2037dcc8a5c6,0f87a196a6c0ac2eec7b9255afe9fe25,EVMI2ZZ,2023/1/9,2390838,7
220,220,b44d54cbf91dca39e00e2037dcc8a5c6,10c89e9c6b04170e0aeaa1e19efb5b45,EVMI2ZZ,2022/6/27,12000,0
221,221,b44d54cbf91dca39e00e2037dcc8a5c6,10c89e9c6b04170e0aeaa1e19efb5b45,EVMI2ZZ,2022/7/25,394720,1
222,222,b44d54cbf91dca39e00e2037dcc8a5c6,10c89e9c6b04170e0aeaa1e19efb5b45,EVMI2ZZ,2022/8/22,958000,2
223,223,b44d54cbf91dca39e00e2037dcc8a5c6,10c89e9c6b04170e0aeaa1e19efb5b45,EVMI2ZZ,2022/9/19,3284000,3
224,224,b44d54cbf91dca39e00e2037dcc8a5c6,10c89e9c6b04170e0aeaa1e19efb5b45,EVMI2ZZ,2022/10/17,7423000,4
225,225,b44d54cbf91dca39e00e2037dcc8a5c6,10c89e9c6b04170e0aeaa1e19efb5b45,EVMI2ZZ,2022/11/14,2717000,5
226,226,b44d54cbf91dca39e00e2037dcc8a5c6,10c89e9c6b04170e0aeaa1e19efb5b45,EVMI2ZZ,2022/12/12,2604000,6
227,227,b44d54cbf91dca39e00e2037dcc8a5c6,10c89e9c6b04170e0aeaa1e19efb5b45,EVMI2ZZ,2023/1/9,5736000,7
228,228,b44d54cbf91dca39e00e2037dcc8a5c6,1c6f70985e2e640ff0d4121a607827de,EVMI2ZZ,2022/1/10,500000,0
229,229,b44d54cbf91dca39e00e2037dcc8a5c6,1c6f70985e2e640ff0d4121a607827de,EVMI2ZZ,2022/2/7,1400000,1
230,230,b44d54cbf91dca39e00e2037dcc8a5c6,1c6f70985e2e640ff0d4121a607827de,EVMI2ZZ,2022/3/7,2800000,2
231,231,b44d54cbf91dca39e00e2037dcc8a5c6,1c6f70985e2e640ff0d4121a607827de,EVMI2ZZ,2022/4/4,1300000,3
232,232,b44d54cbf91dca39e00e2037dcc8a5c6,1c6f70985e2e640ff0d4121a607827de,EVMI2ZZ,2022/5/2,520000,4
233,233,b44d54cbf91dca39e00e2037dcc8a5c6,1c6f70985e2e640ff0d4121a607827de,EVMI2ZZ,2022/5/30,1260000,5
234,234,b44d54cbf91dca39e00e2037dcc8a5c6,1c6f70985e2e640ff0d4121a607827de,EVMI2ZZ,2022/6/27,600000,6
235,235,b44d54cbf91dca39e00e2037dcc8a5c6,1c6f70985e2e640ff0d4121a607827de,EVMI2ZZ,2022/7/25,960000,7
236,236,b44d54cbf91dca39e00e2037dcc8a5c6,1c6f70985e2e640ff0d4121a607827de,EVMI2ZZ,2022/8/22,366000,8
237,237,b44d54cbf91dca39e00e2037dcc8a5c6,33334a8f91deb5664ae8708fc50be339,EVMI2ZZ,2022/7/25,2360,0
238,238,b44d54cbf91dca39e00e2037dcc8a5c6,33334a8f91deb5664ae8708fc50be339,EVMI2ZZ,2022/8/22,900828,1
239,239,b44d54cbf91dca39e00e2037dcc8a5c6,33334a8f91deb5664ae8708fc50be339,EVMI2ZZ,2022/9/19,734330,2
240,240,b44d54cbf91dca39e00e2037dcc8a5c6,33334a8f91deb5664ae8708fc50be339,EVMI2ZZ,2022/10/17,378130,3
241,241,b44d54cbf91dca39e00e2037dcc8a5c6,33334a8f91deb5664ae8708fc50be339,EVMI2ZZ,2022/11/14,655877,4
242,242,b44d54cbf91dca39e00e2037dcc8a5c6,33334a8f91deb5664ae8708fc50be339,EVMI2ZZ,2022/12/12,162987,5
243,243,b44d54cbf91dca39e00e2037dcc8a5c6,33334a8f91deb5664ae8708fc50be339,EVMI2ZZ,2023/1/9,62577,6
244,244,b44d54cbf91dca39e00e2037dcc8a5c6,33a2e7500e047e14a133116d702373fb,EVMI2ZZ,2022/1/10,7875,0
245,245,b44d54cbf91dca39e00e2037dcc8a5c6,33a2e7500e047e14a133116d702373fb,EVMI2ZZ,2022/2/7,33957,1
246,246,b44d54cbf91dca39e00e2037dcc8a5c6,33a2e7500e047e14a133116d702373fb,EVMI2ZZ,2022/3/7,8630,2
247,247,b44d54cbf91dca39e00e2037dcc8a5c6,33a2e7500e047e14a133116d702373fb,EVMI2ZZ,2022/4/4,3470,3
248,248,b44d54cbf91dca39e00e2037dcc8a5c6,33a2e7500e047e14a133116d702373fb,EVMI2ZZ,2022/5/2,28909,4
249,249,b44d54cbf91dca39e00e2037dcc8a5c6,33a2e7500e047e14a133116d702373fb,EVMI2ZZ,2022/5/30,39730,5
250,250,b44d54cbf91dca39e00e2037dcc8a5c6,33a2e7500e047e14a133116d702373fb,EVMI2ZZ,2022/6/27,30335,6
251,251,b44d54cbf91dca39e00e2037dcc8a5c6,33a2e7500e047e14a133116d702373fb,EVMI2ZZ,2022/7/25,26012,7
252,252,b44d54cbf91dca39e00e2037dcc8a5c6,33a2e7500e047e14a133116d702373fb,EVMI2ZZ,2022/8/22,45446,8
253,253,b44d54cbf91dca39e00e2037dcc8a5c6,33a2e7500e047e14a133116d702373fb,EVMI2ZZ,2022/9/19,39111,9
254,254,b44d54cbf91dca39e00e2037dcc8a5c6,33a2e7500e047e14a133116d702373fb,EVMI2ZZ,2022/10/17,2413,10
255,255,b44d54cbf91dca39e00e2037dcc8a5c6,33a2e7500e047e14a133116d702373fb,EVMI2ZZ,2022/11/14,39514,11
256,256,b44d54cbf91dca39e00e2037dcc8a5c6,3f9025b2e9710ff0db9f1aef1c15d9b1,EVMI2ZZ,2022/7/18,6365,0
257,257,b44d54cbf91dca39e00e2037dcc8a5c6,3f9025b2e9710ff0db9f1aef1c15d9b1,EVMI2ZZ,2022/8/15,403978,1
258,258,b44d54cbf91dca39e00e2037dcc8a5c6,3f9025b2e9710ff0db9f1aef1c15d9b1,EVMI2ZZ,2022/9/12,1443200,2
259,259,b44d54cbf91dca39e00e2037dcc8a5c6,3f9025b2e9710ff0db9f1aef1c15d9b1,EVMI2ZZ,2022/10/10,1723200,3
260,260,b44d54cbf91dca39e00e2037dcc8a5c6,3f9025b2e9710ff0db9f1aef1c15d9b1,EVMI2ZZ,2022/11/7,985600,4
261,261,b44d54cbf91dca39e00e2037dcc8a5c6,3f9025b2e9710ff0db9f1aef1c15d9b1,EVMI2ZZ,2022/12/5,1098000,5
262,262,b44d54cbf91dca39e00e2037dcc8a5c6,3f9025b2e9710ff0db9f1aef1c15d9b1,EVMI2ZZ,2023/1/2,1942400,6
263,263,b44d54cbf91dca39e00e2037dcc8a5c6,3f9cbb1c9cb67b8b326c6d18d3cab7e5,EVMI2ZZ,2022/6/27,5200,0
264,264,b44d54cbf91dca39e00e2037dcc8a5c6,3f9cbb1c9cb67b8b326c6d18d3cab7e5,EVMI2ZZ,2022/7/25,294000,1
265,265,b44d54cbf91dca39e00e2037dcc8a5c6,3f9cbb1c9cb67b8b326c6d18d3cab7e5,EVMI2ZZ,2022/8/22,1269400,2
266,266,b44d54cbf91dca39e00e2037dcc8a5c6,3f9cbb1c9cb67b8b326c6d18d3cab7e5,EVMI2ZZ,2022/9/19,4319200,3
267,267,b44d54cbf91dca39e00e2037dcc8a5c6,3f9cbb1c9cb67b8b326c6d18d3cab7e5,EVMI2ZZ,2022/10/17,3453081,4
268,268,b44d54cbf91dca39e00e2037dcc8a5c6,3f9cbb1c9cb67b8b326c6d18d3cab7e5,EVMI2ZZ,2022/11/14,1024800,5
269,269,b44d54cbf91dca39e00e2037dcc8a5c6,3f9cbb1c9cb67b8b326c6d18d3cab7e5,EVMI2ZZ,2022/12/12,741200,6
270,270,b44d54cbf91dca39e00e2037dcc8a5c6,3f9cbb1c9cb67b8b326c6d18d3cab7e5,EVMI2ZZ,2023/1/9,2841800,7
271,271,b44d54cbf91dca39e00e2037dcc8a5c6,3ff94d59e675985ec342493a1e219b19,EVMI2ZZ,2022/1/10,10853,0
272,272,b44d54cbf91dca39e00e2037dcc8a5c6,3ff94d59e675985ec342493a1e219b19,EVMI2ZZ,2022/2/7,34335,1
273,273,b44d54cbf91dca39e00e2037dcc8a5c6,3ff94d59e675985ec342493a1e219b19,EVMI2ZZ,2022/3/7,60362,2
274,274,b44d54cbf91dca39e00e2037dcc8a5c6,3ff94d59e675985ec342493a1e219b19,EVMI2ZZ,2022/4/4,43560,3
275,275,b44d54cbf91dca39e00e2037dcc8a5c6,3ff94d59e675985ec342493a1e219b19,EVMI2ZZ,2022/5/2,20394,4
276,276,b44d54cbf91dca39e00e2037dcc8a5c6,3ff94d59e675985ec342493a1e219b19,EVMI2ZZ,2022/5/30,31924,5
277,277,b44d54cbf91dca39e00e2037dcc8a5c6,3ff94d59e675985ec342493a1e219b19,EVMI2ZZ,2022/6/27,16360,6
278,278,b44d54cbf91dca39e00e2037dcc8a5c6,3ff94d59e675985ec342493a1e219b19,EVMI2ZZ,2022/7/25,21898,7
279,279,b44d54cbf91dca39e00e2037dcc8a5c6,3ff94d59e675985ec342493a1e219b19,EVMI2ZZ,2022/8/22,23530,8
280,280,b44d54cbf91dca39e00e2037dcc8a5c6,42928da149e5daa598bef7c1a44e3eb6,EVMI2ZZ,2022/1/3,720000,0
281,281,b44d54cbf91dca39e00e2037dcc8a5c6,42928da149e5daa598bef7c1a44e3eb6,EVMI2ZZ,2022/1/31,700000,1
282,282,b44d54cbf91dca39e00e2037dcc8a5c6,42928da149e5daa598bef7c1a44e3eb6,EVMI2ZZ,2022/2/28,800000,2
283,283,b44d54cbf91dca39e00e2037dcc8a5c6,42928da149e5daa598bef7c1a44e3eb6,EVMI2ZZ,2022/3/28,600000,3
284,284,b44d54cbf91dca39e00e2037dcc8a5c6,42928da149e5daa598bef7c1a44e3eb6,EVMI2ZZ,2022/4/25,1700000,4
285,285,b44d54cbf91dca39e00e2037dcc8a5c6,42928da149e5daa598bef7c1a44e3eb6,EVMI2ZZ,2022/5/23,2302500,5
286,286,b44d54cbf91dca39e00e2037dcc8a5c6,42928da149e5daa598bef7c1a44e3eb6,EVMI2ZZ,2022/6/20,1300150,6
287,287,b44d54cbf91dca39e00e2037dcc8a5c6,42928da149e5daa598bef7c1a44e3eb6,EVMI2ZZ,2022/7/18,500000,7
288,288,b44d54cbf91dca39e00e2037dcc8a5c6,42928da149e5daa598bef7c1a44e3eb6,EVMI2ZZ,2022/8/15,310000,8
289,289,b44d54cbf91dca39e00e2037dcc8a5c6,42928da149e5daa598bef7c1a44e3eb6,EVMI2ZZ,2022/9/12,1100000,9
290,290,b44d54cbf91dca39e00e2037dcc8a5c6,42928da149e5daa598bef7c1a44e3eb6,EVMI2ZZ,2022/10/10,1304000,10
291,291,b44d54cbf91dca39e00e2037dcc8a5c6,42928da149e5daa598bef7c1a44e3eb6,EVMI2ZZ,2022/11/7,600000,11
292,292,b44d54cbf91dca39e00e2037dcc8a5c6,42928da149e5daa598bef7c1a44e3eb6,EVMI2ZZ,2022/12/5,726000,12
293,293,b44d54cbf91dca39e00e2037dcc8a5c6,42928da149e5daa598bef7c1a44e3eb6,EVMI2ZZ,2023/1/2,70000,13
294,294,b44d54cbf91dca39e00e2037dcc8a5c6,4a2a52c4f2a0828ae302c0f25af1eadf,EVMI2ZZ,2022/6/27,5000,0
295,295,b44d54cbf91dca39e00e2037dcc8a5c6,4a2a52c4f2a0828ae302c0f25af1eadf,EVMI2ZZ,2022/7/25,95000,1
296,296,b44d54cbf91dca39e00e2037dcc8a5c6,4a2a52c4f2a0828ae302c0f25af1eadf,EVMI2ZZ,2022/8/22,225000,2
297,297,b44d54cbf91dca39e00e2037dcc8a5c6,4a2a52c4f2a0828ae302c0f25af1eadf,EVMI2ZZ,2022/9/19,1366000,3
298,298,b44d54cbf91dca39e00e2037dcc8a5c6,4a2a52c4f2a0828ae302c0f25af1eadf,EVMI2ZZ,2022/10/17,2486416,4
299,299,b44d54cbf91dca39e00e2037dcc8a5c6,4a2a52c4f2a0828ae302c0f25af1eadf,EVMI2ZZ,2022/11/14,980000,5
300,300,b44d54cbf91dca39e00e2037dcc8a5c6,4a2a52c4f2a0828ae302c0f25af1eadf,EVMI2ZZ,2022/12/12,630000,6
301,301,b44d54cbf91dca39e00e2037dcc8a5c6,4a2a52c4f2a0828ae302c0f25af1eadf,EVMI2ZZ,2023/1/9,1900000,7
302,302,b44d54cbf91dca39e00e2037dcc8a5c6,4b0ea7ac7d55720a2f4d768ff171d58d,EVMI2ZZ,2022/6/27,5000,0
303,303,b44d54cbf91dca39e00e2037dcc8a5c6,4b0ea7ac7d55720a2f4d768ff171d58d,EVMI2ZZ,2022/7/25,216320,1
304,304,b44d54cbf91dca39e00e2037dcc8a5c6,4b0ea7ac7d55720a2f4d768ff171d58d,EVMI2ZZ,2022/8/22,540540,2
305,305,b44d54cbf91dca39e00e2037dcc8a5c6,4b0ea7ac7d55720a2f4d768ff171d58d,EVMI2ZZ,2022/9/19,2411640,3
306,306,b44d54cbf91dca39e00e2037dcc8a5c6,4b0ea7ac7d55720a2f4d768ff171d58d,EVMI2ZZ,2022/10/17,3284820,4
307,307,b44d54cbf91dca39e00e2037dcc8a5c6,4b0ea7ac7d55720a2f4d768ff171d58d,EVMI2ZZ,2022/11/14,1372140,5
308,308,b44d54cbf91dca39e00e2037dcc8a5c6,4b0ea7ac7d55720a2f4d768ff171d58d,EVMI2ZZ,2022/12/12,1050000,6
309,309,b44d54cbf91dca39e00e2037dcc8a5c6,4b0ea7ac7d55720a2f4d768ff171d58d,EVMI2ZZ,2023/1/9,2162680,7
310,310,b44d54cbf91dca39e00e2037dcc8a5c6,56c9014e9b41f5cf4663685f219a2089,EVMI2ZZ,2022/6/27,2120,0
311,311,b44d54cbf91dca39e00e2037dcc8a5c6,56c9014e9b41f5cf4663685f219a2089,EVMI2ZZ,2022/7/25,131000,1
312,312,b44d54cbf91dca39e00e2037dcc8a5c6,56c9014e9b41f5cf4663685f219a2089,EVMI2ZZ,2022/8/22,717900,2
313,313,b44d54cbf91dca39e00e2037dcc8a5c6,56c9014e9b41f5cf4663685f219a2089,EVMI2ZZ,2022/9/19,2515000,3
314,314,b44d54cbf91dca39e00e2037dcc8a5c6,56c9014e9b41f5cf4663685f219a2089,EVMI2ZZ,2022/10/17,2025600,4
315,315,b44d54cbf91dca39e00e2037dcc8a5c6,56c9014e9b41f5cf4663685f219a2089,EVMI2ZZ,2022/11/14,429900,5
316,316,b44d54cbf91dca39e00e2037dcc8a5c6,56c9014e9b41f5cf4663685f219a2089,EVMI2ZZ,2022/12/12,30000,6
317,317,b44d54cbf91dca39e00e2037dcc8a5c6,56c9014e9b41f5cf4663685f219a2089,EVMI2ZZ,2023/1/9,160000,7
318,318,b44d54cbf91dca39e00e2037dcc8a5c6,5c13d148c07a7f194530922ae813905d,EVMI2ZZ,2022/6/27,6000,0
319,319,b44d54cbf91dca39e00e2037dcc8a5c6,5c13d148c07a7f194530922ae813905d,EVMI2ZZ,2022/7/25,172162,1
320,320,b44d54cbf91dca39e00e2037dcc8a5c6,5c13d148c07a7f194530922ae813905d,EVMI2ZZ,2022/8/22,1045800,2
321,321,b44d54cbf91dca39e00e2037dcc8a5c6,5c13d148c07a7f194530922ae813905d,EVMI2ZZ,2022/9/19,3541600,3
322,322,b44d54cbf91dca39e00e2037dcc8a5c6,5c13d148c07a7f194530922ae813905d,EVMI2ZZ,2022/10/17,2236400,4
323,323,b44d54cbf91dca39e00e2037dcc8a5c6,5c13d148c07a7f194530922ae813905d,EVMI2ZZ,2022/11/14,422000,5
324,324,b44d54cbf91dca39e00e2037dcc8a5c6,5c13d148c07a7f194530922ae813905d,EVMI2ZZ,2022/12/12,587600,6
325,325,b44d54cbf91dca39e00e2037dcc8a5c6,5c13d148c07a7f194530922ae813905d,EVMI2ZZ,2023/1/9,1980800,7
326,326,b44d54cbf91dca39e00e2037dcc8a5c6,6448a4d7658a92072b052abac7289448,EVMI2ZZ,2022/1/10,600000,0
327,327,b44d54cbf91dca39e00e2037dcc8a5c6,6448a4d7658a92072b052abac7289448,EVMI2ZZ,2022/2/7,1902000,1
328,328,b44d54cbf91dca39e00e2037dcc8a5c6,6448a4d7658a92072b052abac7289448,EVMI2ZZ,2022/3/7,1800000,2
329,329,b44d54cbf91dca39e00e2037dcc8a5c6,6448a4d7658a92072b052abac7289448,EVMI2ZZ,2022/4/4,1500000,3
330,330,b44d54cbf91dca39e00e2037dcc8a5c6,6448a4d7658a92072b052abac7289448,EVMI2ZZ,2022/5/2,440000,4
331,331,b44d54cbf91dca39e00e2037dcc8a5c6,6448a4d7658a92072b052abac7289448,EVMI2ZZ,2022/5/30,1880000,5
332,332,b44d54cbf91dca39e00e2037dcc8a5c6,6448a4d7658a92072b052abac7289448,EVMI2ZZ,2022/6/27,800000,6
333,333,b44d54cbf91dca39e00e2037dcc8a5c6,6448a4d7658a92072b052abac7289448,EVMI2ZZ,2022/7/25,1360000,7
334,334,b44d54cbf91dca39e00e2037dcc8a5c6,6448a4d7658a92072b052abac7289448,EVMI2ZZ,2022/8/22,400000,8
335,335,b44d54cbf91dca39e00e2037dcc8a5c6,6719489b1dc9f808e41ae2640f947421,EVMI2ZZ,2022/1/10,61600,0
336,336,b44d54cbf91dca39e00e2037dcc8a5c6,6719489b1dc9f808e41ae2640f947421,EVMI2ZZ,2022/2/7,528400,1
337,337,b44d54cbf91dca39e00e2037dcc8a5c6,6719489b1dc9f808e41ae2640f947421,EVMI2ZZ,2022/3/7,721600,2
338,338,b44d54cbf91dca39e00e2037dcc8a5c6,6719489b1dc9f808e41ae2640f947421,EVMI2ZZ,2022/4/4,422400,3
339,339,b44d54cbf91dca39e00e2037dcc8a5c6,6719489b1dc9f808e41ae2640f947421,EVMI2ZZ,2022/5/2,193600,4
340,340,b44d54cbf91dca39e00e2037dcc8a5c6,6719489b1dc9f808e41ae2640f947421,EVMI2ZZ,2022/5/30,272800,5
341,341,b44d54cbf91dca39e00e2037dcc8a5c6,6719489b1dc9f808e41ae2640f947421,EVMI2ZZ,2022/6/27,202400,6
342,342,b44d54cbf91dca39e00e2037dcc8a5c6,6719489b1dc9f808e41ae2640f947421,EVMI2ZZ,2022/7/25,184800,7
343,343,b44d54cbf91dca39e00e2037dcc8a5c6,6719489b1dc9f808e41ae2640f947421,EVMI2ZZ,2022/8/22,106000,8
344,344,b44d54cbf91dca39e00e2037dcc8a5c6,6c587ba8d61116973403fabac4ff4431,EVMI2HG,2022/1/3,8000,0
345,345,b44d54cbf91dca39e00e2037dcc8a5c6,6c587ba8d61116973403fabac4ff4431,EVMI2HG,2022/1/31,63638,1
346,346,b44d54cbf91dca39e00e2037dcc8a5c6,6c587ba8d61116973403fabac4ff4431,EVMI2HG,2022/2/28,270839,2
347,347,b44d54cbf91dca39e00e2037dcc8a5c6,6c587ba8d61116973403fabac4ff4431,EVMI2HG,2022/3/28,59710,3
348,348,b44d54cbf91dca39e00e2037dcc8a5c6,6c587ba8d61116973403fabac4ff4431,EVMI2HG,2022/4/25,36240,4
349,349,b44d54cbf91dca39e00e2037dcc8a5c6,6c587ba8d61116973403fabac4ff4431,EVMI2HG,2022/5/23,1054316,5
350,350,b44d54cbf91dca39e00e2037dcc8a5c6,6c587ba8d61116973403fabac4ff4431,EVMI2HG,2022/6/20,168633,6
351,351,b44d54cbf91dca39e00e2037dcc8a5c6,6c587ba8d61116973403fabac4ff4431,EVMI2HG,2022/7/18,64953,7
352,352,b44d54cbf91dca39e00e2037dcc8a5c6,6c587ba8d61116973403fabac4ff4431,EVMI2HG,2022/8/15,205762,8
353,353,b44d54cbf91dca39e00e2037dcc8a5c6,6c587ba8d61116973403fabac4ff4431,EVMI2HG,2022/9/12,18000,9
354,354,b44d54cbf91dca39e00e2037dcc8a5c6,6c587ba8d61116973403fabac4ff4431,EVMI2HG,2022/10/10,18000,10
355,355,b44d54cbf91dca39e00e2037dcc8a5c6,71e25d94ef997399918cf468c3a4ceea,EVMI2ZZ,2022/1/3,10320,0
356,356,b44d54cbf91dca39e00e2037dcc8a5c6,71e25d94ef997399918cf468c3a4ceea,EVMI2ZZ,2022/1/31,0,1
357,357,b44d54cbf91dca39e00e2037dcc8a5c6,71e25d94ef997399918cf468c3a4ceea,EVMI2ZZ,2022/2/28,0,2
358,358,b44d54cbf91dca39e00e2037dcc8a5c6,71e25d94ef997399918cf468c3a4ceea,EVMI2ZZ,2022/3/28,0,3
359,359,b44d54cbf91dca39e00e2037dcc8a5c6,71e25d94ef997399918cf468c3a4ceea,EVMI2ZZ,2022/4/25,0,4
360,360,b44d54cbf91dca39e00e2037dcc8a5c6,71e25d94ef997399918cf468c3a4ceea,EVMI2ZZ,2022/5/23,0,5
361,361,b44d54cbf91dca39e00e2037dcc8a5c6,71e25d94ef997399918cf468c3a4ceea,EVMI2ZZ,2022/6/20,0,6
362,362,b44d54cbf91dca39e00e2037dcc8a5c6,71e25d94ef997399918cf468c3a4ceea,EVMI2ZZ,2022/7/18,0,7
363,363,b44d54cbf91dca39e00e2037dcc8a5c6,71e25d94ef997399918cf468c3a4ceea,EVMI2ZZ,2022/8/15,120,8
364,364,b44d54cbf91dca39e00e2037dcc8a5c6,71e25d94ef997399918cf468c3a4ceea,EVMI2ZZ,2022/9/12,103680,9
365,365,b44d54cbf91dca39e00e2037dcc8a5c6,71e25d94ef997399918cf468c3a4ceea,EVMI2ZZ,2022/10/10,118800,10
366,366,b44d54cbf91dca39e00e2037dcc8a5c6,71e25d94ef997399918cf468c3a4ceea,EVMI2ZZ,2022/11/7,62280,11
367,367,b44d54cbf91dca39e00e2037dcc8a5c6,71e25d94ef997399918cf468c3a4ceea,EVMI2ZZ,2022/12/5,12480,12
368,368,b44d54cbf91dca39e00e2037dcc8a5c6,71e25d94ef997399918cf468c3a4ceea,EVMI2ZZ,2023/1/2,82320,13
369,369,b44d54cbf91dca39e00e2037dcc8a5c6,742f0fc01f9190e047c7620f5bb0e557,EVMI2ZZ,2022/1/24,30000,0
370,370,b44d54cbf91dca39e00e2037dcc8a5c6,742f0fc01f9190e047c7620f5bb0e557,EVMI2ZZ,2022/2/21,0,1
371,371,b44d54cbf91dca39e00e2037dcc8a5c6,742f0fc01f9190e047c7620f5bb0e557,EVMI2ZZ,2022/3/21,125000,2
372,372,b44d54cbf91dca39e00e2037dcc8a5c6,742f0fc01f9190e047c7620f5bb0e557,EVMI2ZZ,2022/4/18,164000,3
373,373,b44d54cbf91dca39e00e2037dcc8a5c6,742f0fc01f9190e047c7620f5bb0e557,EVMI2ZZ,2022/5/16,155000,4
374,374,b44d54cbf91dca39e00e2037dcc8a5c6,742f0fc01f9190e047c7620f5bb0e557,EVMI2ZZ,2022/6/13,85000,5
375,375,b44d54cbf91dca39e00e2037dcc8a5c6,742f0fc01f9190e047c7620f5bb0e557,EVMI2ZZ,2022/7/11,390000,6
376,376,b44d54cbf91dca39e00e2037dcc8a5c6,742f0fc01f9190e047c7620f5bb0e557,EVMI2ZZ,2022/8/8,660095,7
377,377,b44d54cbf91dca39e00e2037dcc8a5c6,742f0fc01f9190e047c7620f5bb0e557,EVMI2ZZ,2022/9/5,3330000,8
378,378,b44d54cbf91dca39e00e2037dcc8a5c6,742f0fc01f9190e047c7620f5bb0e557,EVMI2ZZ,2022/10/3,2280000,9
379,379,b44d54cbf91dca39e00e2037dcc8a5c6,742f0fc01f9190e047c7620f5bb0e557,EVMI2ZZ,2022/10/31,1670000,10
380,380,b44d54cbf91dca39e00e2037dcc8a5c6,742f0fc01f9190e047c7620f5bb0e557,EVMI2ZZ,2022/11/28,0,11
381,381,b44d54cbf91dca39e00e2037dcc8a5c6,742f0fc01f9190e047c7620f5bb0e557,EVMI2ZZ,2022/12/26,0,12
382,382,b44d54cbf91dca39e00e2037dcc8a5c6,742f0fc01f9190e047c7620f5bb0e557,EVMI2ZZ,2023/1/23,150000,13
383,383,b44d54cbf91dca39e00e2037dcc8a5c6,7a1fdf5f3df9774fc0f39a24d7982a46,EVMI2ZZ,2022/1/3,60,0
384,384,b44d54cbf91dca39e00e2037dcc8a5c6,7a1fdf5f3df9774fc0f39a24d7982a46,EVMI2ZZ,2022/1/31,23529,1
385,385,b44d54cbf91dca39e00e2037dcc8a5c6,7a1fdf5f3df9774fc0f39a24d7982a46,EVMI2ZZ,2022/2/28,71346,2
386,386,b44d54cbf91dca39e00e2037dcc8a5c6,7a1fdf5f3df9774fc0f39a24d7982a46,EVMI2ZZ,2022/3/28,36796,3
387,387,b44d54cbf91dca39e00e2037dcc8a5c6,7a1fdf5f3df9774fc0f39a24d7982a46,EVMI2ZZ,2022/4/25,11500,4
388,388,b44d54cbf91dca39e00e2037dcc8a5c6,7a1fdf5f3df9774fc0f39a24d7982a46,EVMI2ZZ,2022/5/23,34076,5
389,389,b44d54cbf91dca39e00e2037dcc8a5c6,7a1fdf5f3df9774fc0f39a24d7982a46,EVMI2ZZ,2022/6/20,16905,6
390,390,b44d54cbf91dca39e00e2037dcc8a5c6,7a1fdf5f3df9774fc0f39a24d7982a46,EVMI2ZZ,2022/7/18,5664,7
391,391,b44d54cbf91dca39e00e2037dcc8a5c6,7a1fdf5f3df9774fc0f39a24d7982a46,EVMI2ZZ,2022/8/15,56526,8
392,392,b44d54cbf91dca39e00e2037dcc8a5c6,7a1fdf5f3df9774fc0f39a24d7982a46,EVMI2ZZ,2022/9/12,22000,9
393,393,b44d54cbf91dca39e00e2037dcc8a5c6,7a1fdf5f3df9774fc0f39a24d7982a46,EVMI2ZZ,2022/10/10,0,10
394,394,b44d54cbf91dca39e00e2037dcc8a5c6,7a1fdf5f3df9774fc0f39a24d7982a46,EVMI2ZZ,2022/11/7,11500,11
395,395,b44d54cbf91dca39e00e2037dcc8a5c6,a383c726b652f373d98fab1d1f87af5c,EVMI2ZZ,2022/7/4,9900,0
396,396,b44d54cbf91dca39e00e2037dcc8a5c6,a383c726b652f373d98fab1d1f87af5c,EVMI2ZZ,2022/8/1,310124,1
397,397,b44d54cbf91dca39e00e2037dcc8a5c6,a383c726b652f373d98fab1d1f87af5c,EVMI2ZZ,2022/8/29,713400,2
398,398,b44d54cbf91dca39e00e2037dcc8a5c6,a383c726b652f373d98fab1d1f87af5c,EVMI2ZZ,2022/9/26,2721400,3
399,399,b44d54cbf91dca39e00e2037dcc8a5c6,a383c726b652f373d98fab1d1f87af5c,EVMI2ZZ,2022/10/24,1768500,4
400,400,b44d54cbf91dca39e00e2037dcc8a5c6,a383c726b652f373d98fab1d1f87af5c,EVMI2ZZ,2022/11/21,759010,5
401,401,b44d54cbf91dca39e00e2037dcc8a5c6,a383c726b652f373d98fab1d1f87af5c,EVMI2ZZ,2022/12/19,450265,6
402,402,b44d54cbf91dca39e00e2037dcc8a5c6,a383c726b652f373d98fab1d1f87af5c,EVMI2ZZ,2023/1/16,1385100,7
403,403,b44d54cbf91dca39e00e2037dcc8a5c6,aa8dd9a7d9afeade6ee8a35a84409524,EVMI2ZZ,2022/8/15,149600,0
404,404,b44d54cbf91dca39e00e2037dcc8a5c6,aa8dd9a7d9afeade6ee8a35a84409524,EVMI2ZZ,2022/9/12,1404800,1
405,405,b44d54cbf91dca39e00e2037dcc8a5c6,aa8dd9a7d9afeade6ee8a35a84409524,EVMI2ZZ,2022/10/10,1568400,2
406,406,b44d54cbf91dca39e00e2037dcc8a5c6,aa8dd9a7d9afeade6ee8a35a84409524,EVMI2ZZ,2022/11/7,599400,3
407,407,b44d54cbf91dca39e00e2037dcc8a5c6,aa8dd9a7d9afeade6ee8a35a84409524,EVMI2ZZ,2022/12/5,1403200,4
408,408,b44d54cbf91dca39e00e2037dcc8a5c6,aa8dd9a7d9afeade6ee8a35a84409524,EVMI2ZZ,2023/1/2,1165936,5
409,409,b44d54cbf91dca39e00e2037dcc8a5c6,ab92ba8c0d09985a961e52ef0945d713,EVMI2ZZ,2022/1/3,10560,0
410,410,b44d54cbf91dca39e00e2037dcc8a5c6,ab92ba8c0d09985a961e52ef0945d713,EVMI2ZZ,2022/1/31,87120,1
411,411,b44d54cbf91dca39e00e2037dcc8a5c6,ab92ba8c0d09985a961e52ef0945d713,EVMI2ZZ,2022/2/28,19555,2
412,412,b44d54cbf91dca39e00e2037dcc8a5c6,ab92ba8c0d09985a961e52ef0945d713,EVMI2ZZ,2022/3/28,3630,3
413,413,b44d54cbf91dca39e00e2037dcc8a5c6,ab92ba8c0d09985a961e52ef0945d713,EVMI2ZZ,2022/4/25,54119,4
414,414,b44d54cbf91dca39e00e2037dcc8a5c6,ab92ba8c0d09985a961e52ef0945d713,EVMI2ZZ,2022/5/23,102960,5
415,415,b44d54cbf91dca39e00e2037dcc8a5c6,ab92ba8c0d09985a961e52ef0945d713,EVMI2ZZ,2022/6/20,83921,6
416,416,b44d54cbf91dca39e00e2037dcc8a5c6,ab92ba8c0d09985a961e52ef0945d713,EVMI2ZZ,2022/7/18,21116,7
417,417,b44d54cbf91dca39e00e2037dcc8a5c6,ab92ba8c0d09985a961e52ef0945d713,EVMI2ZZ,2022/8/15,23760,8
418,418,b44d54cbf91dca39e00e2037dcc8a5c6,ab92ba8c0d09985a961e52ef0945d713,EVMI2ZZ,2022/9/12,40807,9
419,419,b44d54cbf91dca39e00e2037dcc8a5c6,ab92ba8c0d09985a961e52ef0945d713,EVMI2ZZ,2022/10/10,14183,10
420,420,b44d54cbf91dca39e00e2037dcc8a5c6,ab92ba8c0d09985a961e52ef0945d713,EVMI2ZZ,2022/11/7,19935,11
421,421,b44d54cbf91dca39e00e2037dcc8a5c6,ab92ba8c0d09985a961e52ef0945d713,EVMI2ZZ,2022/12/5,32777,12
422,422,b44d54cbf91dca39e00e2037dcc8a5c6,b33f6e8aa2737ff091fa24bc20797193,EVMI2ZZ,2022/7/18,14000,0
423,423,b44d54cbf91dca39e00e2037dcc8a5c6,b33f6e8aa2737ff091fa24bc20797193,EVMI2ZZ,2022/8/15,1402000,1
424,424,b44d54cbf91dca39e00e2037dcc8a5c6,b33f6e8aa2737ff091fa24bc20797193,EVMI2ZZ,2022/9/12,9900000,2
425,425,b44d54cbf91dca39e00e2037dcc8a5c6,b33f6e8aa2737ff091fa24bc20797193,EVMI2ZZ,2022/10/10,11500000,3
426,426,b44d54cbf91dca39e00e2037dcc8a5c6,b33f6e8aa2737ff091fa24bc20797193,EVMI2ZZ,2022/11/7,2700000,4
427,427,b44d54cbf91dca39e00e2037dcc8a5c6,b33f6e8aa2737ff091fa24bc20797193,EVMI2ZZ,2022/12/5,2100000,5
428,428,b44d54cbf91dca39e00e2037dcc8a5c6,b33f6e8aa2737ff091fa24bc20797193,EVMI2ZZ,2023/1/2,5900000,6
429,429,b44d54cbf91dca39e00e2037dcc8a5c6,b56c947320386bd31fb8f1d64a7b1e08,EVMI2ZZ,2022/7/11,36000,0
430,430,b44d54cbf91dca39e00e2037dcc8a5c6,b56c947320386bd31fb8f1d64a7b1e08,EVMI2ZZ,2022/8/8,868000,1
431,431,b44d54cbf91dca39e00e2037dcc8a5c6,b56c947320386bd31fb8f1d64a7b1e08,EVMI2ZZ,2022/9/5,1772000,2
432,432,b44d54cbf91dca39e00e2037dcc8a5c6,b56c947320386bd31fb8f1d64a7b1e08,EVMI2ZZ,2022/10/3,2546000,3
433,433,b44d54cbf91dca39e00e2037dcc8a5c6,b56c947320386bd31fb8f1d64a7b1e08,EVMI2ZZ,2022/10/31,3101080,4
434,434,b44d54cbf91dca39e00e2037dcc8a5c6,b56c947320386bd31fb8f1d64a7b1e08,EVMI2ZZ,2022/11/28,527000,5
435,435,b44d54cbf91dca39e00e2037dcc8a5c6,b56c947320386bd31fb8f1d64a7b1e08,EVMI2ZZ,2022/12/26,2146000,6
436,436,b44d54cbf91dca39e00e2037dcc8a5c6,b56c947320386bd31fb8f1d64a7b1e08,EVMI2ZZ,2023/1/23,936000,7
437,437,b44d54cbf91dca39e00e2037dcc8a5c6,ba767d7118b50dee1234c54057446351,EVMI2ZZ,2022/1/3,480000,0
438,438,b44d54cbf91dca39e00e2037dcc8a5c6,ba767d7118b50dee1234c54057446351,EVMI2ZZ,2022/1/31,3288000,1
439,439,b44d54cbf91dca39e00e2037dcc8a5c6,ba767d7118b50dee1234c54057446351,EVMI2ZZ,2022/2/28,2064000,2
440,440,b44d54cbf91dca39e00e2037dcc8a5c6,ba767d7118b50dee1234c54057446351,EVMI2ZZ,2022/3/28,1176000,3
441,441,b44d54cbf91dca39e00e2037dcc8a5c6,ba767d7118b50dee1234c54057446351,EVMI2ZZ,2022/4/25,1499514,4
442,442,b44d54cbf91dca39e00e2037dcc8a5c6,ba767d7118b50dee1234c54057446351,EVMI2ZZ,2022/5/23,2688000,5
443,443,b44d54cbf91dca39e00e2037dcc8a5c6,ba767d7118b50dee1234c54057446351,EVMI2ZZ,2022/6/20,1440000,6
444,444,b44d54cbf91dca39e00e2037dcc8a5c6,ba767d7118b50dee1234c54057446351,EVMI2ZZ,2022/7/18,936000,7
445,445,b44d54cbf91dca39e00e2037dcc8a5c6,ba767d7118b50dee1234c54057446351,EVMI2ZZ,2022/8/15,1194000,8
446,446,b44d54cbf91dca39e00e2037dcc8a5c6,ba767d7118b50dee1234c54057446351,EVMI2ZZ,2022/9/12,864000,9
447,447,b44d54cbf91dca39e00e2037dcc8a5c6,ba767d7118b50dee1234c54057446351,EVMI2ZZ,2022/10/10,732000,10
448,448,b44d54cbf91dca39e00e2037dcc8a5c6,ba767d7118b50dee1234c54057446351,EVMI2ZZ,2022/11/7,447253,11
449,449,b44d54cbf91dca39e00e2037dcc8a5c6,ba767d7118b50dee1234c54057446351,EVMI2ZZ,2022/12/5,0,12
450,450,b44d54cbf91dca39e00e2037dcc8a5c6,ba767d7118b50dee1234c54057446351,EVMI2ZZ,2023/1/2,384000,13
451,451,b44d54cbf91dca39e00e2037dcc8a5c6,c66a06e8e7ee454960b3f03d02dbceaf,EVMI2ZZ,2022/2/21,49000,0
452,452,b44d54cbf91dca39e00e2037dcc8a5c6,c66a06e8e7ee454960b3f03d02dbceaf,EVMI2ZZ,2022/3/21,533683,1
453,453,b44d54cbf91dca39e00e2037dcc8a5c6,c66a06e8e7ee454960b3f03d02dbceaf,EVMI2ZZ,2022/4/18,346270,2
454,454,b44d54cbf91dca39e00e2037dcc8a5c6,c66a06e8e7ee454960b3f03d02dbceaf,EVMI2ZZ,2022/5/16,11220,3
455,455,b44d54cbf91dca39e00e2037dcc8a5c6,c66a06e8e7ee454960b3f03d02dbceaf,EVMI2ZZ,2022/6/13,10137,4
456,456,b44d54cbf91dca39e00e2037dcc8a5c6,c66a06e8e7ee454960b3f03d02dbceaf,EVMI2ZZ,2022/7/11,357,5
457,457,b44d54cbf91dca39e00e2037dcc8a5c6,c66a06e8e7ee454960b3f03d02dbceaf,EVMI2ZZ,2022/8/8,309684,6
458,458,b44d54cbf91dca39e00e2037dcc8a5c6,c66a06e8e7ee454960b3f03d02dbceaf,EVMI2ZZ,2022/9/5,21131,7
459,459,b44d54cbf91dca39e00e2037dcc8a5c6,c66a06e8e7ee454960b3f03d02dbceaf,EVMI2ZZ,2022/10/3,19686,8
460,460,b44d54cbf91dca39e00e2037dcc8a5c6,c66a06e8e7ee454960b3f03d02dbceaf,EVMI2ZZ,2022/10/31,4751,9
461,461,b44d54cbf91dca39e00e2037dcc8a5c6,cce8083d6a95c1ab61b025ac54d5b8c9,EVMI2ZZ,2022/1/3,11248,0
462,462,b44d54cbf91dca39e00e2037dcc8a5c6,cce8083d6a95c1ab61b025ac54d5b8c9,EVMI2ZZ,2022/1/31,303282,1
463,463,b44d54cbf91dca39e00e2037dcc8a5c6,cce8083d6a95c1ab61b025ac54d5b8c9,EVMI2ZZ,2022/2/28,202434,2
464,464,b44d54cbf91dca39e00e2037dcc8a5c6,cce8083d6a95c1ab61b025ac54d5b8c9,EVMI2ZZ,2022/3/28,157472,3
465,465,b44d54cbf91dca39e00e2037dcc8a5c6,cce8083d6a95c1ab61b025ac54d5b8c9,EVMI2ZZ,2022/4/25,146160,4
466,466,b44d54cbf91dca39e00e2037dcc8a5c6,cce8083d6a95c1ab61b025ac54d5b8c9,EVMI2ZZ,2022/5/23,67488,5
467,467,b44d54cbf91dca39e00e2037dcc8a5c6,cce8083d6a95c1ab61b025ac54d5b8c9,EVMI2ZZ,2022/6/20,134973,6
468,468,b44d54cbf91dca39e00e2037dcc8a5c6,cce8083d6a95c1ab61b025ac54d5b8c9,EVMI2ZZ,2022/7/18,22496,7
469,469,b44d54cbf91dca39e00e2037dcc8a5c6,cce8083d6a95c1ab61b025ac54d5b8c9,EVMI2ZZ,2022/8/15,44992,8
470,470,b44d54cbf91dca39e00e2037dcc8a5c6,cce8083d6a95c1ab61b025ac54d5b8c9,EVMI2ZZ,2022/9/12,0,9
471,471,b44d54cbf91dca39e00e2037dcc8a5c6,cce8083d6a95c1ab61b025ac54d5b8c9,EVMI2ZZ,2022/10/10,6592,10
472,472,b44d54cbf91dca39e00e2037dcc8a5c6,cce8083d6a95c1ab61b025ac54d5b8c9,EVMI2ZZ,2022/11/7,0,11
473,473,b44d54cbf91dca39e00e2037dcc8a5c6,cce8083d6a95c1ab61b025ac54d5b8c9,EVMI2ZZ,2022/12/5,130386,12
474,474,b44d54cbf91dca39e00e2037dcc8a5c6,d4b815aa02beb8504caae36332768537,EVMI2ZZ,2022/1/17,5000,0
475,475,b44d54cbf91dca39e00e2037dcc8a5c6,d4b815aa02beb8504caae36332768537,EVMI2ZZ,2022/2/14,132000,1
476,476,b44d54cbf91dca39e00e2037dcc8a5c6,d4b815aa02beb8504caae36332768537,EVMI2ZZ,2022/3/14,814000,2
477,477,b44d54cbf91dca39e00e2037dcc8a5c6,d4b815aa02beb8504caae36332768537,EVMI2ZZ,2022/4/11,415200,3
478,478,b44d54cbf91dca39e00e2037dcc8a5c6,d4b815aa02beb8504caae36332768537,EVMI2ZZ,2022/5/9,114000,4
479,479,b44d54cbf91dca39e00e2037dcc8a5c6,d4b815aa02beb8504caae36332768537,EVMI2ZZ,2022/6/6,0,5
480,480,b44d54cbf91dca39e00e2037dcc8a5c6,d4b815aa02beb8504caae36332768537,EVMI2ZZ,2022/7/4,72000,6
481,481,b44d54cbf91dca39e00e2037dcc8a5c6,d4b815aa02beb8504caae36332768537,EVMI2ZZ,2022/8/1,183600,7
482,482,b44d54cbf91dca39e00e2037dcc8a5c6,d4b815aa02beb8504caae36332768537,EVMI2ZZ,2022/8/29,144000,8
483,483,b44d54cbf91dca39e00e2037dcc8a5c6,d4b815aa02beb8504caae36332768537,EVMI2ZZ,2022/9/26,116186,9
484,484,b44d54cbf91dca39e00e2037dcc8a5c6,d4b815aa02beb8504caae36332768537,EVMI2ZZ,2022/10/24,40800,10
485,485,b44d54cbf91dca39e00e2037dcc8a5c6,decc65424b5a4c72e05c76531dbfa50f,EVMI2ZZ,2022/1/3,4060,0
486,486,b44d54cbf91dca39e00e2037dcc8a5c6,decc65424b5a4c72e05c76531dbfa50f,EVMI2ZZ,2022/1/31,809033,1
487,487,b44d54cbf91dca39e00e2037dcc8a5c6,decc65424b5a4c72e05c76531dbfa50f,EVMI2ZZ,2022/2/28,2247186,2
488,488,b44d54cbf91dca39e00e2037dcc8a5c6,decc65424b5a4c72e05c76531dbfa50f,EVMI2ZZ,2022/3/28,1297029,3
489,489,b44d54cbf91dca39e00e2037dcc8a5c6,decc65424b5a4c72e05c76531dbfa50f,EVMI2ZZ,2022/4/25,1044738,4
490,490,b44d54cbf91dca39e00e2037dcc8a5c6,decc65424b5a4c72e05c76531dbfa50f,EVMI2ZZ,2022/5/23,70305,5
491,491,b44d54cbf91dca39e00e2037dcc8a5c6,decc65424b5a4c72e05c76531dbfa50f,EVMI2ZZ,2022/6/20,10836,6
492,492,b44d54cbf91dca39e00e2037dcc8a5c6,decc65424b5a4c72e05c76531dbfa50f,EVMI2ZZ,2022/7/18,36006,7
493,493,b44d54cbf91dca39e00e2037dcc8a5c6,decc65424b5a4c72e05c76531dbfa50f,EVMI2ZZ,2022/8/15,1,8
494,494,b44d54cbf91dca39e00e2037dcc8a5c6,decc65424b5a4c72e05c76531dbfa50f,EVMI2ZZ,2022/9/12,30,9
495,495,b44d54cbf91dca39e00e2037dcc8a5c6,e001e6315bd30f655e11904d42d9486f,EVMI2ZZ,2022/7/25,5000,0
496,496,b44d54cbf91dca39e00e2037dcc8a5c6,e001e6315bd30f655e11904d42d9486f,EVMI2ZZ,2022/8/22,227000,1
497,497,b44d54cbf91dca39e00e2037dcc8a5c6,e001e6315bd30f655e11904d42d9486f,EVMI2ZZ,2022/9/19,1880000,2
498,498,b44d54cbf91dca39e00e2037dcc8a5c6,e001e6315bd30f655e11904d42d9486f,EVMI2ZZ,2022/10/17,2294000,3
499,499,b44d54cbf91dca39e00e2037dcc8a5c6,e001e6315bd30f655e11904d42d9486f,EVMI2ZZ,2022/11/14,640000,4
500,500,b44d54cbf91dca39e00e2037dcc8a5c6,e001e6315bd30f655e11904d42d9486f,EVMI2ZZ,2022/12/12,828000,5
501,501,b44d54cbf91dca39e00e2037dcc8a5c6,e001e6315bd30f655e11904d42d9486f,EVMI2ZZ,2023/1/9,2016000,6
502,502,b44d54cbf91dca39e00e2037dcc8a5c6,ee1eb75fd116ae7dfe9b966e5e2599e9,EVMI2ZZ,2022/1/3,60000,0
503,503,b44d54cbf91dca39e00e2037dcc8a5c6,ee1eb75fd116ae7dfe9b966e5e2599e9,EVMI2ZZ,2022/1/31,806000,1
504,504,b44d54cbf91dca39e00e2037dcc8a5c6,ee1eb75fd116ae7dfe9b966e5e2599e9,EVMI2ZZ,2022/2/28,160000,2
505,505,b44d54cbf91dca39e00e2037dcc8a5c6,ee1eb75fd116ae7dfe9b966e5e2599e9,EVMI2ZZ,2022/3/28,190000,3
506,506,b44d54cbf91dca39e00e2037dcc8a5c6,ee1eb75fd116ae7dfe9b966e5e2599e9,EVMI2ZZ,2022/4/25,248000,4
507,507,b44d54cbf91dca39e00e2037dcc8a5c6,ee1eb75fd116ae7dfe9b966e5e2599e9,EVMI2ZZ,2022/5/23,40000,5
508,508,b44d54cbf91dca39e00e2037dcc8a5c6,ee1eb75fd116ae7dfe9b966e5e2599e9,EVMI2ZZ,2022/6/20,196000,6
509,509,b44d54cbf91dca39e00e2037dcc8a5c6,ee1eb75fd116ae7dfe9b966e5e2599e9,EVMI2ZZ,2022/7/18,80000,7
510,510,b44d54cbf91dca39e00e2037dcc8a5c6,ee1eb75fd116ae7dfe9b966e5e2599e9,EVMI2ZZ,2022/8/15,70000,8
511,511,b44d54cbf91dca39e00e2037dcc8a5c6,f72becef18b563123067080e278cd42a,EVMI2ZZ,2022/7/11,10000,0
512,512,b44d54cbf91dca39e00e2037dcc8a5c6,f72becef18b563123067080e278cd42a,EVMI2ZZ,2022/8/8,528800,1
513,513,b44d54cbf91dca39e00e2037dcc8a5c6,f72becef18b563123067080e278cd42a,EVMI2ZZ,2022/9/5,1539600,2
514,514,b44d54cbf91dca39e00e2037dcc8a5c6,f72becef18b563123067080e278cd42a,EVMI2ZZ,2022/10/3,2707200,3
515,515,b44d54cbf91dca39e00e2037dcc8a5c6,f72becef18b563123067080e278cd42a,EVMI2ZZ,2022/10/31,3313808,4
516,516,b44d54cbf91dca39e00e2037dcc8a5c6,f72becef18b563123067080e278cd42a,EVMI2ZZ,2022/11/28,1174800,5
517,517,b44d54cbf91dca39e00e2037dcc8a5c6,f72becef18b563123067080e278cd42a,EVMI2ZZ,2022/12/26,2988000,6
518,518,b44d54cbf91dca39e00e2037dcc8a5c6,f72becef18b563123067080e278cd42a,EVMI2ZZ,2023/1/23,850800,7
519,519,b44d54cbf91dca39e00e2037dcc8a5c6,fedb15bb1f7fc84974b7092f9f411fb3,EVMI2ZZ,2022/1/3,120000,0
520,520,b44d54cbf91dca39e00e2037dcc8a5c6,fedb15bb1f7fc84974b7092f9f411fb3,EVMI2ZZ,2022/1/31,1300000,1
521,521,b44d54cbf91dca39e00e2037dcc8a5c6,fedb15bb1f7fc84974b7092f9f411fb3,EVMI2ZZ,2022/2/28,700000,2
522,522,b44d54cbf91dca39e00e2037dcc8a5c6,fedb15bb1f7fc84974b7092f9f411fb3,EVMI2ZZ,2022/3/28,220000,3
523,523,b44d54cbf91dca39e00e2037dcc8a5c6,fedb15bb1f7fc84974b7092f9f411fb3,EVMI2ZZ,2022/4/25,640000,4
524,524,b44d54cbf91dca39e00e2037dcc8a5c6,fedb15bb1f7fc84974b7092f9f411fb3,EVMI2ZZ,2022/5/23,1300000,5
525,525,b44d54cbf91dca39e00e2037dcc8a5c6,fedb15bb1f7fc84974b7092f9f411fb3,EVMI2ZZ,2022/6/20,2154000,6
526,526,b44d54cbf91dca39e00e2037dcc8a5c6,fedb15bb1f7fc84974b7092f9f411fb3,EVMI2ZZ,2022/7/18,600000,7
527,527,b44d54cbf91dca39e00e2037dcc8a5c6,fedb15bb1f7fc84974b7092f9f411fb3,EVMI2ZZ,2022/8/15,910000,8
528,528,b44d54cbf91dca39e00e2037dcc8a5c6,fedb15bb1f7fc84974b7092f9f411fb3,EVMI2ZZ,2022/9/12,1200000,9
529,529,b44d54cbf91dca39e00e2037dcc8a5c6,fedb15bb1f7fc84974b7092f9f411fb3,EVMI2ZZ,2022/10/10,1204000,10
530,530,b44d54cbf91dca39e00e2037dcc8a5c6,fedb15bb1f7fc84974b7092f9f411fb3,EVMI2ZZ,2022/11/7,500000,11
531,531,b44d54cbf91dca39e00e2037dcc8a5c6,fedb15bb1f7fc84974b7092f9f411fb3,EVMI2ZZ,2022/12/5,414000,12
532,532,b44d54cbf91dca39e00e2037dcc8a5c6,fedb15bb1f7fc84974b7092f9f411fb3,EVMI2ZZ,2023/1/2,50000,13
533,533,d7c9ab1eeb7f99e7bd0f6c79cce0f4f1,1af25cc5c51054204a598f62eb349bf1,EVMI2CD,2022/5/30,62,0
534,534,d7c9ab1eeb7f99e7bd0f6c79cce0f4f1,1af25cc5c51054204a598f62eb349bf1,EVMI2CD,2022/6/27,292,1
535,535,d7c9ab1eeb7f99e7bd0f6c79cce0f4f1,1af25cc5c51054204a598f62eb349bf1,EVMI2CD,2022/7/25,826,2
536,536,d7c9ab1eeb7f99e7bd0f6c79cce0f4f1,1af25cc5c51054204a598f62eb349bf1,EVMI2CD,2022/8/22,1236,3
537,537,d7c9ab1eeb7f99e7bd0f6c79cce0f4f1,1af25cc5c51054204a598f62eb349bf1,EVMI2CD,2022/9/19,49072,4
538,538,d7c9ab1eeb7f99e7bd0f6c79cce0f4f1,1af25cc5c51054204a598f62eb349bf1,EVMI2CD,2022/10/17,109201,5
539,539,d7c9ab1eeb7f99e7bd0f6c79cce0f4f1,1af25cc5c51054204a598f62eb349bf1,EVMI2CD,2022/11/14,187954,6
540,540,d7c9ab1eeb7f99e7bd0f6c79cce0f4f1,1af25cc5c51054204a598f62eb349bf1,EVMI2CD,2022/12/12,136890,7
541,541,d7c9ab1eeb7f99e7bd0f6c79cce0f4f1,1af25cc5c51054204a598f62eb349bf1,EVMI2CD,2023/1/9,95850,8
542,542,d7c9ab1eeb7f99e7bd0f6c79cce0f4f1,1c97ee18974b2e36d76af820df2f61b8,EVMI2CD,2022/1/10,5262,0
543,543,d7c9ab1eeb7f99e7bd0f6c79cce0f4f1,1c97ee18974b2e36d76af820df2f61b8,EVMI2CD,2022/2/7,10010,1
544,544,d7c9ab1eeb7f99e7bd0f6c79cce0f4f1,1c97ee18974b2e36d76af820df2f61b8,EVMI2CD,2022/3/7,32280,2
545,545,d7c9ab1eeb7f99e7bd0f6c79cce0f4f1,1c97ee18974b2e36d76af820df2f61b8,EVMI2CD,2022/4/4,53936,3
546,546,d7c9ab1eeb7f99e7bd0f6c79cce0f4f1,1c97ee18974b2e36d76af820df2f61b8,EVMI2CD,2022/5/2,20721,4
547,547,d7c9ab1eeb7f99e7bd0f6c79cce0f4f1,1c97ee18974b2e36d76af820df2f61b8,EVMI2CD,2022/5/30,8120,5
548,548,d7c9ab1eeb7f99e7bd0f6c79cce0f4f1,1c97ee18974b2e36d76af820df2f61b8,EVMI2CD,2022/6/27,36727,6
549,549,d7c9ab1eeb7f99e7bd0f6c79cce0f4f1,1c97ee18974b2e36d76af820df2f61b8,EVMI2CD,2022/7/25,26823,7
550,550,d7c9ab1eeb7f99e7bd0f6c79cce0f4f1,1c97ee18974b2e36d76af820df2f61b8,EVMI2CD,2022/8/22,11436,8
551,551,d7c9ab1eeb7f99e7bd0f6c79cce0f4f1,1c97ee18974b2e36d76af820df2f61b8,EVMI2CD,2022/9/19,13532,9
552,552,d7c9ab1eeb7f99e7bd0f6c79cce0f4f1,1c97ee18974b2e36d76af820df2f61b8,EVMI2CD,2022/10/17,25835,10
553,553,d7c9ab1eeb7f99e7bd0f6c79cce0f4f1,1c97ee18974b2e36d76af820df2f61b8,EVMI2CD,2022/11/14,23282,11
554,554,d7c9ab1eeb7f99e7bd0f6c79cce0f4f1,1c97ee18974b2e36d76af820df2f61b8,EVMI2CD,2022/12/12,23520,12
555,555,d7c9ab1eeb7f99e7bd0f6c79cce0f4f1,1c97ee18974b2e36d76af820df2f61b8,EVMI2CD,2023/1/9,3485,13
556,556,d7c9ab1eeb7f99e7bd0f6c79cce0f4f1,2424132724b8f4a645c5e61476316993,EVMI2CD,2022/2/28,300,0
557,557,d7c9ab1eeb7f99e7bd0f6c79cce0f4f1,2424132724b8f4a645c5e61476316993,EVMI2CD,2022/3/28,6717,1
558,558,d7c9ab1eeb7f99e7bd0f6c79cce0f4f1,2424132724b8f4a645c5e61476316993,EVMI2CD,2022/4/25,1796,2
559,559,d7c9ab1eeb7f99e7bd0f6c79cce0f4f1,2424132724b8f4a645c5e61476316993,EVMI2CD,2022/5/23,528,3
560,560,d7c9ab1eeb7f99e7bd0f6c79cce0f4f1,2424132724b8f4a645c5e61476316993,EVMI2CD,2022/6/20,789,4
561,561,d7c9ab1eeb7f99e7bd0f6c79cce0f4f1,2424132724b8f4a645c5e61476316993,EVMI2CD,2022/7/18,587,5
562,562,d7c9ab1eeb7f99e7bd0f6c79cce0f4f1,2424132724b8f4a645c5e61476316993,EVMI2CD,2022/8/15,1314,6
563,563,d7c9ab1eeb7f99e7bd0f6c79cce0f4f1,2424132724b8f4a645c5e61476316993,EVMI2CD,2022/9/12,37,7
564,564,d7c9ab1eeb7f99e7bd0f6c79cce0f4f1,2424132724b8f4a645c5e61476316993,EVMI2CD,2022/10/10,795,8
565,565,d7c9ab1eeb7f99e7bd0f6c79cce0f4f1,2424132724b8f4a645c5e61476316993,EVMI2CD,2022/11/7,1045,9
566,566,d7c9ab1eeb7f99e7bd0f6c79cce0f4f1,2424132724b8f4a645c5e61476316993,EVMI2CD,2022/12/5,179,10
567,567,d7c9ab1eeb7f99e7bd0f6c79cce0f4f1,2424132724b8f4a645c5e61476316993,EVMI2CD,2023/1/2,792,11
568,568,d7c9ab1eeb7f99e7bd0f6c79cce0f4f1,2c192e5e77d147d6313a9dd3754c9a79,EVMI2CD,2022/1/10,4365,0
569,569,d7c9ab1eeb7f99e7bd0f6c79cce0f4f1,2c192e5e77d147d6313a9dd3754c9a79,EVMI2CD,2022/2/7,8190,1
570,570,d7c9ab1eeb7f99e7bd0f6c79cce0f4f1,2c192e5e77d147d6313a9dd3754c9a79,EVMI2CD,2022/3/7,27260,2
571,571,d7c9ab1eeb7f99e7bd0f6c79cce0f4f1,2c192e5e77d147d6313a9dd3754c9a79,EVMI2CD,2022/4/4,19461,3
572,572,d7c9ab1eeb7f99e7bd0f6c79cce0f4f1,2c192e5e77d147d6313a9dd3754c9a79,EVMI2CD,2022/5/2,11183,4
573,573,d7c9ab1eeb7f99e7bd0f6c79cce0f4f1,2c192e5e77d147d6313a9dd3754c9a79,EVMI2CD,2022/5/30,4896,5
574,574,d7c9ab1eeb7f99e7bd0f6c79cce0f4f1,2c192e5e77d147d6313a9dd3754c9a79,EVMI2CD,2022/6/27,16055,6
575,575,d7c9ab1eeb7f99e7bd0f6c79cce0f4f1,2c192e5e77d147d6313a9dd3754c9a79,EVMI2CD,2022/7/25,5605,7
576,576,d7c9ab1eeb7f99e7bd0f6c79cce0f4f1,2c192e5e77d147d6313a9dd3754c9a79,EVMI2CD,2022/8/22,23172,8
577,577,d7c9ab1eeb7f99e7bd0f6c79cce0f4f1,2c192e5e77d147d6313a9dd3754c9a79,EVMI2CD,2022/9/19,200,9
578,578,d7c9ab1eeb7f99e7bd0f6c79cce0f4f1,2c192e5e77d147d6313a9dd3754c9a79,EVMI2CD,2022/10/17,21055,10
579,579,d7c9ab1eeb7f99e7bd0f6c79cce0f4f1,2c192e5e77d147d6313a9dd3754c9a79,EVMI2CD,2022/11/14,18554,11
580,580,d7c9ab1eeb7f99e7bd0f6c79cce0f4f1,2c192e5e77d147d6313a9dd3754c9a79,EVMI2CD,2022/12/12,6394,12
581,581,d7c9ab1eeb7f99e7bd0f6c79cce0f4f1,2c192e5e77d147d6313a9dd3754c9a79,EVMI2CD,2023/1/9,11106,13
582,582,d7c9ab1eeb7f99e7bd0f6c79cce0f4f1,35b31be16edf886e4e1de5eb4f013b03,EVMI2CD,2022/7/11,72,0
583,583,d7c9ab1eeb7f99e7bd0f6c79cce0f4f1,35b31be16edf886e4e1de5eb4f013b03,EVMI2CD,2022/8/8,7747,1
584,584,d7c9ab1eeb7f99e7bd0f6c79cce0f4f1,35b31be16edf886e4e1de5eb4f013b03,EVMI2CD,2022/9/5,16454,2
585,585,d7c9ab1eeb7f99e7bd0f6c79cce0f4f1,35b31be16edf886e4e1de5eb4f013b03,EVMI2CD,2022/10/3,121562,3
586,586,d7c9ab1eeb7f99e7bd0f6c79cce0f4f1,35b31be16edf886e4e1de5eb4f013b03,EVMI2CD,2022/10/31,254121,4
587,587,d7c9ab1eeb7f99e7bd0f6c79cce0f4f1,35b31be16edf886e4e1de5eb4f013b03,EVMI2CD,2022/11/28,236584,5
588,588,d7c9ab1eeb7f99e7bd0f6c79cce0f4f1,35b31be16edf886e4e1de5eb4f013b03,EVMI2CD,2022/12/26,116372,6
589,589,d7c9ab1eeb7f99e7bd0f6c79cce0f4f1,35b31be16edf886e4e1de5eb4f013b03,EVMI2CD,2023/1/23,20407,7
590,590,d7c9ab1eeb7f99e7bd0f6c79cce0f4f1,39a2b0965bc80211d5adcca060a3b99b,EVMI2CD,2022/8/1,20,0
591,591,d7c9ab1eeb7f99e7bd0f6c79cce0f4f1,39a2b0965bc80211d5adcca060a3b99b,EVMI2CD,2022/8/29,20,1
592,592,d7c9ab1eeb7f99e7bd0f6c79cce0f4f1,39a2b0965bc80211d5adcca060a3b99b,EVMI2CD,2022/9/26,1388,2
593,593,d7c9ab1eeb7f99e7bd0f6c79cce0f4f1,39a2b0965bc80211d5adcca060a3b99b,EVMI2CD,2022/10/24,28479,3
594,594,d7c9ab1eeb7f99e7bd0f6c79cce0f4f1,39a2b0965bc80211d5adcca060a3b99b,EVMI2CD,2022/11/21,23264,4
595,595,d7c9ab1eeb7f99e7bd0f6c79cce0f4f1,39a2b0965bc80211d5adcca060a3b99b,EVMI2CD,2022/12/19,13236,5
596,596,d7c9ab1eeb7f99e7bd0f6c79cce0f4f1,39a2b0965bc80211d5adcca060a3b99b,EVMI2CD,2023/1/16,4589,6
597,597,d7c9ab1eeb7f99e7bd0f6c79cce0f4f1,45e6f17a805759fc574ccfdd4dd545da,EVMI2CD,2022/1/24,1920,0
598,598,d7c9ab1eeb7f99e7bd0f6c79cce0f4f1,45e6f17a805759fc574ccfdd4dd545da,EVMI2CD,2022/2/21,10680,1
599,599,d7c9ab1eeb7f99e7bd0f6c79cce0f4f1,45e6f17a805759fc574ccfdd4dd545da,EVMI2CD,2022/3/21,2310,2
600,600,d7c9ab1eeb7f99e7bd0f6c79cce0f4f1,45e6f17a805759fc574ccfdd4dd545da,EVMI2CD,2022/4/18,1544,3
601,601,d7c9ab1eeb7f99e7bd0f6c79cce0f4f1,45e6f17a805759fc574ccfdd4dd545da,EVMI2CD,2022/5/16,37320,4
602,602,d7c9ab1eeb7f99e7bd0f6c79cce0f4f1,45e6f17a805759fc574ccfdd4dd545da,EVMI2CD,2022/6/13,26960,5
603,603,d7c9ab1eeb7f99e7bd0f6c79cce0f4f1,45e6f17a805759fc574ccfdd4dd545da,EVMI2CD,2022/7/11,71540,6
604,604,d7c9ab1eeb7f99e7bd0f6c79cce0f4f1,45e6f17a805759fc574ccfdd4dd545da,EVMI2CD,2022/8/8,44870,7
605,605,d7c9ab1eeb7f99e7bd0f6c79cce0f4f1,45e6f17a805759fc574ccfdd4dd545da,EVMI2CD,2022/9/5,43050,8
606,606,d7c9ab1eeb7f99e7bd0f6c79cce0f4f1,45e6f17a805759fc574ccfdd4dd545da,EVMI2CD,2022/10/3,19050,9
607,607,d7c9ab1eeb7f99e7bd0f6c79cce0f4f1,45e6f17a805759fc574ccfdd4dd545da,EVMI2CD,2022/10/31,30540,10
608,608,d7c9ab1eeb7f99e7bd0f6c79cce0f4f1,45e6f17a805759fc574ccfdd4dd545da,EVMI2CD,2022/11/28,22470,11
609,609,d7c9ab1eeb7f99e7bd0f6c79cce0f4f1,45e6f17a805759fc574ccfdd4dd545da,EVMI2CD,2022/12/26,54870,12
610,610,d7c9ab1eeb7f99e7bd0f6c79cce0f4f1,45e6f17a805759fc574ccfdd4dd545da,EVMI2CD,2023/1/23,11070,13
611,611,d7c9ab1eeb7f99e7bd0f6c79cce0f4f1,47ee7822a8126637e53831bf85d759d8,EVMI2CD,2022/1/10,252,0
612,612,d7c9ab1eeb7f99e7bd0f6c79cce0f4f1,47ee7822a8126637e53831bf85d759d8,EVMI2CD,2022/2/7,2281,1
613,613,d7c9ab1eeb7f99e7bd0f6c79cce0f4f1,47ee7822a8126637e53831bf85d759d8,EVMI2CD,2022/3/7,2069,2
614,614,d7c9ab1eeb7f99e7bd0f6c79cce0f4f1,47ee7822a8126637e53831bf85d759d8,EVMI2CD,2022/4/4,4870,3
615,615,d7c9ab1eeb7f99e7bd0f6c79cce0f4f1,47ee7822a8126637e53831bf85d759d8,EVMI2CD,2022/5/2,1152,4
616,616,d7c9ab1eeb7f99e7bd0f6c79cce0f4f1,47ee7822a8126637e53831bf85d759d8,EVMI2CD,2022/5/30,4235,5
617,617,d7c9ab1eeb7f99e7bd0f6c79cce0f4f1,47ee7822a8126637e53831bf85d759d8,EVMI2CD,2022/6/27,166,6
618,618,d7c9ab1eeb7f99e7bd0f6c79cce0f4f1,47ee7822a8126637e53831bf85d759d8,EVMI2CD,2022/7/25,96,7
619,619,d7c9ab1eeb7f99e7bd0f6c79cce0f4f1,47ee7822a8126637e53831bf85d759d8,EVMI2CD,2022/8/22,476,8
620,620,d7c9ab1eeb7f99e7bd0f6c79cce0f4f1,47ee7822a8126637e53831bf85d759d8,EVMI2CD,2022/9/19,459,9
621,621,d7c9ab1eeb7f99e7bd0f6c79cce0f4f1,47ee7822a8126637e53831bf85d759d8,EVMI2CD,2022/10/17,4245,10
622,622,d7c9ab1eeb7f99e7bd0f6c79cce0f4f1,47ee7822a8126637e53831bf85d759d8,EVMI2CD,2022/11/14,339,11
623,623,d7c9ab1eeb7f99e7bd0f6c79cce0f4f1,636ba2ee9d0d89317427eae778d2c509,EVMI2CD,2022/1/10,10251,0
624,624,d7c9ab1eeb7f99e7bd0f6c79cce0f4f1,636ba2ee9d0d89317427eae778d2c509,EVMI2CD,2022/2/7,70147,1
625,625,d7c9ab1eeb7f99e7bd0f6c79cce0f4f1,636ba2ee9d0d89317427eae778d2c509,EVMI2CD,2022/3/7,84075,2
626,626,d7c9ab1eeb7f99e7bd0f6c79cce0f4f1,636ba2ee9d0d89317427eae778d2c509,EVMI2CD,2022/4/4,96418,3
627,627,d7c9ab1eeb7f99e7bd0f6c79cce0f4f1,636ba2ee9d0d89317427eae778d2c509,EVMI2CD,2022/5/2,43490,4
628,628,d7c9ab1eeb7f99e7bd0f6c79cce0f4f1,636ba2ee9d0d89317427eae778d2c509,EVMI2CD,2022/5/30,71200,5
629,629,d7c9ab1eeb7f99e7bd0f6c79cce0f4f1,636ba2ee9d0d89317427eae778d2c509,EVMI2CD,2022/6/27,0,6
630,630,d7c9ab1eeb7f99e7bd0f6c79cce0f4f1,636ba2ee9d0d89317427eae778d2c509,EVMI2CD,2022/7/25,47541,7
631,631,d7c9ab1eeb7f99e7bd0f6c79cce0f4f1,636ba2ee9d0d89317427eae778d2c509,EVMI2CD,2022/8/22,58119,8
632,632,d7c9ab1eeb7f99e7bd0f6c79cce0f4f1,636ba2ee9d0d89317427eae778d2c509,EVMI2CD,2022/9/19,35820,9
633,633,d7c9ab1eeb7f99e7bd0f6c79cce0f4f1,636ba2ee9d0d89317427eae778d2c509,EVMI2CD,2022/10/17,34530,10
634,634,d7c9ab1eeb7f99e7bd0f6c79cce0f4f1,636ba2ee9d0d89317427eae778d2c509,EVMI2CD,2022/11/14,0,11
635,635,d7c9ab1eeb7f99e7bd0f6c79cce0f4f1,636ba2ee9d0d89317427eae778d2c509,EVMI2CD,2022/12/12,68730,12
636,636,d7c9ab1eeb7f99e7bd0f6c79cce0f4f1,636ba2ee9d0d89317427eae778d2c509,EVMI2CD,2023/1/9,24235,13
637,637,d7c9ab1eeb7f99e7bd0f6c79cce0f4f1,6a19818fa844a09f48f69cc051a75d1e,EVMI2CD,2022/1/10,600,0
638,638,d7c9ab1eeb7f99e7bd0f6c79cce0f4f1,6a19818fa844a09f48f69cc051a75d1e,EVMI2CD,2022/2/7,391740,1
639,639,d7c9ab1eeb7f99e7bd0f6c79cce0f4f1,6a19818fa844a09f48f69cc051a75d1e,EVMI2CD,2022/3/7,339400,2
640,640,d7c9ab1eeb7f99e7bd0f6c79cce0f4f1,6a19818fa844a09f48f69cc051a75d1e,EVMI2CD,2022/4/4,944856,3
641,641,d7c9ab1eeb7f99e7bd0f6c79cce0f4f1,6a19818fa844a09f48f69cc051a75d1e,EVMI2CD,2022/5/2,487054,4
642,642,d7c9ab1eeb7f99e7bd0f6c79cce0f4f1,6a19818fa844a09f48f69cc051a75d1e,EVMI2CD,2022/5/30,261603,5
643,643,d7c9ab1eeb7f99e7bd0f6c79cce0f4f1,6a19818fa844a09f48f69cc051a75d1e,EVMI2CD,2022/6/27,1035262,6
644,644,d7c9ab1eeb7f99e7bd0f6c79cce0f4f1,6a19818fa844a09f48f69cc051a75d1e,EVMI2CD,2022/7/25,593050,7
645,645,d7c9ab1eeb7f99e7bd0f6c79cce0f4f1,6a19818fa844a09f48f69cc051a75d1e,EVMI2CD,2022/8/22,705653,8
646,646,d7c9ab1eeb7f99e7bd0f6c79cce0f4f1,6a19818fa844a09f48f69cc051a75d1e,EVMI2CD,2022/9/19,519066,9
647,647,d7c9ab1eeb7f99e7bd0f6c79cce0f4f1,6a19818fa844a09f48f69cc051a75d1e,EVMI2CD,2022/10/17,830446,10
648,648,d7c9ab1eeb7f99e7bd0f6c79cce0f4f1,6a19818fa844a09f48f69cc051a75d1e,EVMI2CD,2022/11/14,407212,11
649,649,d7c9ab1eeb7f99e7bd0f6c79cce0f4f1,6a19818fa844a09f48f69cc051a75d1e,EVMI2CD,2022/12/12,748474,12
650,650,d7c9ab1eeb7f99e7bd0f6c79cce0f4f1,6a19818fa844a09f48f69cc051a75d1e,EVMI2CD,2023/1/9,1011644,13
651,651,d7c9ab1eeb7f99e7bd0f6c79cce0f4f1,7be641368ce0948e5a2e872353a6927a,EVMI2CD,2022/1/10,310,0
652,652,d7c9ab1eeb7f99e7bd0f6c79cce0f4f1,7be641368ce0948e5a2e872353a6927a,EVMI2CD,2022/2/7,957,1
653,653,d7c9ab1eeb7f99e7bd0f6c79cce0f4f1,7be641368ce0948e5a2e872353a6927a,EVMI2CD,2022/3/7,2652,2
654,654,d7c9ab1eeb7f99e7bd0f6c79cce0f4f1,7be641368ce0948e5a2e872353a6927a,EVMI2CD,2022/4/4,1433,3
655,655,d7c9ab1eeb7f99e7bd0f6c79cce0f4f1,7be641368ce0948e5a2e872353a6927a,EVMI2CD,2022/5/2,2906,4
656,656,d7c9ab1eeb7f99e7bd0f6c79cce0f4f1,7be641368ce0948e5a2e872353a6927a,EVMI2CD,2022/5/30,8292,5
657,657,d7c9ab1eeb7f99e7bd0f6c79cce0f4f1,7be641368ce0948e5a2e872353a6927a,EVMI2CD,2022/6/27,0,6
658,658,d7c9ab1eeb7f99e7bd0f6c79cce0f4f1,7be641368ce0948e5a2e872353a6927a,EVMI2CD,2022/7/25,152,7
659,659,d7c9ab1eeb7f99e7bd0f6c79cce0f4f1,7be641368ce0948e5a2e872353a6927a,EVMI2CD,2022/8/22,651,8
660,660,d7c9ab1eeb7f99e7bd0f6c79cce0f4f1,7be641368ce0948e5a2e872353a6927a,EVMI2CD,2022/9/19,558,9
661,661,d7c9ab1eeb7f99e7bd0f6c79cce0f4f1,7be641368ce0948e5a2e872353a6927a,EVMI2CD,2022/10/17,688,10
662,662,d7c9ab1eeb7f99e7bd0f6c79cce0f4f1,7e8e97526ed6d4c5f373fd9fa37d90da,EVMI2CD,2022/1/17,280,0
663,663,d7c9ab1eeb7f99e7bd0f6c79cce0f4f1,7e8e97526ed6d4c5f373fd9fa37d90da,EVMI2CD,2022/2/14,1400,1
664,664,d7c9ab1eeb7f99e7bd0f6c79cce0f4f1,7e8e97526ed6d4c5f373fd9fa37d90da,EVMI2CD,2022/3/14,850,2
665,665,d7c9ab1eeb7f99e7bd0f6c79cce0f4f1,7e8e97526ed6d4c5f373fd9fa37d90da,EVMI2CD,2022/4/11,1364,3
666,666,d7c9ab1eeb7f99e7bd0f6c79cce0f4f1,7e8e97526ed6d4c5f373fd9fa37d90da,EVMI2CD,2022/5/9,1350,4
667,667,d7c9ab1eeb7f99e7bd0f6c79cce0f4f1,7e8e97526ed6d4c5f373fd9fa37d90da,EVMI2CD,2022/6/6,1193,5
668,668,d7c9ab1eeb7f99e7bd0f6c79cce0f4f1,7e8e97526ed6d4c5f373fd9fa37d90da,EVMI2CD,2022/7/4,860,6
669,669,d7c9ab1eeb7f99e7bd0f6c79cce0f4f1,7e8e97526ed6d4c5f373fd9fa37d90da,EVMI2CD,2022/8/1,1997,7
670,670,d7c9ab1eeb7f99e7bd0f6c79cce0f4f1,7e8e97526ed6d4c5f373fd9fa37d90da,EVMI2CD,2022/8/29,538,8
671,671,d7c9ab1eeb7f99e7bd0f6c79cce0f4f1,7e8e97526ed6d4c5f373fd9fa37d90da,EVMI2CD,2022/9/26,2590,9
672,672,d7c9ab1eeb7f99e7bd0f6c79cce0f4f1,7e8e97526ed6d4c5f373fd9fa37d90da,EVMI2CD,2022/10/24,1585,10
673,673,d7c9ab1eeb7f99e7bd0f6c79cce0f4f1,7e8e97526ed6d4c5f373fd9fa37d90da,EVMI2CD,2022/11/21,1789,11
674,674,d7c9ab1eeb7f99e7bd0f6c79cce0f4f1,7e8e97526ed6d4c5f373fd9fa37d90da,EVMI2CD,2022/12/19,1405,12
675,675,d7c9ab1eeb7f99e7bd0f6c79cce0f4f1,7e8e97526ed6d4c5f373fd9fa37d90da,EVMI2CD,2023/1/16,1115,13
676,676,d7c9ab1eeb7f99e7bd0f6c79cce0f4f1,8fc729807893dde60774828f7c77259e,EVMI2CD,2022/1/10,24345,0
677,677,d7c9ab1eeb7f99e7bd0f6c79cce0f4f1,8fc729807893dde60774828f7c77259e,EVMI2CD,2022/2/7,67614,1
678,678,d7c9ab1eeb7f99e7bd0f6c79cce0f4f1,8fc729807893dde60774828f7c77259e,EVMI2CD,2022/3/7,62110,2
679,679,d7c9ab1eeb7f99e7bd0f6c79cce0f4f1,8fc729807893dde60774828f7c77259e,EVMI2CD,2022/4/4,153625,3
680,680,d7c9ab1eeb7f99e7bd0f6c79cce0f4f1,8fc729807893dde60774828f7c77259e,EVMI2CD,2022/5/2,18684,4
681,681,d7c9ab1eeb7f99e7bd0f6c79cce0f4f1,8fc729807893dde60774828f7c77259e,EVMI2CD,2022/5/30,9517,5
682,682,d7c9ab1eeb7f99e7bd0f6c79cce0f4f1,8fc729807893dde60774828f7c77259e,EVMI2CD,2022/6/27,78,6
683,683,d7c9ab1eeb7f99e7bd0f6c79cce0f4f1,8fc729807893dde60774828f7c77259e,EVMI2CD,2022/7/25,16447,7
684,684,d7c9ab1eeb7f99e7bd0f6c79cce0f4f1,8fc729807893dde60774828f7c77259e,EVMI2CD,2022/8/22,59849,8
685,685,d7c9ab1eeb7f99e7bd0f6c79cce0f4f1,8fc729807893dde60774828f7c77259e,EVMI2CD,2022/9/19,10517,9
686,686,d7c9ab1eeb7f99e7bd0f6c79cce0f4f1,8fc729807893dde60774828f7c77259e,EVMI2CD,2022/10/17,22035,10
687,687,d7c9ab1eeb7f99e7bd0f6c79cce0f4f1,8fc729807893dde60774828f7c77259e,EVMI2CD,2022/11/14,96000,11
688,688,d7c9ab1eeb7f99e7bd0f6c79cce0f4f1,8fc729807893dde60774828f7c77259e,EVMI2CD,2022/12/12,9850,12
689,689,d7c9ab1eeb7f99e7bd0f6c79cce0f4f1,8fc729807893dde60774828f7c77259e,EVMI2CD,2023/1/9,7857,13
690,690,d7c9ab1eeb7f99e7bd0f6c79cce0f4f1,94630a90158b793771e94f66e136f518,EVMI2CD,2022/1/10,383,0
691,691,d7c9ab1eeb7f99e7bd0f6c79cce0f4f1,94630a90158b793771e94f66e136f518,EVMI2CD,2022/2/7,1450,1
692,692,d7c9ab1eeb7f99e7bd0f6c79cce0f4f1,94630a90158b793771e94f66e136f518,EVMI2CD,2022/3/7,56222,2
693,693,d7c9ab1eeb7f99e7bd0f6c79cce0f4f1,94630a90158b793771e94f66e136f518,EVMI2CD,2022/4/4,143882,3
694,694,d7c9ab1eeb7f99e7bd0f6c79cce0f4f1,94630a90158b793771e94f66e136f518,EVMI2CD,2022/5/2,131254,4
695,695,d7c9ab1eeb7f99e7bd0f6c79cce0f4f1,94630a90158b793771e94f66e136f518,EVMI2CD,2022/5/30,198400,5
696,696,d7c9ab1eeb7f99e7bd0f6c79cce0f4f1,94630a90158b793771e94f66e136f518,EVMI2CD,2022/6/27,0,6
697,697,d7c9ab1eeb7f99e7bd0f6c79cce0f4f1,94630a90158b793771e94f66e136f518,EVMI2CD,2022/7/25,59610,7
698,698,d7c9ab1eeb7f99e7bd0f6c79cce0f4f1,94630a90158b793771e94f66e136f518,EVMI2CD,2022/8/22,200006,8
699,699,d7c9ab1eeb7f99e7bd0f6c79cce0f4f1,94630a90158b793771e94f66e136f518,EVMI2CD,2022/9/19,0,9
700,700,d7c9ab1eeb7f99e7bd0f6c79cce0f4f1,94630a90158b793771e94f66e136f518,EVMI2CD,2022/10/17,198615,10
701,701,d7c9ab1eeb7f99e7bd0f6c79cce0f4f1,94630a90158b793771e94f66e136f518,EVMI2CD,2022/11/14,0,11
702,702,d7c9ab1eeb7f99e7bd0f6c79cce0f4f1,94630a90158b793771e94f66e136f518,EVMI2CD,2022/12/12,97750,12
703,703,d7c9ab1eeb7f99e7bd0f6c79cce0f4f1,a3840e2d5721907f5223f349eb9c40b1,EVMI2CD,2022/1/10,42241,0
704,704,d7c9ab1eeb7f99e7bd0f6c79cce0f4f1,a3840e2d5721907f5223f349eb9c40b1,EVMI2CD,2022/2/7,149587,1
705,705,d7c9ab1eeb7f99e7bd0f6c79cce0f4f1,a3840e2d5721907f5223f349eb9c40b1,EVMI2CD,2022/3/7,312711,2
706,706,d7c9ab1eeb7f99e7bd0f6c79cce0f4f1,a3840e2d5721907f5223f349eb9c40b1,EVMI2CD,2022/4/4,292290,3
707,707,d7c9ab1eeb7f99e7bd0f6c79cce0f4f1,a3840e2d5721907f5223f349eb9c40b1,EVMI2CD,2022/5/2,55450,4
708,708,d7c9ab1eeb7f99e7bd0f6c79cce0f4f1,a3840e2d5721907f5223f349eb9c40b1,EVMI2CD,2022/5/30,0,5
709,709,d7c9ab1eeb7f99e7bd0f6c79cce0f4f1,a3840e2d5721907f5223f349eb9c40b1,EVMI2CD,2022/6/27,214900,6
710,710,d7c9ab1eeb7f99e7bd0f6c79cce0f4f1,a3840e2d5721907f5223f349eb9c40b1,EVMI2CD,2022/7/25,0,7
711,711,d7c9ab1eeb7f99e7bd0f6c79cce0f4f1,a3840e2d5721907f5223f349eb9c40b1,EVMI2CD,2022/8/22,31620,8
712,712,d7c9ab1eeb7f99e7bd0f6c79cce0f4f1,a3840e2d5721907f5223f349eb9c40b1,EVMI2CD,2022/9/19,0,9
713,713,d7c9ab1eeb7f99e7bd0f6c79cce0f4f1,a3840e2d5721907f5223f349eb9c40b1,EVMI2CD,2022/10/17,0,10
714,714,d7c9ab1eeb7f99e7bd0f6c79cce0f4f1,a3840e2d5721907f5223f349eb9c40b1,EVMI2CD,2022/11/14,5740,11
715,715,d7c9ab1eeb7f99e7bd0f6c79cce0f4f1,a3840e2d5721907f5223f349eb9c40b1,EVMI2CD,2022/12/12,7282,12
716,716,d7c9ab1eeb7f99e7bd0f6c79cce0f4f1,a46cb17d4ca1dc426519e2d8cf714653,EVMI2CD,2022/1/10,4960,0
717,717,d7c9ab1eeb7f99e7bd0f6c79cce0f4f1,a46cb17d4ca1dc426519e2d8cf714653,EVMI2CD,2022/2/7,15568,1
718,718,d7c9ab1eeb7f99e7bd0f6c79cce0f4f1,a46cb17d4ca1dc426519e2d8cf714653,EVMI2CD,2022/3/7,48330,2
719,719,d7c9ab1eeb7f99e7bd0f6c79cce0f4f1,a46cb17d4ca1dc426519e2d8cf714653,EVMI2CD,2022/4/4,85237,3
720,720,d7c9ab1eeb7f99e7bd0f6c79cce0f4f1,a46cb17d4ca1dc426519e2d8cf714653,EVMI2CD,2022/5/2,49435,4
721,721,d7c9ab1eeb7f99e7bd0f6c79cce0f4f1,a46cb17d4ca1dc426519e2d8cf714653,EVMI2CD,2022/5/30,11239,5
722,722,d7c9ab1eeb7f99e7bd0f6c79cce0f4f1,a46cb17d4ca1dc426519e2d8cf714653,EVMI2CD,2022/6/27,62510,6
723,723,d7c9ab1eeb7f99e7bd0f6c79cce0f4f1,a46cb17d4ca1dc426519e2d8cf714653,EVMI2CD,2022/7/25,30395,7
724,724,d7c9ab1eeb7f99e7bd0f6c79cce0f4f1,a46cb17d4ca1dc426519e2d8cf714653,EVMI2CD,2022/8/22,22847,8
725,725,d7c9ab1eeb7f99e7bd0f6c79cce0f4f1,a46cb17d4ca1dc426519e2d8cf714653,EVMI2CD,2022/9/19,34846,9
726,726,d7c9ab1eeb7f99e7bd0f6c79cce0f4f1,a46cb17d4ca1dc426519e2d8cf714653,EVMI2CD,2022/10/17,76984,10
727,727,d7c9ab1eeb7f99e7bd0f6c79cce0f4f1,a46cb17d4ca1dc426519e2d8cf714653,EVMI2CD,2022/11/14,32651,11
728,728,d7c9ab1eeb7f99e7bd0f6c79cce0f4f1,a46cb17d4ca1dc426519e2d8cf714653,EVMI2CD,2022/12/12,0,12
729,729,d7c9ab1eeb7f99e7bd0f6c79cce0f4f1,a46cb17d4ca1dc426519e2d8cf714653,EVMI2CD,2023/1/9,4862,13
730,730,d7c9ab1eeb7f99e7bd0f6c79cce0f4f1,a4e94d8ab14bf3aaf336c790307cd8e7,EVMI2CD,2022/6/6,61,0
731,731,d7c9ab1eeb7f99e7bd0f6c79cce0f4f1,a4e94d8ab14bf3aaf336c790307cd8e7,EVMI2CD,2022/7/4,933,1
732,732,d7c9ab1eeb7f99e7bd0f6c79cce0f4f1,a4e94d8ab14bf3aaf336c790307cd8e7,EVMI2CD,2022/8/1,2192,2
733,733,d7c9ab1eeb7f99e7bd0f6c79cce0f4f1,a4e94d8ab14bf3aaf336c790307cd8e7,EVMI2CD,2022/8/29,8643,3
734,734,d7c9ab1eeb7f99e7bd0f6c79cce0f4f1,a4e94d8ab14bf3aaf336c790307cd8e7,EVMI2CD,2022/9/26,205443,4
735,735,d7c9ab1eeb7f99e7bd0f6c79cce0f4f1,a4e94d8ab14bf3aaf336c790307cd8e7,EVMI2CD,2022/10/24,244895,5
736,736,d7c9ab1eeb7f99e7bd0f6c79cce0f4f1,a4e94d8ab14bf3aaf336c790307cd8e7,EVMI2CD,2022/11/21,168325,6
737,737,d7c9ab1eeb7f99e7bd0f6c79cce0f4f1,a4e94d8ab14bf3aaf336c790307cd8e7,EVMI2CD,2022/12/19,221513,7
738,738,d7c9ab1eeb7f99e7bd0f6c79cce0f4f1,a4e94d8ab14bf3aaf336c790307cd8e7,EVMI2CD,2023/1/16,34131,8
739,739,d7c9ab1eeb7f99e7bd0f6c79cce0f4f1,aefd7dfb5a151a77d9bd79dca68fd490,EVMI2CD,2022/6/27,28,0
740,740,d7c9ab1eeb7f99e7bd0f6c79cce0f4f1,aefd7dfb5a151a77d9bd79dca68fd490,EVMI2CD,2022/7/25,907,1
741,741,d7c9ab1eeb7f99e7bd0f6c79cce0f4f1,aefd7dfb5a151a77d9bd79dca68fd490,EVMI2CD,2022/8/22,281,2
742,742,d7c9ab1eeb7f99e7bd0f6c79cce0f4f1,aefd7dfb5a151a77d9bd79dca68fd490,EVMI2CD,2022/9/19,117520,3
743,743,d7c9ab1eeb7f99e7bd0f6c79cce0f4f1,aefd7dfb5a151a77d9bd79dca68fd490,EVMI2CD,2022/10/17,187167,4
744,744,d7c9ab1eeb7f99e7bd0f6c79cce0f4f1,aefd7dfb5a151a77d9bd79dca68fd490,EVMI2CD,2022/11/14,218602,5
745,745,d7c9ab1eeb7f99e7bd0f6c79cce0f4f1,aefd7dfb5a151a77d9bd79dca68fd490,EVMI2CD,2022/12/12,52651,6
746,746,d7c9ab1eeb7f99e7bd0f6c79cce0f4f1,aefd7dfb5a151a77d9bd79dca68fd490,EVMI2CD,2023/1/9,111395,7
747,747,d7c9ab1eeb7f99e7bd0f6c79cce0f4f1,b6cd007c096b7ab26d758d0797ccc3f0,EVMI2CD,2022/5/30,62,0
748,748,d7c9ab1eeb7f99e7bd0f6c79cce0f4f1,b6cd007c096b7ab26d758d0797ccc3f0,EVMI2CD,2022/6/27,292,1
749,749,d7c9ab1eeb7f99e7bd0f6c79cce0f4f1,b6cd007c096b7ab26d758d0797ccc3f0,EVMI2CD,2022/7/25,826,2
750,750,d7c9ab1eeb7f99e7bd0f6c79cce0f4f1,b6cd007c096b7ab26d758d0797ccc3f0,EVMI2CD,2022/8/22,1241,3
751,751,d7c9ab1eeb7f99e7bd0f6c79cce0f4f1,b6cd007c096b7ab26d758d0797ccc3f0,EVMI2CD,2022/9/19,45677,4
752,752,d7c9ab1eeb7f99e7bd0f6c79cce0f4f1,b6cd007c096b7ab26d758d0797ccc3f0,EVMI2CD,2022/10/17,147045,5
753,753,d7c9ab1eeb7f99e7bd0f6c79cce0f4f1,b6cd007c096b7ab26d758d0797ccc3f0,EVMI2CD,2022/11/14,138935,6
754,754,d7c9ab1eeb7f99e7bd0f6c79cce0f4f1,b6cd007c096b7ab26d758d0797ccc3f0,EVMI2CD,2022/12/12,153034,7
755,755,d7c9ab1eeb7f99e7bd0f6c79cce0f4f1,b6cd007c096b7ab26d758d0797ccc3f0,EVMI2CD,2023/1/9,91583,8
756,756,d7c9ab1eeb7f99e7bd0f6c79cce0f4f1,c22f20eb5d46dbd05a33c47d7148ccb3,EVMI2CD,2022/5/30,177,0
757,757,d7c9ab1eeb7f99e7bd0f6c79cce0f4f1,c22f20eb5d46dbd05a33c47d7148ccb3,EVMI2CD,2022/6/27,444,1
758,758,d7c9ab1eeb7f99e7bd0f6c79cce0f4f1,c22f20eb5d46dbd05a33c47d7148ccb3,EVMI2CD,2022/7/25,4631,2
759,759,d7c9ab1eeb7f99e7bd0f6c79cce0f4f1,c22f20eb5d46dbd05a33c47d7148ccb3,EVMI2CD,2022/8/22,11622,3
760,760,d7c9ab1eeb7f99e7bd0f6c79cce0f4f1,c22f20eb5d46dbd05a33c47d7148ccb3,EVMI2CD,2022/9/19,43895,4
761,761,d7c9ab1eeb7f99e7bd0f6c79cce0f4f1,c22f20eb5d46dbd05a33c47d7148ccb3,EVMI2CD,2022/10/17,63908,5
762,762,d7c9ab1eeb7f99e7bd0f6c79cce0f4f1,c22f20eb5d46dbd05a33c47d7148ccb3,EVMI2CD,2022/11/14,93754,6
763,763,d7c9ab1eeb7f99e7bd0f6c79cce0f4f1,c22f20eb5d46dbd05a33c47d7148ccb3,EVMI2CD,2022/12/12,129324,7
764,764,d7c9ab1eeb7f99e7bd0f6c79cce0f4f1,c22f20eb5d46dbd05a33c47d7148ccb3,EVMI2CD,2023/1/9,40041,8
765,765,d7c9ab1eeb7f99e7bd0f6c79cce0f4f1,cc26343339dc3c334442f4677d490511,EVMI2CD,2022/1/17,5715,0
766,766,d7c9ab1eeb7f99e7bd0f6c79cce0f4f1,cc26343339dc3c334442f4677d490511,EVMI2CD,2022/2/14,9334,1
767,767,d7c9ab1eeb7f99e7bd0f6c79cce0f4f1,cc26343339dc3c334442f4677d490511,EVMI2CD,2022/3/14,29821,2
768,768,d7c9ab1eeb7f99e7bd0f6c79cce0f4f1,cc26343339dc3c334442f4677d490511,EVMI2CD,2022/4/11,27884,3
769,769,d7c9ab1eeb7f99e7bd0f6c79cce0f4f1,cc26343339dc3c334442f4677d490511,EVMI2CD,2022/5/9,15798,4
770,770,d7c9ab1eeb7f99e7bd0f6c79cce0f4f1,cc26343339dc3c334442f4677d490511,EVMI2CD,2022/6/6,5100,5
771,771,d7c9ab1eeb7f99e7bd0f6c79cce0f4f1,cc26343339dc3c334442f4677d490511,EVMI2CD,2022/7/4,9000,6
772,772,d7c9ab1eeb7f99e7bd0f6c79cce0f4f1,cc26343339dc3c334442f4677d490511,EVMI2CD,2022/8/1,32400,7
773,773,d7c9ab1eeb7f99e7bd0f6c79cce0f4f1,cc26343339dc3c334442f4677d490511,EVMI2CD,2022/8/29,18600,8
774,774,d7c9ab1eeb7f99e7bd0f6c79cce0f4f1,cc26343339dc3c334442f4677d490511,EVMI2CD,2022/9/26,17100,9
775,775,d7c9ab1eeb7f99e7bd0f6c79cce0f4f1,cc26343339dc3c334442f4677d490511,EVMI2CD,2022/10/24,3300,10
776,776,d7c9ab1eeb7f99e7bd0f6c79cce0f4f1,cc26343339dc3c334442f4677d490511,EVMI2CD,2022/11/21,16500,11
777,777,d7c9ab1eeb7f99e7bd0f6c79cce0f4f1,cc26343339dc3c334442f4677d490511,EVMI2CD,2022/12/19,10200,12
778,778,d7c9ab1eeb7f99e7bd0f6c79cce0f4f1,cc26343339dc3c334442f4677d490511,EVMI2CD,2023/1/16,3570,13
779,779,d7c9ab1eeb7f99e7bd0f6c79cce0f4f1,d1046f5aa3fff65d4d4b8a35e8cd686b,EVMI2CD,2022/1/10,100,0
780,780,d7c9ab1eeb7f99e7bd0f6c79cce0f4f1,d1046f5aa3fff65d4d4b8a35e8cd686b,EVMI2CD,2022/2/7,1105,1
781,781,d7c9ab1eeb7f99e7bd0f6c79cce0f4f1,d1046f5aa3fff65d4d4b8a35e8cd686b,EVMI2CD,2022/3/7,5891,2
782,782,d7c9ab1eeb7f99e7bd0f6c79cce0f4f1,d1046f5aa3fff65d4d4b8a35e8cd686b,EVMI2CD,2022/4/4,1281,3
783,783,d7c9ab1eeb7f99e7bd0f6c79cce0f4f1,d1046f5aa3fff65d4d4b8a35e8cd686b,EVMI2CD,2022/5/2,851,4
784,784,d7c9ab1eeb7f99e7bd0f6c79cce0f4f1,d1046f5aa3fff65d4d4b8a35e8cd686b,EVMI2CD,2022/5/30,159,5
785,785,d7c9ab1eeb7f99e7bd0f6c79cce0f4f1,d1046f5aa3fff65d4d4b8a35e8cd686b,EVMI2CD,2022/6/27,510,6
786,786,d7c9ab1eeb7f99e7bd0f6c79cce0f4f1,d1046f5aa3fff65d4d4b8a35e8cd686b,EVMI2CD,2022/7/25,2947,7
787,787,d7c9ab1eeb7f99e7bd0f6c79cce0f4f1,d1046f5aa3fff65d4d4b8a35e8cd686b,EVMI2CD,2022/8/22,1604,8
788,788,d7c9ab1eeb7f99e7bd0f6c79cce0f4f1,d1046f5aa3fff65d4d4b8a35e8cd686b,EVMI2CD,2022/9/19,264,9
789,789,d7c9ab1eeb7f99e7bd0f6c79cce0f4f1,d1046f5aa3fff65d4d4b8a35e8cd686b,EVMI2CD,2022/10/17,2028,10
790,790,d7c9ab1eeb7f99e7bd0f6c79cce0f4f1,d56d12264806f99f2e3cc81c7016d84b,EVMI2CD,2022/1/10,133614,0
791,791,d7c9ab1eeb7f99e7bd0f6c79cce0f4f1,d56d12264806f99f2e3cc81c7016d84b,EVMI2CD,2022/2/7,959744,1
792,792,d7c9ab1eeb7f99e7bd0f6c79cce0f4f1,d56d12264806f99f2e3cc81c7016d84b,EVMI2CD,2022/3/7,1299619,2
793,793,d7c9ab1eeb7f99e7bd0f6c79cce0f4f1,d56d12264806f99f2e3cc81c7016d84b,EVMI2CD,2022/4/4,704771,3
794,794,d7c9ab1eeb7f99e7bd0f6c79cce0f4f1,d56d12264806f99f2e3cc81c7016d84b,EVMI2CD,2022/5/2,39445,4
795,795,d7c9ab1eeb7f99e7bd0f6c79cce0f4f1,d56d12264806f99f2e3cc81c7016d84b,EVMI2CD,2022/5/30,0,5
796,796,d7c9ab1eeb7f99e7bd0f6c79cce0f4f1,d56d12264806f99f2e3cc81c7016d84b,EVMI2CD,2022/6/27,21000,6
797,797,d7c9ab1eeb7f99e7bd0f6c79cce0f4f1,d56d12264806f99f2e3cc81c7016d84b,EVMI2CD,2022/7/25,0,7
798,798,d7c9ab1eeb7f99e7bd0f6c79cce0f4f1,d56d12264806f99f2e3cc81c7016d84b,EVMI2CD,2022/8/22,6700,8
799,799,d7c9ab1eeb7f99e7bd0f6c79cce0f4f1,d56d12264806f99f2e3cc81c7016d84b,EVMI2CD,2022/9/19,42600,9
800,800,d7c9ab1eeb7f99e7bd0f6c79cce0f4f1,e12793a453970259dd7ec293a1099a20,EVMI2CD,2022/1/10,26,0
801,801,d7c9ab1eeb7f99e7bd0f6c79cce0f4f1,e12793a453970259dd7ec293a1099a20,EVMI2CD,2022/2/7,34798,1
802,802,d7c9ab1eeb7f99e7bd0f6c79cce0f4f1,e12793a453970259dd7ec293a1099a20,EVMI2CD,2022/3/7,91727,2
803,803,d7c9ab1eeb7f99e7bd0f6c79cce0f4f1,e12793a453970259dd7ec293a1099a20,EVMI2CD,2022/4/4,202297,3
804,804,d7c9ab1eeb7f99e7bd0f6c79cce0f4f1,e12793a453970259dd7ec293a1099a20,EVMI2CD,2022/5/2,27380,4
805,805,d7c9ab1eeb7f99e7bd0f6c79cce0f4f1,e12793a453970259dd7ec293a1099a20,EVMI2CD,2022/5/30,58294,5
806,806,d7c9ab1eeb7f99e7bd0f6c79cce0f4f1,e12793a453970259dd7ec293a1099a20,EVMI2CD,2022/6/27,190283,6
807,807,d7c9ab1eeb7f99e7bd0f6c79cce0f4f1,e12793a453970259dd7ec293a1099a20,EVMI2CD,2022/7/25,114422,7
808,808,d7c9ab1eeb7f99e7bd0f6c79cce0f4f1,e12793a453970259dd7ec293a1099a20,EVMI2CD,2022/8/22,137572,8
809,809,d7c9ab1eeb7f99e7bd0f6c79cce0f4f1,e12793a453970259dd7ec293a1099a20,EVMI2CD,2022/9/19,193524,9
810,810,d7c9ab1eeb7f99e7bd0f6c79cce0f4f1,e12793a453970259dd7ec293a1099a20,EVMI2CD,2022/10/17,181095,10
811,811,d7c9ab1eeb7f99e7bd0f6c79cce0f4f1,e12793a453970259dd7ec293a1099a20,EVMI2CD,2022/11/14,91849,11
812,812,d7c9ab1eeb7f99e7bd0f6c79cce0f4f1,e12793a453970259dd7ec293a1099a20,EVMI2CD,2022/12/12,141339,12
813,813,d7c9ab1eeb7f99e7bd0f6c79cce0f4f1,e12793a453970259dd7ec293a1099a20,EVMI2CD,2023/1/9,79057,13
814,814,d7c9ab1eeb7f99e7bd0f6c79cce0f4f1,e387a7d8f2c81f3664c3e752351787ff,EVMI2CD,2022/1/17,17240,0
815,815,d7c9ab1eeb7f99e7bd0f6c79cce0f4f1,e387a7d8f2c81f3664c3e752351787ff,EVMI2CD,2022/2/14,53040,1
816,816,d7c9ab1eeb7f99e7bd0f6c79cce0f4f1,e387a7d8f2c81f3664c3e752351787ff,EVMI2CD,2022/3/14,73450,2
817,817,d7c9ab1eeb7f99e7bd0f6c79cce0f4f1,e387a7d8f2c81f3664c3e752351787ff,EVMI2CD,2022/4/11,87380,3
818,818,d7c9ab1eeb7f99e7bd0f6c79cce0f4f1,e387a7d8f2c81f3664c3e752351787ff,EVMI2CD,2022/5/9,73490,4
819,819,d7c9ab1eeb7f99e7bd0f6c79cce0f4f1,e387a7d8f2c81f3664c3e752351787ff,EVMI2CD,2022/6/6,0,5
820,820,d7c9ab1eeb7f99e7bd0f6c79cce0f4f1,e387a7d8f2c81f3664c3e752351787ff,EVMI2CD,2022/7/4,7200,6
821,821,d7c9ab1eeb7f99e7bd0f6c79cce0f4f1,e387a7d8f2c81f3664c3e752351787ff,EVMI2CD,2022/8/1,30206,7
822,822,d7c9ab1eeb7f99e7bd0f6c79cce0f4f1,e387a7d8f2c81f3664c3e752351787ff,EVMI2CD,2022/8/29,14636,8
823,823,d7c9ab1eeb7f99e7bd0f6c79cce0f4f1,e387a7d8f2c81f3664c3e752351787ff,EVMI2CD,2022/9/26,36360,9
824,824,d7c9ab1eeb7f99e7bd0f6c79cce0f4f1,e387a7d8f2c81f3664c3e752351787ff,EVMI2CD,2022/10/24,41148,10
825,825,d7c9ab1eeb7f99e7bd0f6c79cce0f4f1,e387a7d8f2c81f3664c3e752351787ff,EVMI2CD,2022/11/21,7980,11
826,826,d7c9ab1eeb7f99e7bd0f6c79cce0f4f1,e387a7d8f2c81f3664c3e752351787ff,EVMI2CD,2022/12/19,45852,12
827,827,d7c9ab1eeb7f99e7bd0f6c79cce0f4f1,e387a7d8f2c81f3664c3e752351787ff,EVMI2CD,2023/1/16,30282,13
828,828,d7c9ab1eeb7f99e7bd0f6c79cce0f4f1,e5d36f675854d622f0a273d10fe9a1fe,EVMI2CD,2022/8/15,80,0
829,829,d7c9ab1eeb7f99e7bd0f6c79cce0f4f1,e5d36f675854d622f0a273d10fe9a1fe,EVMI2CD,2022/9/12,0,1
830,830,d7c9ab1eeb7f99e7bd0f6c79cce0f4f1,e5d36f675854d622f0a273d10fe9a1fe,EVMI2CD,2022/10/10,46448,2
831,831,d7c9ab1eeb7f99e7bd0f6c79cce0f4f1,e5d36f675854d622f0a273d10fe9a1fe,EVMI2CD,2022/11/7,141760,3
832,832,d7c9ab1eeb7f99e7bd0f6c79cce0f4f1,e5d36f675854d622f0a273d10fe9a1fe,EVMI2CD,2022/12/5,138980,4
833,833,d7c9ab1eeb7f99e7bd0f6c79cce0f4f1,e5d36f675854d622f0a273d10fe9a1fe,EVMI2CD,2023/1/2,53361,5
834,834,d7c9ab1eeb7f99e7bd0f6c79cce0f4f1,e5d36f675854d622f0a273d10fe9a1fe,EVMI2CD,2023/1/30,6120,6
835,835,d7c9ab1eeb7f99e7bd0f6c79cce0f4f1,f80977a591691f24110533c9c79d50eb,EVMI2CD,2022/1/17,2000,0
836,836,d7c9ab1eeb7f99e7bd0f6c79cce0f4f1,f80977a591691f24110533c9c79d50eb,EVMI2CD,2022/2/14,9500,1
837,837,d7c9ab1eeb7f99e7bd0f6c79cce0f4f1,f80977a591691f24110533c9c79d50eb,EVMI2CD,2022/3/14,11000,2
838,838,d7c9ab1eeb7f99e7bd0f6c79cce0f4f1,f80977a591691f24110533c9c79d50eb,EVMI2CD,2022/4/11,10027,3
839,839,d7c9ab1eeb7f99e7bd0f6c79cce0f4f1,f80977a591691f24110533c9c79d50eb,EVMI2CD,2022/5/9,8500,4
840,840,d7c9ab1eeb7f99e7bd0f6c79cce0f4f1,f80977a591691f24110533c9c79d50eb,EVMI2CD,2022/6/6,15000,5
841,841,d7c9ab1eeb7f99e7bd0f6c79cce0f4f1,f80977a591691f24110533c9c79d50eb,EVMI2CD,2022/7/4,16503,6
842,842,d7c9ab1eeb7f99e7bd0f6c79cce0f4f1,f80977a591691f24110533c9c79d50eb,EVMI2CD,2022/8/1,15000,7
843,843,d7c9ab1eeb7f99e7bd0f6c79cce0f4f1,f80977a591691f24110533c9c79d50eb,EVMI2CD,2022/8/29,5000,8
844,844,d7c9ab1eeb7f99e7bd0f6c79cce0f4f1,f80977a591691f24110533c9c79d50eb,EVMI2CD,2022/9/26,14500,9
845,845,d7c9ab1eeb7f99e7bd0f6c79cce0f4f1,f80977a591691f24110533c9c79d50eb,EVMI2CD,2022/10/24,7700,10
846,846,d7c9ab1eeb7f99e7bd0f6c79cce0f4f1,f80977a591691f24110533c9c79d50eb,EVMI2CD,2022/11/21,8500,11
847,847,d7c9ab1eeb7f99e7bd0f6c79cce0f4f1,f80977a591691f24110533c9c79d50eb,EVMI2CD,2022/12/19,15000,12
848,848,d7c9ab1eeb7f99e7bd0f6c79cce0f4f1,f80977a591691f24110533c9c79d50eb,EVMI2CD,2023/1/16,5010,13
849,849,d7c9ab1eeb7f99e7bd0f6c79cce0f4f1,f831f307131b4693cff44e90c4815ce2,EVMI2CD,2022/5/23,20,0
850,850,d7c9ab1eeb7f99e7bd0f6c79cce0f4f1,f831f307131b4693cff44e90c4815ce2,EVMI2CD,2022/6/20,0,1
851,851,d7c9ab1eeb7f99e7bd0f6c79cce0f4f1,f831f307131b4693cff44e90c4815ce2,EVMI2CD,2022/7/18,0,2
852,852,d7c9ab1eeb7f99e7bd0f6c79cce0f4f1,f831f307131b4693cff44e90c4815ce2,EVMI2CD,2022/8/15,237,3
853,853,d7c9ab1eeb7f99e7bd0f6c79cce0f4f1,f831f307131b4693cff44e90c4815ce2,EVMI2CD,2022/9/12,190,4
854,854,d7c9ab1eeb7f99e7bd0f6c79cce0f4f1,f831f307131b4693cff44e90c4815ce2,EVMI2CD,2022/10/10,227,5
855,855,d7c9ab1eeb7f99e7bd0f6c79cce0f4f1,f831f307131b4693cff44e90c4815ce2,EVMI2CD,2022/11/7,171,6
856,856,d7c9ab1eeb7f99e7bd0f6c79cce0f4f1,f831f307131b4693cff44e90c4815ce2,EVMI2CD,2022/12/5,120,7
857,857,d7c9ab1eeb7f99e7bd0f6c79cce0f4f1,f831f307131b4693cff44e90c4815ce2,EVMI2CD,2023/1/2,154,8
