,supplier_name,supplier_part_no,customer_name,customer_part_no,manufacture_name,site_db,site,arn_no,asn_no,invoice_no,asn_status,iscanceled,quantity,asn_create_datetime
585995,9432e0dfbcc51c67af941987da19fe7f,f2d73841e2300896fca284277bfc2e79,d7c9ab1eeb7f99e7bd0f6c79cce0f4f1,2e52134307379f864dabb413f5606ae1,ddafb5a87f20ea6fdf5c12833592c61c,EVMI2CD,CD,,N000707770,90398209,Normal,0,172800,2022/6/21 9:22
585996,9432e0dfbcc51c67af941987da19fe7f,f2d73841e2300896fca284277bfc2e79,d7c9ab1eeb7f99e7bd0f6c79cce0f4f1,2e52134307379f864dabb413f5606ae1,ddafb5a87f20ea6fdf5c12833592c61c,EVMI2CD,CD,,N000709184,90398505,Cancel,1,172800,2022/6/25 16:02
585997,9432e0dfbcc51c67af941987da19fe7f,f2d73841e2300896fca284277bfc2e79,d7c9ab1eeb7f99e7bd0f6c79cce0f4f1,2e52134307379f864dabb413f5606ae1,ddafb5a87f20ea6fdf5c12833592c61c,EVMI2CD,CD,,N000730872,90403300,Cancel,1,158400,2022/9/13 17:17
585998,9432e0dfbcc51c67af941987da19fe7f,f2d73841e2300896fca284277bfc2e79,d7c9ab1eeb7f99e7bd0f6c79cce0f4f1,2e52134307379f864dabb413f5606ae1,ddafb5a87f20ea6fdf5c12833592c61c,EVMI2CD,CD,,N000743558,90406025,Cancel,1,79200,2022/10/26 8:52
585999,9432e0dfbcc51c67af941987da19fe7f,f2d73841e2300896fca284277bfc2e79,d7c9ab1eeb7f99e7bd0f6c79cce0f4f1,2e52134307379f864dabb413f5606ae1,ddafb5a87f20ea6fdf5c12833592c61c,EVMI2CD,CD,A000607388,N000557951,90362344,Normal,0,115200,2020/11/7 14:16
586000,9432e0dfbcc51c67af941987da19fe7f,f2d73841e2300896fca284277bfc2e79,d7c9ab1eeb7f99e7bd0f6c79cce0f4f1,2e52134307379f864dabb413f5606ae1,ddafb5a87f20ea6fdf5c12833592c61c,EVMI2CD,CD,A000608983,N000559568,90362697,Normal,0,115200,2020/11/13 9:03
586001,9432e0dfbcc51c67af941987da19fe7f,f2d73841e2300896fca284277bfc2e79,d7c9ab1eeb7f99e7bd0f6c79cce0f4f1,2e52134307379f864dabb413f5606ae1,ddafb5a87f20ea6fdf5c12833592c61c,EVMI2CD,CD,A000611058,N000561102,90362944,Normal,0,28800,2020/11/18 14:12
586002,9432e0dfbcc51c67af941987da19fe7f,f2d73841e2300896fca284277bfc2e79,d7c9ab1eeb7f99e7bd0f6c79cce0f4f1,2e52134307379f864dabb413f5606ae1,ddafb5a87f20ea6fdf5c12833592c61c,EVMI2CD,CD,A000614715,N000564132,90363663,Normal,0,28800,2020/11/27 23:13
586003,9432e0dfbcc51c67af941987da19fe7f,f2d73841e2300896fca284277bfc2e79,d7c9ab1eeb7f99e7bd0f6c79cce0f4f1,2e52134307379f864dabb413f5606ae1,ddafb5a87f20ea6fdf5c12833592c61c,EVMI2CD,CD,A000617239,N000566203,90364076,Normal,0,115200,2020/12/5 13:54
586004,9432e0dfbcc51c67af941987da19fe7f,f2d73841e2300896fca284277bfc2e79,d7c9ab1eeb7f99e7bd0f6c79cce0f4f1,2e52134307379f864dabb413f5606ae1,ddafb5a87f20ea6fdf5c12833592c61c,EVMI2CD,CD,A000619776,N000568330,90364412,Normal,0,43200,2020/12/12 14:27
586005,9432e0dfbcc51c67af941987da19fe7f,f2d73841e2300896fca284277bfc2e79,d7c9ab1eeb7f99e7bd0f6c79cce0f4f1,2e52134307379f864dabb413f5606ae1,ddafb5a87f20ea6fdf5c12833592c61c,EVMI2CD,CD,A000621276,N000569670,90364584,Normal,0,115200,2020/12/17 8:49
586006,9432e0dfbcc51c67af941987da19fe7f,f2d73841e2300896fca284277bfc2e79,d7c9ab1eeb7f99e7bd0f6c79cce0f4f1,2e52134307379f864dabb413f5606ae1,ddafb5a87f20ea6fdf5c12833592c61c,EVMI2CD,CD,A000621278,N000569671,90364585,Normal,0,115200,2020/12/17 8:50
586007,9432e0dfbcc51c67af941987da19fe7f,f2d73841e2300896fca284277bfc2e79,d7c9ab1eeb7f99e7bd0f6c79cce0f4f1,2e52134307379f864dabb413f5606ae1,ddafb5a87f20ea6fdf5c12833592c61c,EVMI2CD,CD,A000621279,N000569672,90364683,Normal,0,43200,2020/12/17 8:53
586008,9432e0dfbcc51c67af941987da19fe7f,f2d73841e2300896fca284277bfc2e79,d7c9ab1eeb7f99e7bd0f6c79cce0f4f1,2e52134307379f864dabb413f5606ae1,ddafb5a87f20ea6fdf5c12833592c61c,EVMI2CD,CD,A000625126,N000572840,90365261,Normal,0,57600,2020/12/27 15:17
586009,9432e0dfbcc51c67af941987da19fe7f,f2d73841e2300896fca284277bfc2e79,d7c9ab1eeb7f99e7bd0f6c79cce0f4f1,2e52134307379f864dabb413f5606ae1,ddafb5a87f20ea6fdf5c12833592c61c,EVMI2CD,CD,A000626874,N000574320,90365508,Normal,0,28800,2021/1/4 23:07
586010,9432e0dfbcc51c67af941987da19fe7f,f2d73841e2300896fca284277bfc2e79,d7c9ab1eeb7f99e7bd0f6c79cce0f4f1,2e52134307379f864dabb413f5606ae1,ddafb5a87f20ea6fdf5c12833592c61c,EVMI2CD,CD,A000628798,N000576999,90365838,Normal,0,50400,2021/1/10 23:57
586011,9432e0dfbcc51c67af941987da19fe7f,f2d73841e2300896fca284277bfc2e79,d7c9ab1eeb7f99e7bd0f6c79cce0f4f1,2e52134307379f864dabb413f5606ae1,ddafb5a87f20ea6fdf5c12833592c61c,EVMI2CD,CD,A000633642,N000581104,90366768,Normal,0,72000,2021/1/25 9:05
586012,9432e0dfbcc51c67af941987da19fe7f,f2d73841e2300896fca284277bfc2e79,d7c9ab1eeb7f99e7bd0f6c79cce0f4f1,2e52134307379f864dabb413f5606ae1,ddafb5a87f20ea6fdf5c12833592c61c,EVMI2CD,CD,A000634126,N000581562,90366872,Normal,0,72000,2021/1/26 10:26
586013,9432e0dfbcc51c67af941987da19fe7f,f2d73841e2300896fca284277bfc2e79,d7c9ab1eeb7f99e7bd0f6c79cce0f4f1,2e52134307379f864dabb413f5606ae1,ddafb5a87f20ea6fdf5c12833592c61c,EVMI2CD,CD,A000635787,N000582893,90367069,Normal,0,122400,2021/1/29 15:36
586014,9432e0dfbcc51c67af941987da19fe7f,f2d73841e2300896fca284277bfc2e79,d7c9ab1eeb7f99e7bd0f6c79cce0f4f1,2e52134307379f864dabb413f5606ae1,ddafb5a87f20ea6fdf5c12833592c61c,EVMI2CD,CD,A000636206,N000583247,90367289,Normal,0,122400,2021/1/30 14:41
586015,9432e0dfbcc51c67af941987da19fe7f,f2d73841e2300896fca284277bfc2e79,d7c9ab1eeb7f99e7bd0f6c79cce0f4f1,2e52134307379f864dabb413f5606ae1,ddafb5a87f20ea6fdf5c12833592c61c,EVMI2CD,CD,A000640343,N000586962,90368138,Normal,0,28800,2021/2/20 16:25
586016,9432e0dfbcc51c67af941987da19fe7f,f2d73841e2300896fca284277bfc2e79,d7c9ab1eeb7f99e7bd0f6c79cce0f4f1,2e52134307379f864dabb413f5606ae1,ddafb5a87f20ea6fdf5c12833592c61c,EVMI2CD,CD,A000640902,N000587444,90368259,Normal,0,57600,2021/2/23 16:33
586017,9432e0dfbcc51c67af941987da19fe7f,f2d73841e2300896fca284277bfc2e79,d7c9ab1eeb7f99e7bd0f6c79cce0f4f1,2e52134307379f864dabb413f5606ae1,ddafb5a87f20ea6fdf5c12833592c61c,EVMI2CD,CD,A000642447,N000588584,90368536,Normal,0,57600,2021/3/1 9:43
586018,9432e0dfbcc51c67af941987da19fe7f,f2d73841e2300896fca284277bfc2e79,d7c9ab1eeb7f99e7bd0f6c79cce0f4f1,2e52134307379f864dabb413f5606ae1,ddafb5a87f20ea6fdf5c12833592c61c,EVMI2CD,CD,A000646218,N000591792,90369503,Normal,0,108000,2021/3/12 16:09
586019,9432e0dfbcc51c67af941987da19fe7f,f2d73841e2300896fca284277bfc2e79,d7c9ab1eeb7f99e7bd0f6c79cce0f4f1,2e52134307379f864dabb413f5606ae1,ddafb5a87f20ea6fdf5c12833592c61c,EVMI2CD,CD,A000646763,N000592326,90369605,Normal,0,136800,2021/3/15 14:20
586020,9432e0dfbcc51c67af941987da19fe7f,f2d73841e2300896fca284277bfc2e79,d7c9ab1eeb7f99e7bd0f6c79cce0f4f1,2e52134307379f864dabb413f5606ae1,ddafb5a87f20ea6fdf5c12833592c61c,EVMI2CD,CD,A000647155,N000592695,90369730,Normal,0,144000,2021/3/16 14:33
586021,9432e0dfbcc51c67af941987da19fe7f,f2d73841e2300896fca284277bfc2e79,d7c9ab1eeb7f99e7bd0f6c79cce0f4f1,2e52134307379f864dabb413f5606ae1,ddafb5a87f20ea6fdf5c12833592c61c,EVMI2CD,CD,A000650553,N000595560,90370407,Normal,0,108000,2021/3/25 13:57
586022,9432e0dfbcc51c67af941987da19fe7f,f2d73841e2300896fca284277bfc2e79,d7c9ab1eeb7f99e7bd0f6c79cce0f4f1,2e52134307379f864dabb413f5606ae1,ddafb5a87f20ea6fdf5c12833592c61c,EVMI2CD,CD,A000652993,N000597648,90370939,Normal,0,151200,2021/4/1 14:43
586023,9432e0dfbcc51c67af941987da19fe7f,f2d73841e2300896fca284277bfc2e79,d7c9ab1eeb7f99e7bd0f6c79cce0f4f1,2e52134307379f864dabb413f5606ae1,ddafb5a87f20ea6fdf5c12833592c61c,EVMI2CD,CD,A000655692,N000599811,90371356,Normal,0,57600,2021/4/10 14:54
586024,9432e0dfbcc51c67af941987da19fe7f,f2d73841e2300896fca284277bfc2e79,d7c9ab1eeb7f99e7bd0f6c79cce0f4f1,2e52134307379f864dabb413f5606ae1,ddafb5a87f20ea6fdf5c12833592c61c,EVMI2CD,CD,A000658186,N000601876,90371826,Normal,0,158400,2021/4/19 14:03
586025,9432e0dfbcc51c67af941987da19fe7f,f2d73841e2300896fca284277bfc2e79,d7c9ab1eeb7f99e7bd0f6c79cce0f4f1,2e52134307379f864dabb413f5606ae1,ddafb5a87f20ea6fdf5c12833592c61c,EVMI2CD,CD,A000662588,N000605578,90372769,Normal,0,122400,2021/5/4 9:12
586026,9432e0dfbcc51c67af941987da19fe7f,f2d73841e2300896fca284277bfc2e79,d7c9ab1eeb7f99e7bd0f6c79cce0f4f1,2e52134307379f864dabb413f5606ae1,ddafb5a87f20ea6fdf5c12833592c61c,EVMI2CD,CD,A000663973,N000606732,90373196,Normal,0,172800,2021/5/8 11:24
586027,9432e0dfbcc51c67af941987da19fe7f,f2d73841e2300896fca284277bfc2e79,d7c9ab1eeb7f99e7bd0f6c79cce0f4f1,2e52134307379f864dabb413f5606ae1,ddafb5a87f20ea6fdf5c12833592c61c,EVMI2CD,CD,A000666863,N000609034,90373668,Normal,0,165600,2021/5/18 16:38
586028,9432e0dfbcc51c67af941987da19fe7f,f2d73841e2300896fca284277bfc2e79,d7c9ab1eeb7f99e7bd0f6c79cce0f4f1,2e52134307379f864dabb413f5606ae1,ddafb5a87f20ea6fdf5c12833592c61c,EVMI2CD,CD,A000668896,N000610641,90374014,Normal,0,136800,2021/5/25 14:40
586029,9432e0dfbcc51c67af941987da19fe7f,f2d73841e2300896fca284277bfc2e79,d7c9ab1eeb7f99e7bd0f6c79cce0f4f1,2e52134307379f864dabb413f5606ae1,ddafb5a87f20ea6fdf5c12833592c61c,EVMI2CD,CD,A000670635,N000611991,90374555,Normal,0,151200,2021/5/31 11:29
586030,9432e0dfbcc51c67af941987da19fe7f,f2d73841e2300896fca284277bfc2e79,d7c9ab1eeb7f99e7bd0f6c79cce0f4f1,2e52134307379f864dabb413f5606ae1,ddafb5a87f20ea6fdf5c12833592c61c,EVMI2CD,CD,A000672522,N000613721,90375020,Normal,0,100800,2021/6/7 14:51
586031,9432e0dfbcc51c67af941987da19fe7f,f2d73841e2300896fca284277bfc2e79,d7c9ab1eeb7f99e7bd0f6c79cce0f4f1,2e52134307379f864dabb413f5606ae1,ddafb5a87f20ea6fdf5c12833592c61c,EVMI2CD,CD,A000680774,N000620674,90376713,Normal,0,93600,2021/7/6 10:18
586032,9432e0dfbcc51c67af941987da19fe7f,f2d73841e2300896fca284277bfc2e79,d7c9ab1eeb7f99e7bd0f6c79cce0f4f1,2e52134307379f864dabb413f5606ae1,ddafb5a87f20ea6fdf5c12833592c61c,EVMI2CD,CD,A000692066,N000630505,90378829,Normal,0,36000,2021/8/9 15:22
586033,9432e0dfbcc51c67af941987da19fe7f,f2d73841e2300896fca284277bfc2e79,d7c9ab1eeb7f99e7bd0f6c79cce0f4f1,2e52134307379f864dabb413f5606ae1,ddafb5a87f20ea6fdf5c12833592c61c,EVMI2CD,CD,A000696418,N000634172,90379548,Normal,0,172800,2021/8/23 13:44
586034,9432e0dfbcc51c67af941987da19fe7f,f2d73841e2300896fca284277bfc2e79,d7c9ab1eeb7f99e7bd0f6c79cce0f4f1,2e52134307379f864dabb413f5606ae1,ddafb5a87f20ea6fdf5c12833592c61c,EVMI2CD,CD,A000698361,N000635831,90380084,Normal,0,86400,2021/8/28 11:22
586035,9432e0dfbcc51c67af941987da19fe7f,f2d73841e2300896fca284277bfc2e79,d7c9ab1eeb7f99e7bd0f6c79cce0f4f1,2e52134307379f864dabb413f5606ae1,ddafb5a87f20ea6fdf5c12833592c61c,EVMI2CD,CD,A000700725,N000637906,90380578,Normal,0,79200,2021/9/6 15:29
586036,9432e0dfbcc51c67af941987da19fe7f,f2d73841e2300896fca284277bfc2e79,d7c9ab1eeb7f99e7bd0f6c79cce0f4f1,2e52134307379f864dabb413f5606ae1,ddafb5a87f20ea6fdf5c12833592c61c,EVMI2CD,CD,A000706118,N000642453,90381798,Normal,0,144000,2021/9/25 15:29
586037,9432e0dfbcc51c67af941987da19fe7f,f2d73841e2300896fca284277bfc2e79,d7c9ab1eeb7f99e7bd0f6c79cce0f4f1,2e52134307379f864dabb413f5606ae1,ddafb5a87f20ea6fdf5c12833592c61c,EVMI2CD,CD,A000708913,N000644647,90382387,Normal,0,136800,2021/10/9 12:02
586038,9432e0dfbcc51c67af941987da19fe7f,f2d73841e2300896fca284277bfc2e79,d7c9ab1eeb7f99e7bd0f6c79cce0f4f1,2e52134307379f864dabb413f5606ae1,ddafb5a87f20ea6fdf5c12833592c61c,EVMI2CD,CD,A000712885,N000647795,90383290,Normal,0,151200,2021/10/23 9:23
586039,9432e0dfbcc51c67af941987da19fe7f,f2d73841e2300896fca284277bfc2e79,d7c9ab1eeb7f99e7bd0f6c79cce0f4f1,2e52134307379f864dabb413f5606ae1,ddafb5a87f20ea6fdf5c12833592c61c,EVMI2CD,CD,A000715162,N000649548,90383823,Normal,0,172800,2021/10/30 10:31
586040,9432e0dfbcc51c67af941987da19fe7f,f2d73841e2300896fca284277bfc2e79,d7c9ab1eeb7f99e7bd0f6c79cce0f4f1,2e52134307379f864dabb413f5606ae1,ddafb5a87f20ea6fdf5c12833592c61c,EVMI2CD,CD,A000715163,N000649549,90383845,Normal,0,79200,2021/10/30 10:33
586041,9432e0dfbcc51c67af941987da19fe7f,f2d73841e2300896fca284277bfc2e79,d7c9ab1eeb7f99e7bd0f6c79cce0f4f1,2e52134307379f864dabb413f5606ae1,ddafb5a87f20ea6fdf5c12833592c61c,EVMI2CD,CD,A000717206,N000651179,90384301,Normal,0,108000,2021/11/6 14:48
586042,9432e0dfbcc51c67af941987da19fe7f,f2d73841e2300896fca284277bfc2e79,d7c9ab1eeb7f99e7bd0f6c79cce0f4f1,2e52134307379f864dabb413f5606ae1,ddafb5a87f20ea6fdf5c12833592c61c,EVMI2CD,CD,A000717208,N000651180,90384302,Normal,0,122400,2021/11/6 14:49
586043,9432e0dfbcc51c67af941987da19fe7f,f2d73841e2300896fca284277bfc2e79,d7c9ab1eeb7f99e7bd0f6c79cce0f4f1,2e52134307379f864dabb413f5606ae1,ddafb5a87f20ea6fdf5c12833592c61c,EVMI2CD,CD,A000719257,N000652751,90384754,Normal,0,172800,2021/11/12 17:07
586044,9432e0dfbcc51c67af941987da19fe7f,f2d73841e2300896fca284277bfc2e79,d7c9ab1eeb7f99e7bd0f6c79cce0f4f1,2e52134307379f864dabb413f5606ae1,ddafb5a87f20ea6fdf5c12833592c61c,EVMI2CD,CD,A000721596,N000654637,90385149,Normal,0,172800,2021/11/19 15:31
586045,9432e0dfbcc51c67af941987da19fe7f,f2d73841e2300896fca284277bfc2e79,d7c9ab1eeb7f99e7bd0f6c79cce0f4f1,2e52134307379f864dabb413f5606ae1,ddafb5a87f20ea6fdf5c12833592c61c,EVMI2CD,CD,A000721597,N000654638,90385150,Normal,0,64800,2021/11/19 15:31
586046,9432e0dfbcc51c67af941987da19fe7f,f2d73841e2300896fca284277bfc2e79,d7c9ab1eeb7f99e7bd0f6c79cce0f4f1,2e52134307379f864dabb413f5606ae1,ddafb5a87f20ea6fdf5c12833592c61c,EVMI2CD,CD,A000724222,N000656576,90385618,Normal,0,28800,2021/11/27 11:23
586047,9432e0dfbcc51c67af941987da19fe7f,f2d73841e2300896fca284277bfc2e79,d7c9ab1eeb7f99e7bd0f6c79cce0f4f1,2e52134307379f864dabb413f5606ae1,ddafb5a87f20ea6fdf5c12833592c61c,EVMI2CD,CD,A000724224,N000656579,90385663,Normal,0,172800,2021/11/27 11:25
586048,9432e0dfbcc51c67af941987da19fe7f,f2d73841e2300896fca284277bfc2e79,d7c9ab1eeb7f99e7bd0f6c79cce0f4f1,2e52134307379f864dabb413f5606ae1,ddafb5a87f20ea6fdf5c12833592c61c,EVMI2CD,CD,A000725896,N000657856,90386035,Normal,0,172800,2021/12/3 11:51
586049,9432e0dfbcc51c67af941987da19fe7f,f2d73841e2300896fca284277bfc2e79,d7c9ab1eeb7f99e7bd0f6c79cce0f4f1,2e52134307379f864dabb413f5606ae1,ddafb5a87f20ea6fdf5c12833592c61c,EVMI2CD,CD,A000726962,N000658865,90386249,Normal,0,172800,2021/12/7 15:59
586050,9432e0dfbcc51c67af941987da19fe7f,f2d73841e2300896fca284277bfc2e79,d7c9ab1eeb7f99e7bd0f6c79cce0f4f1,2e52134307379f864dabb413f5606ae1,ddafb5a87f20ea6fdf5c12833592c61c,EVMI2CD,CD,A000726967,N000658870,90386295,Normal,0,165600,2021/12/7 16:02
586051,9432e0dfbcc51c67af941987da19fe7f,f2d73841e2300896fca284277bfc2e79,d7c9ab1eeb7f99e7bd0f6c79cce0f4f1,2e52134307379f864dabb413f5606ae1,ddafb5a87f20ea6fdf5c12833592c61c,EVMI2CD,CD,A000730573,N000661588,90387185,Normal,0,122400,2021/12/18 13:59
586052,9432e0dfbcc51c67af941987da19fe7f,f2d73841e2300896fca284277bfc2e79,d7c9ab1eeb7f99e7bd0f6c79cce0f4f1,2e52134307379f864dabb413f5606ae1,ddafb5a87f20ea6fdf5c12833592c61c,EVMI2CD,CD,A000730574,N000661589,90387237,Normal,0,172800,2021/12/18 14:00
586053,9432e0dfbcc51c67af941987da19fe7f,f2d73841e2300896fca284277bfc2e79,d7c9ab1eeb7f99e7bd0f6c79cce0f4f1,2e52134307379f864dabb413f5606ae1,ddafb5a87f20ea6fdf5c12833592c61c,EVMI2CD,CD,A000733039,N000663328,90387713,Normal,0,72000,2021/12/25 11:41
586054,9432e0dfbcc51c67af941987da19fe7f,f2d73841e2300896fca284277bfc2e79,d7c9ab1eeb7f99e7bd0f6c79cce0f4f1,2e52134307379f864dabb413f5606ae1,ddafb5a87f20ea6fdf5c12833592c61c,EVMI2CD,CD,A000733374,N000663640,90387844,Normal,0,172800,2021/12/27 16:07
586055,9432e0dfbcc51c67af941987da19fe7f,f2d73841e2300896fca284277bfc2e79,d7c9ab1eeb7f99e7bd0f6c79cce0f4f1,2e52134307379f864dabb413f5606ae1,ddafb5a87f20ea6fdf5c12833592c61c,EVMI2CD,CD,A000739282,N000668641,90389086,Normal,0,72000,2022/1/17 9:05
586056,9432e0dfbcc51c67af941987da19fe7f,f2d73841e2300896fca284277bfc2e79,d7c9ab1eeb7f99e7bd0f6c79cce0f4f1,2e52134307379f864dabb413f5606ae1,ddafb5a87f20ea6fdf5c12833592c61c,EVMI2CD,CD,A000740173,N000669321,90389234,Normal,0,172800,2022/1/19 14:58
586057,9432e0dfbcc51c67af941987da19fe7f,f2d73841e2300896fca284277bfc2e79,d7c9ab1eeb7f99e7bd0f6c79cce0f4f1,2e52134307379f864dabb413f5606ae1,ddafb5a87f20ea6fdf5c12833592c61c,EVMI2CD,CD,A000740190,N000669336,90389220,Normal,0,108000,2022/1/19 15:36
586058,9432e0dfbcc51c67af941987da19fe7f,f2d73841e2300896fca284277bfc2e79,d7c9ab1eeb7f99e7bd0f6c79cce0f4f1,2e52134307379f864dabb413f5606ae1,ddafb5a87f20ea6fdf5c12833592c61c,EVMI2CD,CD,A000741103,N000670036,90389507,Normal,0,172800,2022/1/21 17:46
586059,9432e0dfbcc51c67af941987da19fe7f,f2d73841e2300896fca284277bfc2e79,d7c9ab1eeb7f99e7bd0f6c79cce0f4f1,2e52134307379f864dabb413f5606ae1,ddafb5a87f20ea6fdf5c12833592c61c,EVMI2CD,CD,A000741104,N000670037,90389505,Normal,0,28800,2022/1/21 17:51
586060,9432e0dfbcc51c67af941987da19fe7f,f2d73841e2300896fca284277bfc2e79,d7c9ab1eeb7f99e7bd0f6c79cce0f4f1,2e52134307379f864dabb413f5606ae1,ddafb5a87f20ea6fdf5c12833592c61c,EVMI2CD,CD,A000744343,N000672854,90390404,Normal,0,172800,2022/2/12 9:08
586061,9432e0dfbcc51c67af941987da19fe7f,f2d73841e2300896fca284277bfc2e79,d7c9ab1eeb7f99e7bd0f6c79cce0f4f1,2e52134307379f864dabb413f5606ae1,ddafb5a87f20ea6fdf5c12833592c61c,EVMI2CD,CD,A000744449,N000672961,90390463,Normal,0,129600,2022/2/12 14:03
586062,9432e0dfbcc51c67af941987da19fe7f,f2d73841e2300896fca284277bfc2e79,d7c9ab1eeb7f99e7bd0f6c79cce0f4f1,2e52134307379f864dabb413f5606ae1,ddafb5a87f20ea6fdf5c12833592c61c,EVMI2CD,CD,A000744635,N000673124,90390527,Normal,0,86400,2022/2/14 11:46
586063,9432e0dfbcc51c67af941987da19fe7f,f2d73841e2300896fca284277bfc2e79,d7c9ab1eeb7f99e7bd0f6c79cce0f4f1,2e52134307379f864dabb413f5606ae1,ddafb5a87f20ea6fdf5c12833592c61c,EVMI2CD,CD,A000747102,N000675232,90390697,Normal,0,172800,2022/2/18 11:18
586064,9432e0dfbcc51c67af941987da19fe7f,f2d73841e2300896fca284277bfc2e79,d7c9ab1eeb7f99e7bd0f6c79cce0f4f1,2e52134307379f864dabb413f5606ae1,ddafb5a87f20ea6fdf5c12833592c61c,EVMI2CD,CD,A000747103,N000675233,90390751,Normal,0,144000,2022/2/18 11:19
586065,9432e0dfbcc51c67af941987da19fe7f,f2d73841e2300896fca284277bfc2e79,d7c9ab1eeb7f99e7bd0f6c79cce0f4f1,2e52134307379f864dabb413f5606ae1,ddafb5a87f20ea6fdf5c12833592c61c,EVMI2CD,CD,A000748406,N000676399,90390993,Normal,0,14400,2022/2/23 9:17
586066,9432e0dfbcc51c67af941987da19fe7f,f2d73841e2300896fca284277bfc2e79,d7c9ab1eeb7f99e7bd0f6c79cce0f4f1,2e52134307379f864dabb413f5606ae1,ddafb5a87f20ea6fdf5c12833592c61c,EVMI2CD,CD,A000748410,N000676403,90391045,Normal,0,172800,2022/2/23 9:21
586067,9432e0dfbcc51c67af941987da19fe7f,f2d73841e2300896fca284277bfc2e79,d7c9ab1eeb7f99e7bd0f6c79cce0f4f1,2e52134307379f864dabb413f5606ae1,ddafb5a87f20ea6fdf5c12833592c61c,EVMI2CD,CD,A000748856,N000676814,90391210,Normal,0,108000,2022/2/24 11:46
586068,9432e0dfbcc51c67af941987da19fe7f,f2d73841e2300896fca284277bfc2e79,d7c9ab1eeb7f99e7bd0f6c79cce0f4f1,2e52134307379f864dabb413f5606ae1,ddafb5a87f20ea6fdf5c12833592c61c,EVMI2CD,CD,A000748859,N000676815,90391211,Normal,0,108000,2022/2/24 11:47
586069,9432e0dfbcc51c67af941987da19fe7f,f2d73841e2300896fca284277bfc2e79,d7c9ab1eeb7f99e7bd0f6c79cce0f4f1,2e52134307379f864dabb413f5606ae1,ddafb5a87f20ea6fdf5c12833592c61c,EVMI2CD,CD,A000750012,N000677812,90391454,Normal,0,100800,2022/2/28 14:05
586070,9432e0dfbcc51c67af941987da19fe7f,f2d73841e2300896fca284277bfc2e79,d7c9ab1eeb7f99e7bd0f6c79cce0f4f1,2e52134307379f864dabb413f5606ae1,ddafb5a87f20ea6fdf5c12833592c61c,EVMI2CD,CD,A000751805,N000679446,90391792,Normal,0,144000,2022/3/5 15:29
586071,9432e0dfbcc51c67af941987da19fe7f,f2d73841e2300896fca284277bfc2e79,d7c9ab1eeb7f99e7bd0f6c79cce0f4f1,2e52134307379f864dabb413f5606ae1,ddafb5a87f20ea6fdf5c12833592c61c,EVMI2CD,CD,A000751806,N000679447,90391793,Normal,0,158400,2022/3/5 15:29
586072,9432e0dfbcc51c67af941987da19fe7f,f2d73841e2300896fca284277bfc2e79,d7c9ab1eeb7f99e7bd0f6c79cce0f4f1,2e52134307379f864dabb413f5606ae1,ddafb5a87f20ea6fdf5c12833592c61c,EVMI2CD,CD,A000752640,N000680209,90391905,Normal,0,14400,2022/3/9 8:49
586073,9432e0dfbcc51c67af941987da19fe7f,f2d73841e2300896fca284277bfc2e79,d7c9ab1eeb7f99e7bd0f6c79cce0f4f1,2e52134307379f864dabb413f5606ae1,ddafb5a87f20ea6fdf5c12833592c61c,EVMI2CD,CD,A000753994,N000681434,90392299,Normal,0,172800,2022/3/12 11:34
586074,9432e0dfbcc51c67af941987da19fe7f,f2d73841e2300896fca284277bfc2e79,d7c9ab1eeb7f99e7bd0f6c79cce0f4f1,2e52134307379f864dabb413f5606ae1,ddafb5a87f20ea6fdf5c12833592c61c,EVMI2CD,CD,A000753995,N000681435,90392318,Normal,0,172800,2022/3/12 11:34
586075,9432e0dfbcc51c67af941987da19fe7f,f2d73841e2300896fca284277bfc2e79,d7c9ab1eeb7f99e7bd0f6c79cce0f4f1,2e52134307379f864dabb413f5606ae1,ddafb5a87f20ea6fdf5c12833592c61c,EVMI2CD,CD,A000756442,N000683515,90392649,Normal,0,158400,2022/3/19 17:56
586076,9432e0dfbcc51c67af941987da19fe7f,f2d73841e2300896fca284277bfc2e79,d7c9ab1eeb7f99e7bd0f6c79cce0f4f1,2e52134307379f864dabb413f5606ae1,ddafb5a87f20ea6fdf5c12833592c61c,EVMI2CD,CD,A000756443,N000683516,90392650,Normal,0,129600,2022/3/19 17:57
586077,9432e0dfbcc51c67af941987da19fe7f,f2d73841e2300896fca284277bfc2e79,d7c9ab1eeb7f99e7bd0f6c79cce0f4f1,2e52134307379f864dabb413f5606ae1,ddafb5a87f20ea6fdf5c12833592c61c,EVMI2CD,CD,A000758176,N000684950,90392980,Normal,0,144000,2022/3/25 9:58
586078,9432e0dfbcc51c67af941987da19fe7f,f2d73841e2300896fca284277bfc2e79,d7c9ab1eeb7f99e7bd0f6c79cce0f4f1,2e52134307379f864dabb413f5606ae1,ddafb5a87f20ea6fdf5c12833592c61c,EVMI2CD,CD,A000758177,N000684951,90393014,Normal,0,64800,2022/3/25 9:58
586079,9432e0dfbcc51c67af941987da19fe7f,f2d73841e2300896fca284277bfc2e79,d7c9ab1eeb7f99e7bd0f6c79cce0f4f1,2e52134307379f864dabb413f5606ae1,ddafb5a87f20ea6fdf5c12833592c61c,EVMI2CD,CD,A000759447,N000686112,90393206,Normal,0,7200,2022/3/29 11:06
586080,9432e0dfbcc51c67af941987da19fe7f,f2d73841e2300896fca284277bfc2e79,d7c9ab1eeb7f99e7bd0f6c79cce0f4f1,2e52134307379f864dabb413f5606ae1,ddafb5a87f20ea6fdf5c12833592c61c,EVMI2CD,CD,A000760517,N000687037,90393498,Normal,0,7200,2022/4/1 10:29
586081,9432e0dfbcc51c67af941987da19fe7f,f2d73841e2300896fca284277bfc2e79,d7c9ab1eeb7f99e7bd0f6c79cce0f4f1,2e52134307379f864dabb413f5606ae1,ddafb5a87f20ea6fdf5c12833592c61c,EVMI2CD,CD,A000760797,N000687301,90393497,Normal,0,172800,2022/4/2 8:48
586082,9432e0dfbcc51c67af941987da19fe7f,f2d73841e2300896fca284277bfc2e79,d7c9ab1eeb7f99e7bd0f6c79cce0f4f1,2e52134307379f864dabb413f5606ae1,ddafb5a87f20ea6fdf5c12833592c61c,EVMI2CD,CD,A000760872,N000687380,90393582,Normal,0,100800,2022/4/2 11:02
586083,9432e0dfbcc51c67af941987da19fe7f,f2d73841e2300896fca284277bfc2e79,d7c9ab1eeb7f99e7bd0f6c79cce0f4f1,2e52134307379f864dabb413f5606ae1,ddafb5a87f20ea6fdf5c12833592c61c,EVMI2CD,CD,A000762441,N000688787,90393831,Normal,0,144000,2022/4/9 8:57
586084,9432e0dfbcc51c67af941987da19fe7f,f2d73841e2300896fca284277bfc2e79,d7c9ab1eeb7f99e7bd0f6c79cce0f4f1,2e52134307379f864dabb413f5606ae1,ddafb5a87f20ea6fdf5c12833592c61c,EVMI2CD,CD,A000762443,N000688789,90393881,Normal,0,108000,2022/4/9 8:59
586085,9432e0dfbcc51c67af941987da19fe7f,f2d73841e2300896fca284277bfc2e79,d7c9ab1eeb7f99e7bd0f6c79cce0f4f1,2e52134307379f864dabb413f5606ae1,ddafb5a87f20ea6fdf5c12833592c61c,EVMI2CD,CD,A000764646,N000690657,90394328,Normal,0,57600,2022/4/16 16:44
586086,9432e0dfbcc51c67af941987da19fe7f,f2d73841e2300896fca284277bfc2e79,d7c9ab1eeb7f99e7bd0f6c79cce0f4f1,2e52134307379f864dabb413f5606ae1,ddafb5a87f20ea6fdf5c12833592c61c,EVMI2CD,CD,A000767545,N000693313,90394745,Normal,0,172800,2022/4/23 10:10
586087,9432e0dfbcc51c67af941987da19fe7f,f2d73841e2300896fca284277bfc2e79,d7c9ab1eeb7f99e7bd0f6c79cce0f4f1,2e52134307379f864dabb413f5606ae1,ddafb5a87f20ea6fdf5c12833592c61c,EVMI2CD,CD,A000768979,N000694517,90395104,Normal,0,158400,2022/4/28 10:48
586088,9432e0dfbcc51c67af941987da19fe7f,f2d73841e2300896fca284277bfc2e79,d7c9ab1eeb7f99e7bd0f6c79cce0f4f1,2e52134307379f864dabb413f5606ae1,ddafb5a87f20ea6fdf5c12833592c61c,EVMI2CD,CD,A000768982,N000694519,90395106,Normal,0,21600,2022/4/28 10:49
586089,9432e0dfbcc51c67af941987da19fe7f,f2d73841e2300896fca284277bfc2e79,d7c9ab1eeb7f99e7bd0f6c79cce0f4f1,2e52134307379f864dabb413f5606ae1,ddafb5a87f20ea6fdf5c12833592c61c,EVMI2CD,CD,A000771120,N000697487,90395668,Normal,0,50400,2022/5/7 15:36
586090,9432e0dfbcc51c67af941987da19fe7f,f2d73841e2300896fca284277bfc2e79,d7c9ab1eeb7f99e7bd0f6c79cce0f4f1,2e52134307379f864dabb413f5606ae1,ddafb5a87f20ea6fdf5c12833592c61c,EVMI2CD,CD,A000771122,N000697489,90395669,Normal,0,122400,2022/5/7 15:37
586091,9432e0dfbcc51c67af941987da19fe7f,f2d73841e2300896fca284277bfc2e79,d7c9ab1eeb7f99e7bd0f6c79cce0f4f1,2e52134307379f864dabb413f5606ae1,ddafb5a87f20ea6fdf5c12833592c61c,EVMI2CD,CD,A000771582,N000697902,90395771,Normal,0,28800,2022/5/10 10:52
586092,9432e0dfbcc51c67af941987da19fe7f,f2d73841e2300896fca284277bfc2e79,d7c9ab1eeb7f99e7bd0f6c79cce0f4f1,2e52134307379f864dabb413f5606ae1,ddafb5a87f20ea6fdf5c12833592c61c,EVMI2CD,CD,A000772991,N000699150,90396037,Normal,0,172800,2022/5/14 14:57
586093,9432e0dfbcc51c67af941987da19fe7f,f2d73841e2300896fca284277bfc2e79,d7c9ab1eeb7f99e7bd0f6c79cce0f4f1,2e52134307379f864dabb413f5606ae1,ddafb5a87f20ea6fdf5c12833592c61c,EVMI2CD,CD,A000772993,N000699152,90396041,Normal,0,7200,2022/5/14 14:58
586094,9432e0dfbcc51c67af941987da19fe7f,f2d73841e2300896fca284277bfc2e79,d7c9ab1eeb7f99e7bd0f6c79cce0f4f1,2e52134307379f864dabb413f5606ae1,ddafb5a87f20ea6fdf5c12833592c61c,EVMI2CD,CD,A000775357,N000701126,90396593,Normal,0,50400,2022/5/24 11:18
586095,9432e0dfbcc51c67af941987da19fe7f,f2d73841e2300896fca284277bfc2e79,d7c9ab1eeb7f99e7bd0f6c79cce0f4f1,2e52134307379f864dabb413f5606ae1,ddafb5a87f20ea6fdf5c12833592c61c,EVMI2CD,CD,A000775358,N000701127,90396595,Normal,0,165600,2022/5/24 11:19
586096,9432e0dfbcc51c67af941987da19fe7f,f2d73841e2300896fca284277bfc2e79,d7c9ab1eeb7f99e7bd0f6c79cce0f4f1,2e52134307379f864dabb413f5606ae1,ddafb5a87f20ea6fdf5c12833592c61c,EVMI2CD,CD,A000776829,N000702270,90396954,Normal,0,100800,2022/5/28 15:55
586097,9432e0dfbcc51c67af941987da19fe7f,f2d73841e2300896fca284277bfc2e79,d7c9ab1eeb7f99e7bd0f6c79cce0f4f1,2e52134307379f864dabb413f5606ae1,ddafb5a87f20ea6fdf5c12833592c61c,EVMI2CD,CD,A000776831,N000702272,90396958,Normal,0,115200,2022/5/28 15:57
586098,9432e0dfbcc51c67af941987da19fe7f,f2d73841e2300896fca284277bfc2e79,d7c9ab1eeb7f99e7bd0f6c79cce0f4f1,2e52134307379f864dabb413f5606ae1,ddafb5a87f20ea6fdf5c12833592c61c,EVMI2CD,CD,A000778618,N000703884,90397407,Normal,0,144000,2022/6/7 9:42
586099,9432e0dfbcc51c67af941987da19fe7f,f2d73841e2300896fca284277bfc2e79,d7c9ab1eeb7f99e7bd0f6c79cce0f4f1,2e52134307379f864dabb413f5606ae1,ddafb5a87f20ea6fdf5c12833592c61c,EVMI2CD,CD,A000778621,N000703887,90397408,Normal,0,122400,2022/6/7 9:44
586100,9432e0dfbcc51c67af941987da19fe7f,f2d73841e2300896fca284277bfc2e79,d7c9ab1eeb7f99e7bd0f6c79cce0f4f1,2e52134307379f864dabb413f5606ae1,ddafb5a87f20ea6fdf5c12833592c61c,EVMI2CD,CD,A000778623,N000703889,90397409,Normal,0,115200,2022/6/7 9:45
586101,9432e0dfbcc51c67af941987da19fe7f,f2d73841e2300896fca284277bfc2e79,d7c9ab1eeb7f99e7bd0f6c79cce0f4f1,2e52134307379f864dabb413f5606ae1,ddafb5a87f20ea6fdf5c12833592c61c,EVMI2CD,CD,A000780102,N000705250,90397755,Normal,0,100800,2022/6/11 11:46
586102,9432e0dfbcc51c67af941987da19fe7f,f2d73841e2300896fca284277bfc2e79,d7c9ab1eeb7f99e7bd0f6c79cce0f4f1,2e52134307379f864dabb413f5606ae1,ddafb5a87f20ea6fdf5c12833592c61c,EVMI2CD,CD,A000780103,N000705251,90397756,Normal,0,158400,2022/6/11 11:47
586103,9432e0dfbcc51c67af941987da19fe7f,f2d73841e2300896fca284277bfc2e79,d7c9ab1eeb7f99e7bd0f6c79cce0f4f1,2e52134307379f864dabb413f5606ae1,ddafb5a87f20ea6fdf5c12833592c61c,EVMI2CD,CD,A000780106,N000705254,90397775,Normal,0,172800,2022/6/11 11:49
586104,9432e0dfbcc51c67af941987da19fe7f,f2d73841e2300896fca284277bfc2e79,d7c9ab1eeb7f99e7bd0f6c79cce0f4f1,2e52134307379f864dabb413f5606ae1,ddafb5a87f20ea6fdf5c12833592c61c,EVMI2CD,CD,A000782476,N000707324,90398134,Normal,0,122400,2022/6/18 14:35
586105,9432e0dfbcc51c67af941987da19fe7f,f2d73841e2300896fca284277bfc2e79,d7c9ab1eeb7f99e7bd0f6c79cce0f4f1,2e52134307379f864dabb413f5606ae1,ddafb5a87f20ea6fdf5c12833592c61c,EVMI2CD,CD,A000782949,N000707769,90398199,Normal,0,36000,2022/6/21 9:21
586106,9432e0dfbcc51c67af941987da19fe7f,f2d73841e2300896fca284277bfc2e79,d7c9ab1eeb7f99e7bd0f6c79cce0f4f1,2e52134307379f864dabb413f5606ae1,ddafb5a87f20ea6fdf5c12833592c61c,EVMI2CD,CD,A000784674,N000709183,90398496,Normal,0,7200,2022/6/25 16:01
586107,9432e0dfbcc51c67af941987da19fe7f,f2d73841e2300896fca284277bfc2e79,d7c9ab1eeb7f99e7bd0f6c79cce0f4f1,2e52134307379f864dabb413f5606ae1,ddafb5a87f20ea6fdf5c12833592c61c,EVMI2CD,CD,A000784677,N000709186,90398505,Normal,0,172800,2022/6/25 16:06
586108,9432e0dfbcc51c67af941987da19fe7f,f2d73841e2300896fca284277bfc2e79,d7c9ab1eeb7f99e7bd0f6c79cce0f4f1,2e52134307379f864dabb413f5606ae1,ddafb5a87f20ea6fdf5c12833592c61c,EVMI2CD,CD,A000785424,N000709856,90398715,Normal,0,129600,2022/6/28 16:49
586109,9432e0dfbcc51c67af941987da19fe7f,f2d73841e2300896fca284277bfc2e79,d7c9ab1eeb7f99e7bd0f6c79cce0f4f1,2e52134307379f864dabb413f5606ae1,ddafb5a87f20ea6fdf5c12833592c61c,EVMI2CD,CD,A000787238,N000711466,90399003,Normal,0,122400,2022/7/5 10:53
586110,9432e0dfbcc51c67af941987da19fe7f,f2d73841e2300896fca284277bfc2e79,d7c9ab1eeb7f99e7bd0f6c79cce0f4f1,2e52134307379f864dabb413f5606ae1,ddafb5a87f20ea6fdf5c12833592c61c,EVMI2CD,CD,A000787239,N000711467,90399004,Normal,0,122400,2022/7/5 10:55
586111,9432e0dfbcc51c67af941987da19fe7f,f2d73841e2300896fca284277bfc2e79,d7c9ab1eeb7f99e7bd0f6c79cce0f4f1,2e52134307379f864dabb413f5606ae1,ddafb5a87f20ea6fdf5c12833592c61c,EVMI2CD,CD,A000787253,N000711481,90399005,Normal,0,28800,2022/7/5 11:16
586112,9432e0dfbcc51c67af941987da19fe7f,f2d73841e2300896fca284277bfc2e79,d7c9ab1eeb7f99e7bd0f6c79cce0f4f1,2e52134307379f864dabb413f5606ae1,ddafb5a87f20ea6fdf5c12833592c61c,EVMI2CD,CD,A000788754,N000712916,90399332,Normal,0,57600,2022/7/9 14:38
586113,9432e0dfbcc51c67af941987da19fe7f,f2d73841e2300896fca284277bfc2e79,d7c9ab1eeb7f99e7bd0f6c79cce0f4f1,2e52134307379f864dabb413f5606ae1,ddafb5a87f20ea6fdf5c12833592c61c,EVMI2CD,CD,A000788756,N000712918,90399343,Normal,0,36000,2022/7/9 14:39
586114,9432e0dfbcc51c67af941987da19fe7f,f2d73841e2300896fca284277bfc2e79,d7c9ab1eeb7f99e7bd0f6c79cce0f4f1,2e52134307379f864dabb413f5606ae1,ddafb5a87f20ea6fdf5c12833592c61c,EVMI2CD,CD,A000788764,N000712925,90399344,Normal,0,122400,2022/7/9 14:42
586115,9432e0dfbcc51c67af941987da19fe7f,f2d73841e2300896fca284277bfc2e79,d7c9ab1eeb7f99e7bd0f6c79cce0f4f1,2e52134307379f864dabb413f5606ae1,ddafb5a87f20ea6fdf5c12833592c61c,EVMI2CD,CD,A000792916,N000716593,90399759,Normal,0,158400,2022/7/19 16:31
586116,9432e0dfbcc51c67af941987da19fe7f,f2d73841e2300896fca284277bfc2e79,d7c9ab1eeb7f99e7bd0f6c79cce0f4f1,2e52134307379f864dabb413f5606ae1,ddafb5a87f20ea6fdf5c12833592c61c,EVMI2CD,CD,A000792920,N000716598,90399795,Normal,0,144000,2022/7/19 16:33
586117,9432e0dfbcc51c67af941987da19fe7f,f2d73841e2300896fca284277bfc2e79,d7c9ab1eeb7f99e7bd0f6c79cce0f4f1,2e52134307379f864dabb413f5606ae1,ddafb5a87f20ea6fdf5c12833592c61c,EVMI2CD,CD,A000794595,N000718017,90400044,Normal,0,93600,2022/7/25 9:23
586118,9432e0dfbcc51c67af941987da19fe7f,f2d73841e2300896fca284277bfc2e79,d7c9ab1eeb7f99e7bd0f6c79cce0f4f1,2e52134307379f864dabb413f5606ae1,ddafb5a87f20ea6fdf5c12833592c61c,EVMI2CD,CD,A000794666,N000718085,90400116,Normal,0,144000,2022/7/25 11:10
586119,9432e0dfbcc51c67af941987da19fe7f,f2d73841e2300896fca284277bfc2e79,d7c9ab1eeb7f99e7bd0f6c79cce0f4f1,2e52134307379f864dabb413f5606ae1,ddafb5a87f20ea6fdf5c12833592c61c,EVMI2CD,CD,A000797027,N000720042,90400621,Normal,0,122400,2022/8/1 12:10
586120,9432e0dfbcc51c67af941987da19fe7f,f2d73841e2300896fca284277bfc2e79,d7c9ab1eeb7f99e7bd0f6c79cce0f4f1,2e52134307379f864dabb413f5606ae1,ddafb5a87f20ea6fdf5c12833592c61c,EVMI2CD,CD,A000797028,N000720043,90400623,Normal,0,115200,2022/8/1 12:11
586121,9432e0dfbcc51c67af941987da19fe7f,f2d73841e2300896fca284277bfc2e79,d7c9ab1eeb7f99e7bd0f6c79cce0f4f1,2e52134307379f864dabb413f5606ae1,ddafb5a87f20ea6fdf5c12833592c61c,EVMI2CD,CD,A000799219,N000721907,90400988,Normal,0,115200,2022/8/6 16:33
586122,9432e0dfbcc51c67af941987da19fe7f,f2d73841e2300896fca284277bfc2e79,d7c9ab1eeb7f99e7bd0f6c79cce0f4f1,2e52134307379f864dabb413f5606ae1,ddafb5a87f20ea6fdf5c12833592c61c,EVMI2CD,CD,A000799221,N000721909,90400994,Normal,0,100800,2022/8/6 16:35
586123,9432e0dfbcc51c67af941987da19fe7f,f2d73841e2300896fca284277bfc2e79,d7c9ab1eeb7f99e7bd0f6c79cce0f4f1,2e52134307379f864dabb413f5606ae1,ddafb5a87f20ea6fdf5c12833592c61c,EVMI2CD,CD,A000799222,N000721910,90400998,Normal,0,36000,2022/8/6 16:36
586124,9432e0dfbcc51c67af941987da19fe7f,f2d73841e2300896fca284277bfc2e79,d7c9ab1eeb7f99e7bd0f6c79cce0f4f1,2e52134307379f864dabb413f5606ae1,ddafb5a87f20ea6fdf5c12833592c61c,EVMI2CD,CD,A000801812,N000724037,90401434,Normal,0,136800,2022/8/13 14:39
586125,9432e0dfbcc51c67af941987da19fe7f,f2d73841e2300896fca284277bfc2e79,d7c9ab1eeb7f99e7bd0f6c79cce0f4f1,2e52134307379f864dabb413f5606ae1,ddafb5a87f20ea6fdf5c12833592c61c,EVMI2CD,CD,A000801959,N000724177,90401463,Normal,0,158400,2022/8/15 10:19
586126,9432e0dfbcc51c67af941987da19fe7f,f2d73841e2300896fca284277bfc2e79,d7c9ab1eeb7f99e7bd0f6c79cce0f4f1,2e52134307379f864dabb413f5606ae1,ddafb5a87f20ea6fdf5c12833592c61c,EVMI2CD,CD,A000803444,N000725495,90401823,Normal,0,100800,2022/8/20 10:11
586127,9432e0dfbcc51c67af941987da19fe7f,f2d73841e2300896fca284277bfc2e79,d7c9ab1eeb7f99e7bd0f6c79cce0f4f1,2e52134307379f864dabb413f5606ae1,ddafb5a87f20ea6fdf5c12833592c61c,EVMI2CD,CD,A000804774,N000726749,90402301,Normal,0,172800,2022/8/27 11:22
586128,9432e0dfbcc51c67af941987da19fe7f,f2d73841e2300896fca284277bfc2e79,d7c9ab1eeb7f99e7bd0f6c79cce0f4f1,2e52134307379f864dabb413f5606ae1,ddafb5a87f20ea6fdf5c12833592c61c,EVMI2CD,CD,A000807306,N000728840,90402754,Normal,0,172800,2022/9/5 13:51
586129,9432e0dfbcc51c67af941987da19fe7f,f2d73841e2300896fca284277bfc2e79,d7c9ab1eeb7f99e7bd0f6c79cce0f4f1,2e52134307379f864dabb413f5606ae1,ddafb5a87f20ea6fdf5c12833592c61c,EVMI2CD,CD,A000807315,N000728847,90402778,Normal,0,57600,2022/9/5 13:53
586130,9432e0dfbcc51c67af941987da19fe7f,f2d73841e2300896fca284277bfc2e79,d7c9ab1eeb7f99e7bd0f6c79cce0f4f1,2e52134307379f864dabb413f5606ae1,ddafb5a87f20ea6fdf5c12833592c61c,EVMI2CD,CD,A000808490,N000729993,90403085,Normal,0,158400,2022/9/9 9:45
586131,9432e0dfbcc51c67af941987da19fe7f,f2d73841e2300896fca284277bfc2e79,d7c9ab1eeb7f99e7bd0f6c79cce0f4f1,2e52134307379f864dabb413f5606ae1,ddafb5a87f20ea6fdf5c12833592c61c,EVMI2CD,CD,A000809512,N000730962,90403300,Normal,0,86400,2022/9/14 9:56
586132,9432e0dfbcc51c67af941987da19fe7f,f2d73841e2300896fca284277bfc2e79,d7c9ab1eeb7f99e7bd0f6c79cce0f4f1,2e52134307379f864dabb413f5606ae1,ddafb5a87f20ea6fdf5c12833592c61c,EVMI2CD,CD,A000809625,N000731073,90403359,Normal,0,72000,2022/9/14 13:52
586133,9432e0dfbcc51c67af941987da19fe7f,f2d73841e2300896fca284277bfc2e79,d7c9ab1eeb7f99e7bd0f6c79cce0f4f1,2e52134307379f864dabb413f5606ae1,ddafb5a87f20ea6fdf5c12833592c61c,EVMI2CD,CD,A000810750,N000732026,90403591,Normal,0,93600,2022/9/17 9:48
586134,9432e0dfbcc51c67af941987da19fe7f,f2d73841e2300896fca284277bfc2e79,d7c9ab1eeb7f99e7bd0f6c79cce0f4f1,2e52134307379f864dabb413f5606ae1,ddafb5a87f20ea6fdf5c12833592c61c,EVMI2CD,CD,A000811191,N000732462,90403614,Normal,0,7200,2022/9/19 14:09
586135,9432e0dfbcc51c67af941987da19fe7f,f2d73841e2300896fca284277bfc2e79,d7c9ab1eeb7f99e7bd0f6c79cce0f4f1,2e52134307379f864dabb413f5606ae1,ddafb5a87f20ea6fdf5c12833592c61c,EVMI2CD,CD,A000813323,N000733826,90404119,Normal,0,172800,2022/9/23 14:21
586136,9432e0dfbcc51c67af941987da19fe7f,f2d73841e2300896fca284277bfc2e79,d7c9ab1eeb7f99e7bd0f6c79cce0f4f1,2e52134307379f864dabb413f5606ae1,ddafb5a87f20ea6fdf5c12833592c61c,EVMI2CD,CD,A000813771,N000734200,90404225,Normal,0,172800,2022/9/24 14:40
586137,9432e0dfbcc51c67af941987da19fe7f,f2d73841e2300896fca284277bfc2e79,d7c9ab1eeb7f99e7bd0f6c79cce0f4f1,2e52134307379f864dabb413f5606ae1,ddafb5a87f20ea6fdf5c12833592c61c,EVMI2CD,CD,A000814898,N000735215,90404457,Normal,0,158400,2022/9/28 8:42
586138,9432e0dfbcc51c67af941987da19fe7f,f2d73841e2300896fca284277bfc2e79,d7c9ab1eeb7f99e7bd0f6c79cce0f4f1,2e52134307379f864dabb413f5606ae1,ddafb5a87f20ea6fdf5c12833592c61c,EVMI2CD,CD,A000816103,N000736139,90404695,Normal,0,64800,2022/9/30 13:38
586139,9432e0dfbcc51c67af941987da19fe7f,f2d73841e2300896fca284277bfc2e79,d7c9ab1eeb7f99e7bd0f6c79cce0f4f1,2e52134307379f864dabb413f5606ae1,ddafb5a87f20ea6fdf5c12833592c61c,EVMI2CD,CD,A000816796,N000736742,90404830,Normal,0,122400,2022/10/6 9:11
586140,9432e0dfbcc51c67af941987da19fe7f,f2d73841e2300896fca284277bfc2e79,d7c9ab1eeb7f99e7bd0f6c79cce0f4f1,2e52134307379f864dabb413f5606ae1,ddafb5a87f20ea6fdf5c12833592c61c,EVMI2CD,CD,A000816911,N000736854,90404845,Normal,0,172800,2022/10/6 15:11
586141,9432e0dfbcc51c67af941987da19fe7f,f2d73841e2300896fca284277bfc2e79,d7c9ab1eeb7f99e7bd0f6c79cce0f4f1,2e52134307379f864dabb413f5606ae1,ddafb5a87f20ea6fdf5c12833592c61c,EVMI2CD,CD,A000818554,N000738206,90405096,Normal,0,79200,2022/10/11 16:36
586142,9432e0dfbcc51c67af941987da19fe7f,f2d73841e2300896fca284277bfc2e79,d7c9ab1eeb7f99e7bd0f6c79cce0f4f1,2e52134307379f864dabb413f5606ae1,ddafb5a87f20ea6fdf5c12833592c61c,EVMI2CD,CD,A000819087,N000738525,90405165,Normal,0,100800,2022/10/12 16:09
586143,9432e0dfbcc51c67af941987da19fe7f,f2d73841e2300896fca284277bfc2e79,d7c9ab1eeb7f99e7bd0f6c79cce0f4f1,2e52134307379f864dabb413f5606ae1,ddafb5a87f20ea6fdf5c12833592c61c,EVMI2CD,CD,A000819892,N000739077,90405194,Normal,0,36000,2022/10/14 10:58
586144,9432e0dfbcc51c67af941987da19fe7f,f2d73841e2300896fca284277bfc2e79,d7c9ab1eeb7f99e7bd0f6c79cce0f4f1,2e52134307379f864dabb413f5606ae1,ddafb5a87f20ea6fdf5c12833592c61c,EVMI2CD,CD,A000820045,N000739224,90405306,Normal,0,72000,2022/10/14 15:30
586145,9432e0dfbcc51c67af941987da19fe7f,f2d73841e2300896fca284277bfc2e79,d7c9ab1eeb7f99e7bd0f6c79cce0f4f1,2e52134307379f864dabb413f5606ae1,ddafb5a87f20ea6fdf5c12833592c61c,EVMI2CD,CD,A000820349,N000739523,90405352,Normal,0,72000,2022/10/15 14:29
586146,9432e0dfbcc51c67af941987da19fe7f,f2d73841e2300896fca284277bfc2e79,d7c9ab1eeb7f99e7bd0f6c79cce0f4f1,2e52134307379f864dabb413f5606ae1,ddafb5a87f20ea6fdf5c12833592c61c,EVMI2CD,CD,A000822281,N000741340,90405532,Normal,0,158400,2022/10/18 17:16
586147,9432e0dfbcc51c67af941987da19fe7f,f2d73841e2300896fca284277bfc2e79,d7c9ab1eeb7f99e7bd0f6c79cce0f4f1,2e52134307379f864dabb413f5606ae1,ddafb5a87f20ea6fdf5c12833592c61c,EVMI2CD,CD,A000823986,N000742714,90405848,Normal,0,43200,2022/10/22 17:02
586148,9432e0dfbcc51c67af941987da19fe7f,f2d73841e2300896fca284277bfc2e79,d7c9ab1eeb7f99e7bd0f6c79cce0f4f1,2e52134307379f864dabb413f5606ae1,ddafb5a87f20ea6fdf5c12833592c61c,EVMI2CD,CD,A000823988,N000742716,90405854,Normal,0,50400,2022/10/22 17:03
586149,9432e0dfbcc51c67af941987da19fe7f,f2d73841e2300896fca284277bfc2e79,d7c9ab1eeb7f99e7bd0f6c79cce0f4f1,2e52134307379f864dabb413f5606ae1,ddafb5a87f20ea6fdf5c12833592c61c,EVMI2CD,CD,A000824260,N000742981,90405942,Normal,0,93600,2022/10/24 14:40
586150,9432e0dfbcc51c67af941987da19fe7f,f2d73841e2300896fca284277bfc2e79,d7c9ab1eeb7f99e7bd0f6c79cce0f4f1,2e52134307379f864dabb413f5606ae1,ddafb5a87f20ea6fdf5c12833592c61c,EVMI2CD,CD,A000825241,N000743646,90406025,Normal,0,79200,2022/10/26 12:09
586151,9432e0dfbcc51c67af941987da19fe7f,f2d73841e2300896fca284277bfc2e79,d7c9ab1eeb7f99e7bd0f6c79cce0f4f1,2e52134307379f864dabb413f5606ae1,ddafb5a87f20ea6fdf5c12833592c61c,EVMI2CD,CD,A000825357,N000743757,90406175,Normal,0,165600,2022/10/26 15:48
586152,9432e0dfbcc51c67af941987da19fe7f,f2d73841e2300896fca284277bfc2e79,d7c9ab1eeb7f99e7bd0f6c79cce0f4f1,2e52134307379f864dabb413f5606ae1,ddafb5a87f20ea6fdf5c12833592c61c,EVMI2CD,CD,A000826825,N000744855,90406395,Normal,0,172800,2022/10/29 15:24
586153,9432e0dfbcc51c67af941987da19fe7f,f2d73841e2300896fca284277bfc2e79,d7c9ab1eeb7f99e7bd0f6c79cce0f4f1,2e52134307379f864dabb413f5606ae1,ddafb5a87f20ea6fdf5c12833592c61c,EVMI2CD,CD,A000826829,N000744858,90406396,Normal,0,129600,2022/10/29 15:32
586154,9432e0dfbcc51c67af941987da19fe7f,f2d73841e2300896fca284277bfc2e79,d7c9ab1eeb7f99e7bd0f6c79cce0f4f1,2e52134307379f864dabb413f5606ae1,ddafb5a87f20ea6fdf5c12833592c61c,EVMI2CD,CD,A000829350,N000746883,90406934,Normal,0,57600,2022/11/7 11:53
586155,9432e0dfbcc51c67af941987da19fe7f,f2d73841e2300896fca284277bfc2e79,d7c9ab1eeb7f99e7bd0f6c79cce0f4f1,2e52134307379f864dabb413f5606ae1,ddafb5a87f20ea6fdf5c12833592c61c,EVMI2CD,CD,A000829851,N000747342,90407003,Normal,0,136800,2022/11/8 15:38
586156,9432e0dfbcc51c67af941987da19fe7f,f2d73841e2300896fca284277bfc2e79,d7c9ab1eeb7f99e7bd0f6c79cce0f4f1,2e52134307379f864dabb413f5606ae1,ddafb5a87f20ea6fdf5c12833592c61c,EVMI2CD,CD,A000829853,N000747344,90407028,Normal,0,172800,2022/11/8 15:41
586157,9432e0dfbcc51c67af941987da19fe7f,f2d73841e2300896fca284277bfc2e79,d7c9ab1eeb7f99e7bd0f6c79cce0f4f1,2e52134307379f864dabb413f5606ae1,ddafb5a87f20ea6fdf5c12833592c61c,EVMI2CD,CD,A000831032,N000748195,90407281,Normal,0,151200,2022/11/11 13:50
586158,9432e0dfbcc51c67af941987da19fe7f,f2d73841e2300896fca284277bfc2e79,d7c9ab1eeb7f99e7bd0f6c79cce0f4f1,2e52134307379f864dabb413f5606ae1,ddafb5a87f20ea6fdf5c12833592c61c,EVMI2CD,CD,A000832242,N000749274,90407524,Normal,0,172800,2022/11/15 16:14
586159,9432e0dfbcc51c67af941987da19fe7f,f2d73841e2300896fca284277bfc2e79,d7c9ab1eeb7f99e7bd0f6c79cce0f4f1,2e52134307379f864dabb413f5606ae1,ddafb5a87f20ea6fdf5c12833592c61c,EVMI2CD,CD,A000832243,N000749275,90407574,Normal,0,151200,2022/11/15 16:15
586160,9432e0dfbcc51c67af941987da19fe7f,f2d73841e2300896fca284277bfc2e79,d7c9ab1eeb7f99e7bd0f6c79cce0f4f1,2e52134307379f864dabb413f5606ae1,ddafb5a87f20ea6fdf5c12833592c61c,EVMI2CD,CD,A000833954,N000750470,90407795,Normal,0,172800,2022/11/19 11:23
586161,9432e0dfbcc51c67af941987da19fe7f,f2d73841e2300896fca284277bfc2e79,d7c9ab1eeb7f99e7bd0f6c79cce0f4f1,2e52134307379f864dabb413f5606ae1,ddafb5a87f20ea6fdf5c12833592c61c,EVMI2CD,CD,A000834737,N000751213,90407997,Normal,0,172800,2022/11/22 14:59
586162,9432e0dfbcc51c67af941987da19fe7f,f2d73841e2300896fca284277bfc2e79,d7c9ab1eeb7f99e7bd0f6c79cce0f4f1,2e52134307379f864dabb413f5606ae1,ddafb5a87f20ea6fdf5c12833592c61c,EVMI2CD,CD,A000834739,N000751215,90408008,Normal,0,122400,2022/11/22 15:00
586163,9432e0dfbcc51c67af941987da19fe7f,f2d73841e2300896fca284277bfc2e79,d7c9ab1eeb7f99e7bd0f6c79cce0f4f1,2e52134307379f864dabb413f5606ae1,ddafb5a87f20ea6fdf5c12833592c61c,EVMI2CD,CD,A000834740,N000751216,90408051,Normal,0,151200,2022/11/22 15:01
586164,9432e0dfbcc51c67af941987da19fe7f,f2d73841e2300896fca284277bfc2e79,d7c9ab1eeb7f99e7bd0f6c79cce0f4f1,2e52134307379f864dabb413f5606ae1,ddafb5a87f20ea6fdf5c12833592c61c,EVMI2CD,CD,A000835565,N000751753,90408200,Normal,0,115200,2022/11/24 10:09
586165,9432e0dfbcc51c67af941987da19fe7f,f2d73841e2300896fca284277bfc2e79,d7c9ab1eeb7f99e7bd0f6c79cce0f4f1,2e52134307379f864dabb413f5606ae1,ddafb5a87f20ea6fdf5c12833592c61c,EVMI2CD,CD,A000835566,N000751754,90408201,Normal,0,151200,2022/11/24 10:10
586166,9432e0dfbcc51c67af941987da19fe7f,f2d73841e2300896fca284277bfc2e79,d7c9ab1eeb7f99e7bd0f6c79cce0f4f1,2e52134307379f864dabb413f5606ae1,ddafb5a87f20ea6fdf5c12833592c61c,EVMI2CD,CD,A000835567,N000751755,90408205,Normal,0,122400,2022/11/24 10:11
586167,9432e0dfbcc51c67af941987da19fe7f,f2d73841e2300896fca284277bfc2e79,d7c9ab1eeb7f99e7bd0f6c79cce0f4f1,2e52134307379f864dabb413f5606ae1,ddafb5a87f20ea6fdf5c12833592c61c,EVMI2CD,CD,A000837134,N000753062,90408551,Normal,0,122400,2022/11/29 10:11
586168,9432e0dfbcc51c67af941987da19fe7f,f2d73841e2300896fca284277bfc2e79,d7c9ab1eeb7f99e7bd0f6c79cce0f4f1,2e52134307379f864dabb413f5606ae1,ddafb5a87f20ea6fdf5c12833592c61c,EVMI2CD,CD,A000838394,N000754048,90408814,Normal,0,172800,2022/12/2 13:46
586169,9432e0dfbcc51c67af941987da19fe7f,f2d73841e2300896fca284277bfc2e79,d7c9ab1eeb7f99e7bd0f6c79cce0f4f1,2e52134307379f864dabb413f5606ae1,ddafb5a87f20ea6fdf5c12833592c61c,EVMI2CD,CD,A000838395,N000754049,90408835,Normal,0,172800,2022/12/2 13:47
586170,9432e0dfbcc51c67af941987da19fe7f,f2d73841e2300896fca284277bfc2e79,d7c9ab1eeb7f99e7bd0f6c79cce0f4f1,2e52134307379f864dabb413f5606ae1,ddafb5a87f20ea6fdf5c12833592c61c,EVMI2CD,CD,A000843424,N000758339,90409614,Normal,0,50400,2022/12/14 17:15
586171,9432e0dfbcc51c67af941987da19fe7f,f2d73841e2300896fca284277bfc2e79,d7c9ab1eeb7f99e7bd0f6c79cce0f4f1,2e52134307379f864dabb413f5606ae1,ddafb5a87f20ea6fdf5c12833592c61c,EVMI2CD,CD,A000843425,N000758340,90409615,Normal,0,122400,2022/12/14 17:15
586172,9432e0dfbcc51c67af941987da19fe7f,f2d73841e2300896fca284277bfc2e79,d7c9ab1eeb7f99e7bd0f6c79cce0f4f1,2e52134307379f864dabb413f5606ae1,ddafb5a87f20ea6fdf5c12833592c61c,EVMI2CD,CD,A000844390,N000759179,90409828,Normal,0,108000,2022/12/19 9:50
586173,9432e0dfbcc51c67af941987da19fe7f,f2d73841e2300896fca284277bfc2e79,d7c9ab1eeb7f99e7bd0f6c79cce0f4f1,2e52134307379f864dabb413f5606ae1,ddafb5a87f20ea6fdf5c12833592c61c,EVMI2CD,CD,A000844884,N000759601,90409957,Normal,0,129600,2022/12/20 15:49
586174,9432e0dfbcc51c67af941987da19fe7f,f2d73841e2300896fca284277bfc2e79,d7c9ab1eeb7f99e7bd0f6c79cce0f4f1,2e52134307379f864dabb413f5606ae1,ddafb5a87f20ea6fdf5c12833592c61c,EVMI2CD,CD,A000846869,N000760940,90410291,Normal,0,108000,2022/12/27 9:12
586175,9432e0dfbcc51c67af941987da19fe7f,f2d73841e2300896fca284277bfc2e79,d7c9ab1eeb7f99e7bd0f6c79cce0f4f1,2e52134307379f864dabb413f5606ae1,ddafb5a87f20ea6fdf5c12833592c61c,EVMI2CD,CD,A000848815,N000762369,90410780,Normal,0,57600,2023/1/4 11:37
586176,9432e0dfbcc51c67af941987da19fe7f,f2d73841e2300896fca284277bfc2e79,d7c9ab1eeb7f99e7bd0f6c79cce0f4f1,2e52134307379f864dabb413f5606ae1,ddafb5a87f20ea6fdf5c12833592c61c,EVMI2CD,CD,A000849520,N000762904,90410832,Normal,0,172800,2023/1/6 10:48
586177,9432e0dfbcc51c67af941987da19fe7f,f2d73841e2300896fca284277bfc2e79,d7c9ab1eeb7f99e7bd0f6c79cce0f4f1,2e52134307379f864dabb413f5606ae1,ddafb5a87f20ea6fdf5c12833592c61c,EVMI2CD,CD,A000850693,N000764016,90411116,Normal,0,172800,2023/1/10 14:16
586178,9432e0dfbcc51c67af941987da19fe7f,f2d73841e2300896fca284277bfc2e79,d7c9ab1eeb7f99e7bd0f6c79cce0f4f1,2e52134307379f864dabb413f5606ae1,ddafb5a87f20ea6fdf5c12833592c61c,EVMI2CD,CD,A000851477,N000764634,90411239,Normal,0,172800,2023/1/12 9:12
586179,9432e0dfbcc51c67af941987da19fe7f,f2d73841e2300896fca284277bfc2e79,d7c9ab1eeb7f99e7bd0f6c79cce0f4f1,2e52134307379f864dabb413f5606ae1,ddafb5a87f20ea6fdf5c12833592c61c,EVMI2CD,CD,A000851481,N000764638,90411332,Normal,0,172800,2023/1/12 9:15
586180,9432e0dfbcc51c67af941987da19fe7f,f2d73841e2300896fca284277bfc2e79,d7c9ab1eeb7f99e7bd0f6c79cce0f4f1,2e52134307379f864dabb413f5606ae1,ddafb5a87f20ea6fdf5c12833592c61c,EVMI2CD,CD,A000855564,N000767910,90412368,Normal,0,100800,2023/2/7 11:49
586181,9432e0dfbcc51c67af941987da19fe7f,f2d73841e2300896fca284277bfc2e79,d7c9ab1eeb7f99e7bd0f6c79cce0f4f1,2e52134307379f864dabb413f5606ae1,ddafb5a87f20ea6fdf5c12833592c61c,EVMI2CD,CD,A000855566,N000767911,90412369,Normal,0,115200,2023/2/7 11:51
586182,9432e0dfbcc51c67af941987da19fe7f,f2d73841e2300896fca284277bfc2e79,d7c9ab1eeb7f99e7bd0f6c79cce0f4f1,2e52134307379f864dabb413f5606ae1,ddafb5a87f20ea6fdf5c12833592c61c,EVMI2CD,CD,A000856867,N000768839,90412706,Normal,0,172800,2023/2/11 19:32
586183,9432e0dfbcc51c67af941987da19fe7f,f2d73841e2300896fca284277bfc2e79,d7c9ab1eeb7f99e7bd0f6c79cce0f4f1,2e52134307379f864dabb413f5606ae1,ddafb5a87f20ea6fdf5c12833592c61c,EVMI2CD,CD,A000857092,N000769042,90412822,Normal,0,86400,2023/2/13 17:16
586184,9432e0dfbcc51c67af941987da19fe7f,f2d73841e2300896fca284277bfc2e79,d7c9ab1eeb7f99e7bd0f6c79cce0f4f1,2e52134307379f864dabb413f5606ae1,ddafb5a87f20ea6fdf5c12833592c61c,EVMI2CD,CD,A000858261,N000769942,90413209,Normal,0,172800,2023/2/17 16:04
586185,9432e0dfbcc51c67af941987da19fe7f,f2d73841e2300896fca284277bfc2e79,d7c9ab1eeb7f99e7bd0f6c79cce0f4f1,2e52134307379f864dabb413f5606ae1,ddafb5a87f20ea6fdf5c12833592c61c,EVMI2CD,CD,A000858715,N000770339,90413274,Normal,0,151200,2023/2/20 15:04
586186,9432e0dfbcc51c67af941987da19fe7f,f2d73841e2300896fca284277bfc2e79,d7c9ab1eeb7f99e7bd0f6c79cce0f4f1,2e52134307379f864dabb413f5606ae1,ddafb5a87f20ea6fdf5c12833592c61c,EVMI2CD,CD,A000860746,N000771920,90413599,Normal,0,115200,2023/2/27 13:40
586187,9432e0dfbcc51c67af941987da19fe7f,f2d73841e2300896fca284277bfc2e79,d7c9ab1eeb7f99e7bd0f6c79cce0f4f1,2e52134307379f864dabb413f5606ae1,ddafb5a87f20ea6fdf5c12833592c61c,EVMI2CD,CD,A000860747,N000771921,90413600,Normal,0,100800,2023/2/27 13:40
586188,9432e0dfbcc51c67af941987da19fe7f,f2d73841e2300896fca284277bfc2e79,d7c9ab1eeb7f99e7bd0f6c79cce0f4f1,2e52134307379f864dabb413f5606ae1,ddafb5a87f20ea6fdf5c12833592c61c,EVMI2CD,CD,A000862583,N000773388,90414132,Normal,0,172800,2023/3/4 14:14
586189,9432e0dfbcc51c67af941987da19fe7f,f2d73841e2300896fca284277bfc2e79,d7c9ab1eeb7f99e7bd0f6c79cce0f4f1,2e52134307379f864dabb413f5606ae1,ddafb5a87f20ea6fdf5c12833592c61c,EVMI2CD,CD,A000862585,N000773390,90414168,Normal,0,172800,2023/3/4 14:15
586190,9432e0dfbcc51c67af941987da19fe7f,f2d73841e2300896fca284277bfc2e79,d7c9ab1eeb7f99e7bd0f6c79cce0f4f1,2e52134307379f864dabb413f5606ae1,ddafb5a87f20ea6fdf5c12833592c61c,EVMI2CD,CD,A000863481,N000774187,90414418,Normal,0,172800,2023/3/8 10:47
586191,9432e0dfbcc51c67af941987da19fe7f,f2d73841e2300896fca284277bfc2e79,d7c9ab1eeb7f99e7bd0f6c79cce0f4f1,2e52134307379f864dabb413f5606ae1,ddafb5a87f20ea6fdf5c12833592c61c,EVMI2CD,CD,A000864901,N000775327,90414791,Normal,0,144000,2023/3/13 14:47
586192,9432e0dfbcc51c67af941987da19fe7f,f2d73841e2300896fca284277bfc2e79,d7c9ab1eeb7f99e7bd0f6c79cce0f4f1,2e52134307379f864dabb413f5606ae1,ddafb5a87f20ea6fdf5c12833592c61c,EVMI2CD,CD,A000866216,N000776381,90415120,Normal,0,172800,2023/3/17 9:36
586193,9432e0dfbcc51c67af941987da19fe7f,f2d73841e2300896fca284277bfc2e79,d7c9ab1eeb7f99e7bd0f6c79cce0f4f1,2e52134307379f864dabb413f5606ae1,ddafb5a87f20ea6fdf5c12833592c61c,EVMI2CD,CD,A000866840,N000776880,90415339,Normal,0,172800,2023/3/20 10:10
586194,9432e0dfbcc51c67af941987da19fe7f,f2d73841e2300896fca284277bfc2e79,d7c9ab1eeb7f99e7bd0f6c79cce0f4f1,2e52134307379f864dabb413f5606ae1,ddafb5a87f20ea6fdf5c12833592c61c,EVMI2CD,CD,A000868038,N000777899,90415641,Normal,0,172800,2023/3/23 13:58
586195,9432e0dfbcc51c67af941987da19fe7f,f2d73841e2300896fca284277bfc2e79,d7c9ab1eeb7f99e7bd0f6c79cce0f4f1,2e52134307379f864dabb413f5606ae1,ddafb5a87f20ea6fdf5c12833592c61c,EVMI2CD,CD,A000872541,N000781748,90416881,Normal,0,172800,2023/4/8 14:31
586196,9432e0dfbcc51c67af941987da19fe7f,f2d73841e2300896fca284277bfc2e79,d7c9ab1eeb7f99e7bd0f6c79cce0f4f1,2e52134307379f864dabb413f5606ae1,ddafb5a87f20ea6fdf5c12833592c61c,EVMI2CD,CD,A000872543,N000781750,90416885,Normal,0,172800,2023/4/8 14:32
586197,9432e0dfbcc51c67af941987da19fe7f,f2d73841e2300896fca284277bfc2e79,d7c9ab1eeb7f99e7bd0f6c79cce0f4f1,2e52134307379f864dabb413f5606ae1,ddafb5a87f20ea6fdf5c12833592c61c,EVMI2CD,CD,A000872572,N000781784,90416753,Normal,0,28800,2023/4/8 16:21
586198,9432e0dfbcc51c67af941987da19fe7f,f2d73841e2300896fca284277bfc2e79,d7c9ab1eeb7f99e7bd0f6c79cce0f4f1,2e52134307379f864dabb413f5606ae1,ddafb5a87f20ea6fdf5c12833592c61c,EVMI2CD,CD,A000874988,N000783813,90417403,Normal,0,86400,2023/4/15 16:20
586199,9432e0dfbcc51c67af941987da19fe7f,f2d73841e2300896fca284277bfc2e79,d7c9ab1eeb7f99e7bd0f6c79cce0f4f1,2e52134307379f864dabb413f5606ae1,ddafb5a87f20ea6fdf5c12833592c61c,EVMI2CD,CD,A000875203,N000784010,90417639,Normal,0,100800,2023/4/17 14:11
586200,9432e0dfbcc51c67af941987da19fe7f,f2d73841e2300896fca284277bfc2e79,d7c9ab1eeb7f99e7bd0f6c79cce0f4f1,2e52134307379f864dabb413f5606ae1,ddafb5a87f20ea6fdf5c12833592c61c,EVMI2CD,CD,A000875204,N000784011,90417640,Normal,0,86400,2023/4/17 14:11
586201,9432e0dfbcc51c67af941987da19fe7f,f2d73841e2300896fca284277bfc2e79,d7c9ab1eeb7f99e7bd0f6c79cce0f4f1,2e52134307379f864dabb413f5606ae1,ddafb5a87f20ea6fdf5c12833592c61c,EVMI2CD,CD,A000875700,N000784446,90417821,Normal,0,172800,2023/4/18 17:10
586202,9432e0dfbcc51c67af941987da19fe7f,f2d73841e2300896fca284277bfc2e79,d7c9ab1eeb7f99e7bd0f6c79cce0f4f1,2e52134307379f864dabb413f5606ae1,ddafb5a87f20ea6fdf5c12833592c61c,EVMI2CD,CD,A000877071,N000785798,90417922,Normal,0,172800,2023/4/19 16:47
586203,9432e0dfbcc51c67af941987da19fe7f,f2d73841e2300896fca284277bfc2e79,d7c9ab1eeb7f99e7bd0f6c79cce0f4f1,2e52134307379f864dabb413f5606ae1,ddafb5a87f20ea6fdf5c12833592c61c,EVMI2CD,CD,A000879040,N000787457,90418149,Normal,0,100800,2023/4/25 11:06
586204,9432e0dfbcc51c67af941987da19fe7f,f2d73841e2300896fca284277bfc2e79,d7c9ab1eeb7f99e7bd0f6c79cce0f4f1,2e52134307379f864dabb413f5606ae1,ddafb5a87f20ea6fdf5c12833592c61c,EVMI2CD,CD,A000879335,N000787703,90418432,Normal,0,172800,2023/4/25 17:29
586205,9432e0dfbcc51c67af941987da19fe7f,f2d73841e2300896fca284277bfc2e79,d7c9ab1eeb7f99e7bd0f6c79cce0f4f1,2e52134307379f864dabb413f5606ae1,ddafb5a87f20ea6fdf5c12833592c61c,EVMI2CD,CD,A000879336,N000787704,90418433,Normal,0,172800,2023/4/25 17:30
586206,9432e0dfbcc51c67af941987da19fe7f,f2d73841e2300896fca284277bfc2e79,d7c9ab1eeb7f99e7bd0f6c79cce0f4f1,2e52134307379f864dabb413f5606ae1,ddafb5a87f20ea6fdf5c12833592c61c,EVMI2CD,CD,A000880560,N000788686,90418589,Normal,0,172800,2023/4/28 10:01
586207,9432e0dfbcc51c67af941987da19fe7f,f2d73841e2300896fca284277bfc2e79,d7c9ab1eeb7f99e7bd0f6c79cce0f4f1,2e52134307379f864dabb413f5606ae1,ddafb5a87f20ea6fdf5c12833592c61c,EVMI2CD,CD,A000880562,N000788687,90418625,Normal,0,144000,2023/4/28 10:02
586208,9432e0dfbcc51c67af941987da19fe7f,f2d73841e2300896fca284277bfc2e79,d7c9ab1eeb7f99e7bd0f6c79cce0f4f1,2e52134307379f864dabb413f5606ae1,ddafb5a87f20ea6fdf5c12833592c61c,EVMI2CD,CD,A000880889,N000788944,90418899,Normal,0,72000,2023/4/28 16:51
586209,9432e0dfbcc51c67af941987da19fe7f,f2d73841e2300896fca284277bfc2e79,d7c9ab1eeb7f99e7bd0f6c79cce0f4f1,2e52134307379f864dabb413f5606ae1,ddafb5a87f20ea6fdf5c12833592c61c,EVMI2CD,CD,A000880897,N000788952,90418942,Normal,0,172800,2023/4/28 17:01
586210,9432e0dfbcc51c67af941987da19fe7f,f2d73841e2300896fca284277bfc2e79,d7c9ab1eeb7f99e7bd0f6c79cce0f4f1,2e52134307379f864dabb413f5606ae1,ddafb5a87f20ea6fdf5c12833592c61c,EVMI2CD,CD,,N000687035,90393497,Cancel,1,172800,2022/4/1 10:28
586211,9432e0dfbcc51c67af941987da19fe7f,f2d73841e2300896fca284277bfc2e79,d7c9ab1eeb7f99e7bd0f6c79cce0f4f1,2e52134307379f864dabb413f5606ae1,ddafb5a87f20ea6fdf5c12833592c61c,EVMI2CD,CD,A000587942,N000539834,90359287,Normal,0,122400,2020/9/16 14:15
586212,9432e0dfbcc51c67af941987da19fe7f,f2d73841e2300896fca284277bfc2e79,d7c9ab1eeb7f99e7bd0f6c79cce0f4f1,2e52134307379f864dabb413f5606ae1,ddafb5a87f20ea6fdf5c12833592c61c,EVMI2CD,CD,A000592448,N000544042,90359941,Normal,0,14400,2020/9/25 20:15
586213,9432e0dfbcc51c67af941987da19fe7f,f2d73841e2300896fca284277bfc2e79,d7c9ab1eeb7f99e7bd0f6c79cce0f4f1,2e52134307379f864dabb413f5606ae1,ddafb5a87f20ea6fdf5c12833592c61c,EVMI2CD,CD,A000602499,N000553501,90361417,Normal,0,115200,2020/10/24 19:49
586214,9432e0dfbcc51c67af941987da19fe7f,f2d73841e2300896fca284277bfc2e79,d7c9ab1eeb7f99e7bd0f6c79cce0f4f1,2e52134307379f864dabb413f5606ae1,ddafb5a87f20ea6fdf5c12833592c61c,EVMI2CD,CD,A000604028,N000554846,90361694,Normal,0,100800,2020/10/29 12:14
