supplier_name,supplier_part_no,customer_name,customer_part_no,manufacture_name,site,site_db,invoice_no,arn_no,asn_no,arn_type,eta,quantity
9432e0dfbcc51c67af941987da19fe7f,f2d73841e2300896fca284277bfc2e79,d7c9ab1eeb7f99e7bd0f6c79cce0f4f1,2e52134307379f864dabb413f5606ae1,ddafb5a87f20ea6fdf5c12833592c61c,CD,EVMI2CD,2.02E+13,A000601415,,C2H,2020/10/22 8:33,10000
9432e0dfbcc51c67af941987da19fe7f,f2d73841e2300896fca284277bfc2e79,d7c9ab1eeb7f99e7bd0f6c79cce0f4f1,2e52134307379f864dabb413f5606ae1,ddafb5a87f20ea6fdf5c12833592c61c,CD,EVMI2CD,2.02E+11,A000612143,,C2H,2020/11/20 11:05,224
9432e0dfbcc51c67af941987da19fe7f,f2d73841e2300896fca284277bfc2e79,d7c9ab1eeb7f99e7bd0f6c79cce0f4f1,2e52134307379f864dabb413f5606ae1,ddafb5a87f20ea6fdf5c12833592c61c,CD,EVMI2CD,2.02E+13,A000629213,,C2H,2021/1/12 2:51,13800
9432e0dfbcc51c67af941987da19fe7f,f2d73841e2300896fca284277bfc2e79,d7c9ab1eeb7f99e7bd0f6c79cce0f4f1,2e52134307379f864dabb413f5606ae1,ddafb5a87f20ea6fdf5c12833592c61c,CD,EVMI2CD,2.02E+11,A000634525,,C2H,2021/1/27 0:18,7
9432e0dfbcc51c67af941987da19fe7f,f2d73841e2300896fca284277bfc2e79,d7c9ab1eeb7f99e7bd0f6c79cce0f4f1,2e52134307379f864dabb413f5606ae1,ddafb5a87f20ea6fdf5c12833592c61c,CD,EVMI2CD,2.02E+11,A000661508,,C2H,2021/4/28 3:45,4
9432e0dfbcc51c67af941987da19fe7f,f2d73841e2300896fca284277bfc2e79,d7c9ab1eeb7f99e7bd0f6c79cce0f4f1,2e52134307379f864dabb413f5606ae1,ddafb5a87f20ea6fdf5c12833592c61c,CD,EVMI2CD,2.02E+11,A000662759,,C2H,2021/5/4 8:30,517
9432e0dfbcc51c67af941987da19fe7f,f2d73841e2300896fca284277bfc2e79,d7c9ab1eeb7f99e7bd0f6c79cce0f4f1,2e52134307379f864dabb413f5606ae1,ddafb5a87f20ea6fdf5c12833592c61c,CD,EVMI2CD,2.02E+12,A000696191,,C2H,2021/8/21 7:34,1000
9432e0dfbcc51c67af941987da19fe7f,f2d73841e2300896fca284277bfc2e79,d7c9ab1eeb7f99e7bd0f6c79cce0f4f1,2e52134307379f864dabb413f5606ae1,ddafb5a87f20ea6fdf5c12833592c61c,CD,EVMI2CD,2.02E+13,A000773380,,C2H,2022/5/16 11:00,1803
9432e0dfbcc51c67af941987da19fe7f,f2d73841e2300896fca284277bfc2e79,d7c9ab1eeb7f99e7bd0f6c79cce0f4f1,2e52134307379f864dabb413f5606ae1,ddafb5a87f20ea6fdf5c12833592c61c,CD,EVMI2CD,2.02E+11,A000850272,,C2H,2023/1/9 5:37,24
9432e0dfbcc51c67af941987da19fe7f,f2d73841e2300896fca284277bfc2e79,d7c9ab1eeb7f99e7bd0f6c79cce0f4f1,2e52134307379f864dabb413f5606ae1,ddafb5a87f20ea6fdf5c12833592c61c,CD,EVMI2CD,2.02E+11,CA00004826,,C2H,2023/3/4 7:55,9
9432e0dfbcc51c67af941987da19fe7f,f2d73841e2300896fca284277bfc2e79,d7c9ab1eeb7f99e7bd0f6c79cce0f4f1,2e52134307379f864dabb413f5606ae1,ddafb5a87f20ea6fdf5c12833592c61c,CD,EVMI2CD,90356524,A000572450,N000524686,S2H,2020/8/6 16:00,171
9432e0dfbcc51c67af941987da19fe7f,f2d73841e2300896fca284277bfc2e79,d7c9ab1eeb7f99e7bd0f6c79cce0f4f1,2e52134307379f864dabb413f5606ae1,ddafb5a87f20ea6fdf5c12833592c61c,CD,EVMI2CD,90357731,A000578785,N000530809,S2H,2020/8/24 16:00,72000
9432e0dfbcc51c67af941987da19fe7f,f2d73841e2300896fca284277bfc2e79,d7c9ab1eeb7f99e7bd0f6c79cce0f4f1,2e52134307379f864dabb413f5606ae1,ddafb5a87f20ea6fdf5c12833592c61c,CD,EVMI2CD,90357732,A000578792,N000530817,S2H,2020/8/23 16:00,386
9432e0dfbcc51c67af941987da19fe7f,f2d73841e2300896fca284277bfc2e79,d7c9ab1eeb7f99e7bd0f6c79cce0f4f1,2e52134307379f864dabb413f5606ae1,ddafb5a87f20ea6fdf5c12833592c61c,CD,EVMI2CD,90358327,A000582624,N000534603,S2H,2020/9/3 16:00,122400
9432e0dfbcc51c67af941987da19fe7f,f2d73841e2300896fca284277bfc2e79,d7c9ab1eeb7f99e7bd0f6c79cce0f4f1,2e52134307379f864dabb413f5606ae1,ddafb5a87f20ea6fdf5c12833592c61c,CD,EVMI2CD,90358328,A000582629,N000534608,S2H,2020/9/3 16:00,27600
9432e0dfbcc51c67af941987da19fe7f,f2d73841e2300896fca284277bfc2e79,d7c9ab1eeb7f99e7bd0f6c79cce0f4f1,2e52134307379f864dabb413f5606ae1,ddafb5a87f20ea6fdf5c12833592c61c,CD,EVMI2CD,90358749,A000585023,N000537022,S2H,2020/9/10 16:00,115200
9432e0dfbcc51c67af941987da19fe7f,f2d73841e2300896fca284277bfc2e79,d7c9ab1eeb7f99e7bd0f6c79cce0f4f1,2e52134307379f864dabb413f5606ae1,ddafb5a87f20ea6fdf5c12833592c61c,CD,EVMI2CD,90359287,A000587942,N000539834,S2H,2020/9/18 16:00,122400
9432e0dfbcc51c67af941987da19fe7f,f2d73841e2300896fca284277bfc2e79,d7c9ab1eeb7f99e7bd0f6c79cce0f4f1,2e52134307379f864dabb413f5606ae1,ddafb5a87f20ea6fdf5c12833592c61c,CD,EVMI2CD,90359570,A000590756,N000542539,S2H,2020/9/23 16:00,72000
9432e0dfbcc51c67af941987da19fe7f,f2d73841e2300896fca284277bfc2e79,d7c9ab1eeb7f99e7bd0f6c79cce0f4f1,2e52134307379f864dabb413f5606ae1,ddafb5a87f20ea6fdf5c12833592c61c,CD,EVMI2CD,90359660,A000590781,N000542575,S2H,2020/9/24 16:00,108000
9432e0dfbcc51c67af941987da19fe7f,f2d73841e2300896fca284277bfc2e79,d7c9ab1eeb7f99e7bd0f6c79cce0f4f1,2e52134307379f864dabb413f5606ae1,ddafb5a87f20ea6fdf5c12833592c61c,CD,EVMI2CD,90359663,A000590785,N000542579,S2H,2020/9/24 16:00,50400
9432e0dfbcc51c67af941987da19fe7f,f2d73841e2300896fca284277bfc2e79,d7c9ab1eeb7f99e7bd0f6c79cce0f4f1,2e52134307379f864dabb413f5606ae1,ddafb5a87f20ea6fdf5c12833592c61c,CD,EVMI2CD,90359940,A000592445,N000544039,S2H,2020/9/27 16:00,122400
9432e0dfbcc51c67af941987da19fe7f,f2d73841e2300896fca284277bfc2e79,d7c9ab1eeb7f99e7bd0f6c79cce0f4f1,2e52134307379f864dabb413f5606ae1,ddafb5a87f20ea6fdf5c12833592c61c,CD,EVMI2CD,90359941,A000592448,N000544042,S2H,2020/9/27 16:00,14400
9432e0dfbcc51c67af941987da19fe7f,f2d73841e2300896fca284277bfc2e79,d7c9ab1eeb7f99e7bd0f6c79cce0f4f1,2e52134307379f864dabb413f5606ae1,ddafb5a87f20ea6fdf5c12833592c61c,CD,EVMI2CD,90361417,A000602499,N000553501,S2H,2020/10/25 16:00,115200
9432e0dfbcc51c67af941987da19fe7f,f2d73841e2300896fca284277bfc2e79,d7c9ab1eeb7f99e7bd0f6c79cce0f4f1,2e52134307379f864dabb413f5606ae1,ddafb5a87f20ea6fdf5c12833592c61c,CD,EVMI2CD,90361418,A000602500,N000553502,S2H,2020/10/25 16:00,28800
9432e0dfbcc51c67af941987da19fe7f,f2d73841e2300896fca284277bfc2e79,d7c9ab1eeb7f99e7bd0f6c79cce0f4f1,2e52134307379f864dabb413f5606ae1,ddafb5a87f20ea6fdf5c12833592c61c,CD,EVMI2CD,90361497,A000603524,N000554437,S2H,2020/10/28 16:00,144000
9432e0dfbcc51c67af941987da19fe7f,f2d73841e2300896fca284277bfc2e79,d7c9ab1eeb7f99e7bd0f6c79cce0f4f1,2e52134307379f864dabb413f5606ae1,ddafb5a87f20ea6fdf5c12833592c61c,CD,EVMI2CD,90361694,A000604028,N000554846,S2H,2020/10/30 16:00,100800
9432e0dfbcc51c67af941987da19fe7f,f2d73841e2300896fca284277bfc2e79,d7c9ab1eeb7f99e7bd0f6c79cce0f4f1,2e52134307379f864dabb413f5606ae1,ddafb5a87f20ea6fdf5c12833592c61c,CD,EVMI2CD,90362040,A000606332,N000557177,S2H,2020/11/4 16:00,36000
9432e0dfbcc51c67af941987da19fe7f,f2d73841e2300896fca284277bfc2e79,d7c9ab1eeb7f99e7bd0f6c79cce0f4f1,2e52134307379f864dabb413f5606ae1,ddafb5a87f20ea6fdf5c12833592c61c,CD,EVMI2CD,90362344,A000607388,N000557951,S2H,2020/11/8 16:00,115200
9432e0dfbcc51c67af941987da19fe7f,f2d73841e2300896fca284277bfc2e79,d7c9ab1eeb7f99e7bd0f6c79cce0f4f1,2e52134307379f864dabb413f5606ae1,ddafb5a87f20ea6fdf5c12833592c61c,CD,EVMI2CD,90362697,A000608983,N000559568,S2H,2020/11/15 16:00,115200
9432e0dfbcc51c67af941987da19fe7f,f2d73841e2300896fca284277bfc2e79,d7c9ab1eeb7f99e7bd0f6c79cce0f4f1,2e52134307379f864dabb413f5606ae1,ddafb5a87f20ea6fdf5c12833592c61c,CD,EVMI2CD,90362866,A000610132,N000560391,S2H,2020/11/18 16:00,115200
9432e0dfbcc51c67af941987da19fe7f,f2d73841e2300896fca284277bfc2e79,d7c9ab1eeb7f99e7bd0f6c79cce0f4f1,2e52134307379f864dabb413f5606ae1,ddafb5a87f20ea6fdf5c12833592c61c,CD,EVMI2CD,90362944,A000611058,N000561102,S2H,2020/11/19 16:00,28800
9432e0dfbcc51c67af941987da19fe7f,f2d73841e2300896fca284277bfc2e79,d7c9ab1eeb7f99e7bd0f6c79cce0f4f1,2e52134307379f864dabb413f5606ae1,ddafb5a87f20ea6fdf5c12833592c61c,CD,EVMI2CD,90363319,A000613279,N000562976,S2H,2020/11/25 16:00,115200
9432e0dfbcc51c67af941987da19fe7f,f2d73841e2300896fca284277bfc2e79,d7c9ab1eeb7f99e7bd0f6c79cce0f4f1,2e52134307379f864dabb413f5606ae1,ddafb5a87f20ea6fdf5c12833592c61c,CD,EVMI2CD,90363391,A000613292,N000562991,S2H,2020/11/26 16:00,36000
9432e0dfbcc51c67af941987da19fe7f,f2d73841e2300896fca284277bfc2e79,d7c9ab1eeb7f99e7bd0f6c79cce0f4f1,2e52134307379f864dabb413f5606ae1,ddafb5a87f20ea6fdf5c12833592c61c,CD,EVMI2CD,90363663,A000614715,N000564132,S2H,2020/11/29 16:00,28800
9432e0dfbcc51c67af941987da19fe7f,f2d73841e2300896fca284277bfc2e79,d7c9ab1eeb7f99e7bd0f6c79cce0f4f1,2e52134307379f864dabb413f5606ae1,ddafb5a87f20ea6fdf5c12833592c61c,CD,EVMI2CD,90364076,A000617239,N000566203,S2H,2020/12/6 16:00,115200
9432e0dfbcc51c67af941987da19fe7f,f2d73841e2300896fca284277bfc2e79,d7c9ab1eeb7f99e7bd0f6c79cce0f4f1,2e52134307379f864dabb413f5606ae1,ddafb5a87f20ea6fdf5c12833592c61c,CD,EVMI2CD,90364131,A000617242,N000566206,S2H,2020/12/7 16:00,50400
9432e0dfbcc51c67af941987da19fe7f,f2d73841e2300896fca284277bfc2e79,d7c9ab1eeb7f99e7bd0f6c79cce0f4f1,2e52134307379f864dabb413f5606ae1,ddafb5a87f20ea6fdf5c12833592c61c,CD,EVMI2CD,90364232,A000618462,N000567229,S2H,2020/12/10 16:00,50400
9432e0dfbcc51c67af941987da19fe7f,f2d73841e2300896fca284277bfc2e79,d7c9ab1eeb7f99e7bd0f6c79cce0f4f1,2e52134307379f864dabb413f5606ae1,ddafb5a87f20ea6fdf5c12833592c61c,CD,EVMI2CD,90364412,A000619776,N000568330,S2H,2020/12/13 16:00,43200
9432e0dfbcc51c67af941987da19fe7f,f2d73841e2300896fca284277bfc2e79,d7c9ab1eeb7f99e7bd0f6c79cce0f4f1,2e52134307379f864dabb413f5606ae1,ddafb5a87f20ea6fdf5c12833592c61c,CD,EVMI2CD,90364584,A000621276,N000569670,S2H,2020/12/17 16:00,115200
9432e0dfbcc51c67af941987da19fe7f,f2d73841e2300896fca284277bfc2e79,d7c9ab1eeb7f99e7bd0f6c79cce0f4f1,2e52134307379f864dabb413f5606ae1,ddafb5a87f20ea6fdf5c12833592c61c,CD,EVMI2CD,90364585,A000621278,N000569671,S2H,2020/12/17 16:00,115200
9432e0dfbcc51c67af941987da19fe7f,f2d73841e2300896fca284277bfc2e79,d7c9ab1eeb7f99e7bd0f6c79cce0f4f1,2e52134307379f864dabb413f5606ae1,ddafb5a87f20ea6fdf5c12833592c61c,CD,EVMI2CD,90364683,A000621279,N000569672,S2H,2020/12/18 16:00,43200
9432e0dfbcc51c67af941987da19fe7f,f2d73841e2300896fca284277bfc2e79,d7c9ab1eeb7f99e7bd0f6c79cce0f4f1,2e52134307379f864dabb413f5606ae1,ddafb5a87f20ea6fdf5c12833592c61c,CD,EVMI2CD,90364913,A000623874,N000571808,S2H,2020/12/23 16:00,100800
9432e0dfbcc51c67af941987da19fe7f,f2d73841e2300896fca284277bfc2e79,d7c9ab1eeb7f99e7bd0f6c79cce0f4f1,2e52134307379f864dabb413f5606ae1,ddafb5a87f20ea6fdf5c12833592c61c,CD,EVMI2CD,90365261,A000625126,N000572840,S2H,2020/12/28 16:00,57600
9432e0dfbcc51c67af941987da19fe7f,f2d73841e2300896fca284277bfc2e79,d7c9ab1eeb7f99e7bd0f6c79cce0f4f1,2e52134307379f864dabb413f5606ae1,ddafb5a87f20ea6fdf5c12833592c61c,CD,EVMI2CD,90365508,A000626874,N000574320,S2H,2021/1/6 16:00,28800
9432e0dfbcc51c67af941987da19fe7f,f2d73841e2300896fca284277bfc2e79,d7c9ab1eeb7f99e7bd0f6c79cce0f4f1,2e52134307379f864dabb413f5606ae1,ddafb5a87f20ea6fdf5c12833592c61c,CD,EVMI2CD,90365784,A000628550,N000576781,S2H,2021/1/10 16:00,72000
9432e0dfbcc51c67af941987da19fe7f,f2d73841e2300896fca284277bfc2e79,d7c9ab1eeb7f99e7bd0f6c79cce0f4f1,2e52134307379f864dabb413f5606ae1,ddafb5a87f20ea6fdf5c12833592c61c,CD,EVMI2CD,90365838,A000628798,N000576999,S2H,2021/1/11 16:00,50400
9432e0dfbcc51c67af941987da19fe7f,f2d73841e2300896fca284277bfc2e79,d7c9ab1eeb7f99e7bd0f6c79cce0f4f1,2e52134307379f864dabb413f5606ae1,ddafb5a87f20ea6fdf5c12833592c61c,CD,EVMI2CD,90366147,A000630543,N000578523,S2H,2021/1/17 16:00,57600
9432e0dfbcc51c67af941987da19fe7f,f2d73841e2300896fca284277bfc2e79,d7c9ab1eeb7f99e7bd0f6c79cce0f4f1,2e52134307379f864dabb413f5606ae1,ddafb5a87f20ea6fdf5c12833592c61c,CD,EVMI2CD,90366244,A000631154,N000578946,S2H,2021/1/17 16:00,100800
9432e0dfbcc51c67af941987da19fe7f,f2d73841e2300896fca284277bfc2e79,d7c9ab1eeb7f99e7bd0f6c79cce0f4f1,2e52134307379f864dabb413f5606ae1,ddafb5a87f20ea6fdf5c12833592c61c,CD,EVMI2CD,90366768,A000633642,N000581104,S2H,2021/1/25 16:00,72000
9432e0dfbcc51c67af941987da19fe7f,f2d73841e2300896fca284277bfc2e79,d7c9ab1eeb7f99e7bd0f6c79cce0f4f1,2e52134307379f864dabb413f5606ae1,ddafb5a87f20ea6fdf5c12833592c61c,CD,EVMI2CD,90366872,A000634126,N000581562,S2H,2021/1/27 16:00,72000
9432e0dfbcc51c67af941987da19fe7f,f2d73841e2300896fca284277bfc2e79,d7c9ab1eeb7f99e7bd0f6c79cce0f4f1,2e52134307379f864dabb413f5606ae1,ddafb5a87f20ea6fdf5c12833592c61c,CD,EVMI2CD,90367069,A000635787,N000582893,S2H,2021/1/31 16:00,122400
9432e0dfbcc51c67af941987da19fe7f,f2d73841e2300896fca284277bfc2e79,d7c9ab1eeb7f99e7bd0f6c79cce0f4f1,2e52134307379f864dabb413f5606ae1,ddafb5a87f20ea6fdf5c12833592c61c,CD,EVMI2CD,90367289,A000636206,N000583247,S2H,2021/2/1 16:00,122400
9432e0dfbcc51c67af941987da19fe7f,f2d73841e2300896fca284277bfc2e79,d7c9ab1eeb7f99e7bd0f6c79cce0f4f1,2e52134307379f864dabb413f5606ae1,ddafb5a87f20ea6fdf5c12833592c61c,CD,EVMI2CD,90368138,A000640343,N000586962,S2H,2021/2/21 16:00,28800
9432e0dfbcc51c67af941987da19fe7f,f2d73841e2300896fca284277bfc2e79,d7c9ab1eeb7f99e7bd0f6c79cce0f4f1,2e52134307379f864dabb413f5606ae1,ddafb5a87f20ea6fdf5c12833592c61c,CD,EVMI2CD,90368259,A000640902,N000587444,S2H,2021/2/24 16:00,57600
9432e0dfbcc51c67af941987da19fe7f,f2d73841e2300896fca284277bfc2e79,d7c9ab1eeb7f99e7bd0f6c79cce0f4f1,2e52134307379f864dabb413f5606ae1,ddafb5a87f20ea6fdf5c12833592c61c,CD,EVMI2CD,90368536,A000642447,N000588584,S2H,2021/2/28 16:00,57600
9432e0dfbcc51c67af941987da19fe7f,f2d73841e2300896fca284277bfc2e79,d7c9ab1eeb7f99e7bd0f6c79cce0f4f1,2e52134307379f864dabb413f5606ae1,ddafb5a87f20ea6fdf5c12833592c61c,CD,EVMI2CD,90368695,A000642602,N000588761,S2H,2021/3/3 16:00,122400
9432e0dfbcc51c67af941987da19fe7f,f2d73841e2300896fca284277bfc2e79,d7c9ab1eeb7f99e7bd0f6c79cce0f4f1,2e52134307379f864dabb413f5606ae1,ddafb5a87f20ea6fdf5c12833592c61c,CD,EVMI2CD,90369250,A000645307,N000591049,S2H,2021/3/12 16:00,86400
9432e0dfbcc51c67af941987da19fe7f,f2d73841e2300896fca284277bfc2e79,d7c9ab1eeb7f99e7bd0f6c79cce0f4f1,2e52134307379f864dabb413f5606ae1,ddafb5a87f20ea6fdf5c12833592c61c,CD,EVMI2CD,90369503,A000646218,N000591792,S2H,2021/3/14 16:00,108000
9432e0dfbcc51c67af941987da19fe7f,f2d73841e2300896fca284277bfc2e79,d7c9ab1eeb7f99e7bd0f6c79cce0f4f1,2e52134307379f864dabb413f5606ae1,ddafb5a87f20ea6fdf5c12833592c61c,CD,EVMI2CD,90369605,A000646763,N000592326,S2H,2021/3/17 16:00,136800
9432e0dfbcc51c67af941987da19fe7f,f2d73841e2300896fca284277bfc2e79,d7c9ab1eeb7f99e7bd0f6c79cce0f4f1,2e52134307379f864dabb413f5606ae1,ddafb5a87f20ea6fdf5c12833592c61c,CD,EVMI2CD,90369730,A000647155,N000592695,S2H,2021/3/18 16:00,144000
9432e0dfbcc51c67af941987da19fe7f,f2d73841e2300896fca284277bfc2e79,d7c9ab1eeb7f99e7bd0f6c79cce0f4f1,2e52134307379f864dabb413f5606ae1,ddafb5a87f20ea6fdf5c12833592c61c,CD,EVMI2CD,90369950,A000648355,N000593689,S2H,2021/3/21 16:00,28800
9432e0dfbcc51c67af941987da19fe7f,f2d73841e2300896fca284277bfc2e79,d7c9ab1eeb7f99e7bd0f6c79cce0f4f1,2e52134307379f864dabb413f5606ae1,ddafb5a87f20ea6fdf5c12833592c61c,CD,EVMI2CD,90370407,A000650553,N000595560,S2H,2021/3/28 16:00,108000
9432e0dfbcc51c67af941987da19fe7f,f2d73841e2300896fca284277bfc2e79,d7c9ab1eeb7f99e7bd0f6c79cce0f4f1,2e52134307379f864dabb413f5606ae1,ddafb5a87f20ea6fdf5c12833592c61c,CD,EVMI2CD,90370408,A000650554,N000595561,S2H,2021/3/28 16:00,72000
9432e0dfbcc51c67af941987da19fe7f,f2d73841e2300896fca284277bfc2e79,d7c9ab1eeb7f99e7bd0f6c79cce0f4f1,2e52134307379f864dabb413f5606ae1,ddafb5a87f20ea6fdf5c12833592c61c,CD,EVMI2CD,90370608,A000652162,N000596850,S2H,2021/3/31 16:00,108000
9432e0dfbcc51c67af941987da19fe7f,f2d73841e2300896fca284277bfc2e79,d7c9ab1eeb7f99e7bd0f6c79cce0f4f1,2e52134307379f864dabb413f5606ae1,ddafb5a87f20ea6fdf5c12833592c61c,CD,EVMI2CD,90370939,A000652993,N000597648,S2H,2021/4/5 16:00,151200
9432e0dfbcc51c67af941987da19fe7f,f2d73841e2300896fca284277bfc2e79,d7c9ab1eeb7f99e7bd0f6c79cce0f4f1,2e52134307379f864dabb413f5606ae1,ddafb5a87f20ea6fdf5c12833592c61c,CD,EVMI2CD,90371356,A000655692,N000599811,S2H,2021/4/13 16:00,57600
9432e0dfbcc51c67af941987da19fe7f,f2d73841e2300896fca284277bfc2e79,d7c9ab1eeb7f99e7bd0f6c79cce0f4f1,2e52134307379f864dabb413f5606ae1,ddafb5a87f20ea6fdf5c12833592c61c,CD,EVMI2CD,90371826,A000658186,N000601876,S2H,2021/4/21 16:00,158400
9432e0dfbcc51c67af941987da19fe7f,f2d73841e2300896fca284277bfc2e79,d7c9ab1eeb7f99e7bd0f6c79cce0f4f1,2e52134307379f864dabb413f5606ae1,ddafb5a87f20ea6fdf5c12833592c61c,CD,EVMI2CD,90372235,A000660674,N000603964,S2H,2021/4/28 16:00,115200
9432e0dfbcc51c67af941987da19fe7f,f2d73841e2300896fca284277bfc2e79,d7c9ab1eeb7f99e7bd0f6c79cce0f4f1,2e52134307379f864dabb413f5606ae1,ddafb5a87f20ea6fdf5c12833592c61c,CD,EVMI2CD,90372769,A000662588,N000605578,S2H,2021/5/3 16:00,122400
9432e0dfbcc51c67af941987da19fe7f,f2d73841e2300896fca284277bfc2e79,d7c9ab1eeb7f99e7bd0f6c79cce0f4f1,2e52134307379f864dabb413f5606ae1,ddafb5a87f20ea6fdf5c12833592c61c,CD,EVMI2CD,90373196,A000663973,N000606732,S2H,2021/5/10 16:00,172800
9432e0dfbcc51c67af941987da19fe7f,f2d73841e2300896fca284277bfc2e79,d7c9ab1eeb7f99e7bd0f6c79cce0f4f1,2e52134307379f864dabb413f5606ae1,ddafb5a87f20ea6fdf5c12833592c61c,CD,EVMI2CD,90373197,A000663974,N000606733,S2H,2021/5/10 16:00,50400
9432e0dfbcc51c67af941987da19fe7f,f2d73841e2300896fca284277bfc2e79,d7c9ab1eeb7f99e7bd0f6c79cce0f4f1,2e52134307379f864dabb413f5606ae1,ddafb5a87f20ea6fdf5c12833592c61c,CD,EVMI2CD,90373664,A000666846,N000609018,S2H,2021/5/19 16:00,57600
9432e0dfbcc51c67af941987da19fe7f,f2d73841e2300896fca284277bfc2e79,d7c9ab1eeb7f99e7bd0f6c79cce0f4f1,2e52134307379f864dabb413f5606ae1,ddafb5a87f20ea6fdf5c12833592c61c,CD,EVMI2CD,90373668,A000666863,N000609034,S2H,2021/5/19 16:00,165600
9432e0dfbcc51c67af941987da19fe7f,f2d73841e2300896fca284277bfc2e79,d7c9ab1eeb7f99e7bd0f6c79cce0f4f1,2e52134307379f864dabb413f5606ae1,ddafb5a87f20ea6fdf5c12833592c61c,CD,EVMI2CD,90374014,A000668896,N000610641,S2H,2021/5/26 16:00,136800
9432e0dfbcc51c67af941987da19fe7f,f2d73841e2300896fca284277bfc2e79,d7c9ab1eeb7f99e7bd0f6c79cce0f4f1,2e52134307379f864dabb413f5606ae1,ddafb5a87f20ea6fdf5c12833592c61c,CD,EVMI2CD,90374555,A000670635,N000611991,S2H,2021/6/2 16:00,151200
9432e0dfbcc51c67af941987da19fe7f,f2d73841e2300896fca284277bfc2e79,d7c9ab1eeb7f99e7bd0f6c79cce0f4f1,2e52134307379f864dabb413f5606ae1,ddafb5a87f20ea6fdf5c12833592c61c,CD,EVMI2CD,90374556,A000670636,N000611992,S2H,2021/6/2 16:00,122400
9432e0dfbcc51c67af941987da19fe7f,f2d73841e2300896fca284277bfc2e79,d7c9ab1eeb7f99e7bd0f6c79cce0f4f1,2e52134307379f864dabb413f5606ae1,ddafb5a87f20ea6fdf5c12833592c61c,CD,EVMI2CD,90375020,A000672522,N000613721,S2H,2021/6/9 16:00,100800
9432e0dfbcc51c67af941987da19fe7f,f2d73841e2300896fca284277bfc2e79,d7c9ab1eeb7f99e7bd0f6c79cce0f4f1,2e52134307379f864dabb413f5606ae1,ddafb5a87f20ea6fdf5c12833592c61c,CD,EVMI2CD,90375514,A000675399,N000616136,S2H,2021/6/17 16:00,144000
9432e0dfbcc51c67af941987da19fe7f,f2d73841e2300896fca284277bfc2e79,d7c9ab1eeb7f99e7bd0f6c79cce0f4f1,2e52134307379f864dabb413f5606ae1,ddafb5a87f20ea6fdf5c12833592c61c,CD,EVMI2CD,90375515,A000675400,N000616138,S2H,2021/6/17 16:00,79200
9432e0dfbcc51c67af941987da19fe7f,f2d73841e2300896fca284277bfc2e79,d7c9ab1eeb7f99e7bd0f6c79cce0f4f1,2e52134307379f864dabb413f5606ae1,ddafb5a87f20ea6fdf5c12833592c61c,CD,EVMI2CD,90375781,A000677252,N000617565,S2H,2021/6/23 16:00,136800
9432e0dfbcc51c67af941987da19fe7f,f2d73841e2300896fca284277bfc2e79,d7c9ab1eeb7f99e7bd0f6c79cce0f4f1,2e52134307379f864dabb413f5606ae1,ddafb5a87f20ea6fdf5c12833592c61c,CD,EVMI2CD,90376296,A000678413,N000618510,S2H,2021/6/28 16:00,36000
9432e0dfbcc51c67af941987da19fe7f,f2d73841e2300896fca284277bfc2e79,d7c9ab1eeb7f99e7bd0f6c79cce0f4f1,2e52134307379f864dabb413f5606ae1,ddafb5a87f20ea6fdf5c12833592c61c,CD,EVMI2CD,90376667,A000680770,N000620670,S2H,2021/7/8 16:00,144000
9432e0dfbcc51c67af941987da19fe7f,f2d73841e2300896fca284277bfc2e79,d7c9ab1eeb7f99e7bd0f6c79cce0f4f1,2e52134307379f864dabb413f5606ae1,ddafb5a87f20ea6fdf5c12833592c61c,CD,EVMI2CD,90376713,A000680774,N000620674,S2H,2021/7/8 16:00,93600
9432e0dfbcc51c67af941987da19fe7f,f2d73841e2300896fca284277bfc2e79,d7c9ab1eeb7f99e7bd0f6c79cce0f4f1,2e52134307379f864dabb413f5606ae1,ddafb5a87f20ea6fdf5c12833592c61c,CD,EVMI2CD,90377022,A000682890,N000622589,S2H,2021/7/14 16:00,144000
9432e0dfbcc51c67af941987da19fe7f,f2d73841e2300896fca284277bfc2e79,d7c9ab1eeb7f99e7bd0f6c79cce0f4f1,2e52134307379f864dabb413f5606ae1,ddafb5a87f20ea6fdf5c12833592c61c,CD,EVMI2CD,90377068,A000682902,N000622598,S2H,2021/7/14 16:00,86400
9432e0dfbcc51c67af941987da19fe7f,f2d73841e2300896fca284277bfc2e79,d7c9ab1eeb7f99e7bd0f6c79cce0f4f1,2e52134307379f864dabb413f5606ae1,ddafb5a87f20ea6fdf5c12833592c61c,CD,EVMI2CD,90377530,A000685120,N000624553,S2H,2021/7/21 16:00,122400
9432e0dfbcc51c67af941987da19fe7f,f2d73841e2300896fca284277bfc2e79,d7c9ab1eeb7f99e7bd0f6c79cce0f4f1,2e52134307379f864dabb413f5606ae1,ddafb5a87f20ea6fdf5c12833592c61c,CD,EVMI2CD,90377942,A000687086,N000626293,S2H,2021/7/28 16:00,151200
9432e0dfbcc51c67af941987da19fe7f,f2d73841e2300896fca284277bfc2e79,d7c9ab1eeb7f99e7bd0f6c79cce0f4f1,2e52134307379f864dabb413f5606ae1,ddafb5a87f20ea6fdf5c12833592c61c,CD,EVMI2CD,90378450,A000689887,N000628613,S2H,2021/8/4 16:00,108000
9432e0dfbcc51c67af941987da19fe7f,f2d73841e2300896fca284277bfc2e79,d7c9ab1eeb7f99e7bd0f6c79cce0f4f1,2e52134307379f864dabb413f5606ae1,ddafb5a87f20ea6fdf5c12833592c61c,CD,EVMI2CD,90378829,A000692066,N000630505,S2H,2021/8/11 16:00,36000
9432e0dfbcc51c67af941987da19fe7f,f2d73841e2300896fca284277bfc2e79,d7c9ab1eeb7f99e7bd0f6c79cce0f4f1,2e52134307379f864dabb413f5606ae1,ddafb5a87f20ea6fdf5c12833592c61c,CD,EVMI2CD,90379209,A000694092,N000632170,S2H,2021/8/15 16:00,158400
9432e0dfbcc51c67af941987da19fe7f,f2d73841e2300896fca284277bfc2e79,d7c9ab1eeb7f99e7bd0f6c79cce0f4f1,2e52134307379f864dabb413f5606ae1,ddafb5a87f20ea6fdf5c12833592c61c,CD,EVMI2CD,90379211,A000694094,N000632173,S2H,2021/8/15 16:00,165600
9432e0dfbcc51c67af941987da19fe7f,f2d73841e2300896fca284277bfc2e79,d7c9ab1eeb7f99e7bd0f6c79cce0f4f1,2e52134307379f864dabb413f5606ae1,ddafb5a87f20ea6fdf5c12833592c61c,CD,EVMI2CD,90379548,A000696418,N000634172,S2H,2021/8/23 16:00,172800
9432e0dfbcc51c67af941987da19fe7f,f2d73841e2300896fca284277bfc2e79,d7c9ab1eeb7f99e7bd0f6c79cce0f4f1,2e52134307379f864dabb413f5606ae1,ddafb5a87f20ea6fdf5c12833592c61c,CD,EVMI2CD,90380051,A000698359,N000635829,S2H,2021/8/30 16:00,201600
9432e0dfbcc51c67af941987da19fe7f,f2d73841e2300896fca284277bfc2e79,d7c9ab1eeb7f99e7bd0f6c79cce0f4f1,2e52134307379f864dabb413f5606ae1,ddafb5a87f20ea6fdf5c12833592c61c,CD,EVMI2CD,90380084,A000698361,N000635831,S2H,2021/8/30 16:00,86400
9432e0dfbcc51c67af941987da19fe7f,f2d73841e2300896fca284277bfc2e79,d7c9ab1eeb7f99e7bd0f6c79cce0f4f1,2e52134307379f864dabb413f5606ae1,ddafb5a87f20ea6fdf5c12833592c61c,CD,EVMI2CD,90380578,A000700725,N000637906,S2H,2021/9/8 16:00,79200
9432e0dfbcc51c67af941987da19fe7f,f2d73841e2300896fca284277bfc2e79,d7c9ab1eeb7f99e7bd0f6c79cce0f4f1,2e52134307379f864dabb413f5606ae1,ddafb5a87f20ea6fdf5c12833592c61c,CD,EVMI2CD,90380956,A000702444,N000639312,S2H,2021/9/13 16:00,151200
9432e0dfbcc51c67af941987da19fe7f,f2d73841e2300896fca284277bfc2e79,d7c9ab1eeb7f99e7bd0f6c79cce0f4f1,2e52134307379f864dabb413f5606ae1,ddafb5a87f20ea6fdf5c12833592c61c,CD,EVMI2CD,90381402,A000704764,N000641335,S2H,2021/9/21 16:00,165600
9432e0dfbcc51c67af941987da19fe7f,f2d73841e2300896fca284277bfc2e79,d7c9ab1eeb7f99e7bd0f6c79cce0f4f1,2e52134307379f864dabb413f5606ae1,ddafb5a87f20ea6fdf5c12833592c61c,CD,EVMI2CD,90381777,A000706116,N000642451,S2H,2021/9/27 16:00,151200
9432e0dfbcc51c67af941987da19fe7f,f2d73841e2300896fca284277bfc2e79,d7c9ab1eeb7f99e7bd0f6c79cce0f4f1,2e52134307379f864dabb413f5606ae1,ddafb5a87f20ea6fdf5c12833592c61c,CD,EVMI2CD,90381798,A000706118,N000642453,S2H,2021/9/27 16:00,144000
9432e0dfbcc51c67af941987da19fe7f,f2d73841e2300896fca284277bfc2e79,d7c9ab1eeb7f99e7bd0f6c79cce0f4f1,2e52134307379f864dabb413f5606ae1,ddafb5a87f20ea6fdf5c12833592c61c,CD,EVMI2CD,90382387,A000708913,N000644647,S2H,2021/10/11 16:00,136800
9432e0dfbcc51c67af941987da19fe7f,f2d73841e2300896fca284277bfc2e79,d7c9ab1eeb7f99e7bd0f6c79cce0f4f1,2e52134307379f864dabb413f5606ae1,ddafb5a87f20ea6fdf5c12833592c61c,CD,EVMI2CD,90382886,A000710802,N000646208,S2H,2021/10/18 16:00,122400
9432e0dfbcc51c67af941987da19fe7f,f2d73841e2300896fca284277bfc2e79,d7c9ab1eeb7f99e7bd0f6c79cce0f4f1,2e52134307379f864dabb413f5606ae1,ddafb5a87f20ea6fdf5c12833592c61c,CD,EVMI2CD,90383290,A000712885,N000647795,S2H,2021/10/25 16:00,151200
9432e0dfbcc51c67af941987da19fe7f,f2d73841e2300896fca284277bfc2e79,d7c9ab1eeb7f99e7bd0f6c79cce0f4f1,2e52134307379f864dabb413f5606ae1,ddafb5a87f20ea6fdf5c12833592c61c,CD,EVMI2CD,90383302,A000712887,N000647797,S2H,2021/10/25 16:00,72000
9432e0dfbcc51c67af941987da19fe7f,f2d73841e2300896fca284277bfc2e79,d7c9ab1eeb7f99e7bd0f6c79cce0f4f1,2e52134307379f864dabb413f5606ae1,ddafb5a87f20ea6fdf5c12833592c61c,CD,EVMI2CD,90383823,A000715162,N000649548,S2H,2021/11/1 16:00,172800
9432e0dfbcc51c67af941987da19fe7f,f2d73841e2300896fca284277bfc2e79,d7c9ab1eeb7f99e7bd0f6c79cce0f4f1,2e52134307379f864dabb413f5606ae1,ddafb5a87f20ea6fdf5c12833592c61c,CD,EVMI2CD,90383845,A000715163,N000649549,S2H,2021/11/1 16:00,79200
9432e0dfbcc51c67af941987da19fe7f,f2d73841e2300896fca284277bfc2e79,d7c9ab1eeb7f99e7bd0f6c79cce0f4f1,2e52134307379f864dabb413f5606ae1,ddafb5a87f20ea6fdf5c12833592c61c,CD,EVMI2CD,90383906,A000715164,N000649550,S2H,2021/11/1 16:00,43200
9432e0dfbcc51c67af941987da19fe7f,f2d73841e2300896fca284277bfc2e79,d7c9ab1eeb7f99e7bd0f6c79cce0f4f1,2e52134307379f864dabb413f5606ae1,ddafb5a87f20ea6fdf5c12833592c61c,CD,EVMI2CD,90384301,A000717206,N000651179,S2H,2021/11/8 16:00,108000
9432e0dfbcc51c67af941987da19fe7f,f2d73841e2300896fca284277bfc2e79,d7c9ab1eeb7f99e7bd0f6c79cce0f4f1,2e52134307379f864dabb413f5606ae1,ddafb5a87f20ea6fdf5c12833592c61c,CD,EVMI2CD,90384302,A000717208,N000651180,S2H,2021/11/8 16:00,122400
9432e0dfbcc51c67af941987da19fe7f,f2d73841e2300896fca284277bfc2e79,d7c9ab1eeb7f99e7bd0f6c79cce0f4f1,2e52134307379f864dabb413f5606ae1,ddafb5a87f20ea6fdf5c12833592c61c,CD,EVMI2CD,90384346,A000717211,N000651182,S2H,2021/11/8 16:00,93600
9432e0dfbcc51c67af941987da19fe7f,f2d73841e2300896fca284277bfc2e79,d7c9ab1eeb7f99e7bd0f6c79cce0f4f1,2e52134307379f864dabb413f5606ae1,ddafb5a87f20ea6fdf5c12833592c61c,CD,EVMI2CD,90384754,A000719257,N000652751,S2H,2021/11/14 16:00,172800
9432e0dfbcc51c67af941987da19fe7f,f2d73841e2300896fca284277bfc2e79,d7c9ab1eeb7f99e7bd0f6c79cce0f4f1,2e52134307379f864dabb413f5606ae1,ddafb5a87f20ea6fdf5c12833592c61c,CD,EVMI2CD,90384757,A000719258,N000652752,S2H,2021/11/14 16:00,86400
9432e0dfbcc51c67af941987da19fe7f,f2d73841e2300896fca284277bfc2e79,d7c9ab1eeb7f99e7bd0f6c79cce0f4f1,2e52134307379f864dabb413f5606ae1,ddafb5a87f20ea6fdf5c12833592c61c,CD,EVMI2CD,90385149,A000721596,N000654637,S2H,2021/11/21 16:00,172800
9432e0dfbcc51c67af941987da19fe7f,f2d73841e2300896fca284277bfc2e79,d7c9ab1eeb7f99e7bd0f6c79cce0f4f1,2e52134307379f864dabb413f5606ae1,ddafb5a87f20ea6fdf5c12833592c61c,CD,EVMI2CD,90385150,A000721597,N000654638,S2H,2021/11/21 16:00,64800
9432e0dfbcc51c67af941987da19fe7f,f2d73841e2300896fca284277bfc2e79,d7c9ab1eeb7f99e7bd0f6c79cce0f4f1,2e52134307379f864dabb413f5606ae1,ddafb5a87f20ea6fdf5c12833592c61c,CD,EVMI2CD,90385151,A000721599,N000654640,S2H,2021/11/21 16:00,72000
9432e0dfbcc51c67af941987da19fe7f,f2d73841e2300896fca284277bfc2e79,d7c9ab1eeb7f99e7bd0f6c79cce0f4f1,2e52134307379f864dabb413f5606ae1,ddafb5a87f20ea6fdf5c12833592c61c,CD,EVMI2CD,90385618,A000724222,N000656576,S2H,2021/11/28 16:00,28800
9432e0dfbcc51c67af941987da19fe7f,f2d73841e2300896fca284277bfc2e79,d7c9ab1eeb7f99e7bd0f6c79cce0f4f1,2e52134307379f864dabb413f5606ae1,ddafb5a87f20ea6fdf5c12833592c61c,CD,EVMI2CD,90385619,A000724223,N000656577,S2H,2021/11/28 16:00,36000
9432e0dfbcc51c67af941987da19fe7f,f2d73841e2300896fca284277bfc2e79,d7c9ab1eeb7f99e7bd0f6c79cce0f4f1,2e52134307379f864dabb413f5606ae1,ddafb5a87f20ea6fdf5c12833592c61c,CD,EVMI2CD,90385663,A000724224,N000656579,S2H,2021/11/28 16:00,172800
9432e0dfbcc51c67af941987da19fe7f,f2d73841e2300896fca284277bfc2e79,d7c9ab1eeb7f99e7bd0f6c79cce0f4f1,2e52134307379f864dabb413f5606ae1,ddafb5a87f20ea6fdf5c12833592c61c,CD,EVMI2CD,90386035,A000725896,N000657856,S2H,2021/12/5 16:00,172800
9432e0dfbcc51c67af941987da19fe7f,f2d73841e2300896fca284277bfc2e79,d7c9ab1eeb7f99e7bd0f6c79cce0f4f1,2e52134307379f864dabb413f5606ae1,ddafb5a87f20ea6fdf5c12833592c61c,CD,EVMI2CD,90386036,A000725897,N000657857,S2H,2021/12/5 16:00,79200
9432e0dfbcc51c67af941987da19fe7f,f2d73841e2300896fca284277bfc2e79,d7c9ab1eeb7f99e7bd0f6c79cce0f4f1,2e52134307379f864dabb413f5606ae1,ddafb5a87f20ea6fdf5c12833592c61c,CD,EVMI2CD,90386249,A000726962,N000658865,S2H,2021/12/9 16:00,172800
9432e0dfbcc51c67af941987da19fe7f,f2d73841e2300896fca284277bfc2e79,d7c9ab1eeb7f99e7bd0f6c79cce0f4f1,2e52134307379f864dabb413f5606ae1,ddafb5a87f20ea6fdf5c12833592c61c,CD,EVMI2CD,90386251,A000726963,N000658866,S2H,2021/12/9 16:00,28800
9432e0dfbcc51c67af941987da19fe7f,f2d73841e2300896fca284277bfc2e79,d7c9ab1eeb7f99e7bd0f6c79cce0f4f1,2e52134307379f864dabb413f5606ae1,ddafb5a87f20ea6fdf5c12833592c61c,CD,EVMI2CD,90386295,A000726967,N000658870,S2H,2021/12/9 16:00,165600
9432e0dfbcc51c67af941987da19fe7f,f2d73841e2300896fca284277bfc2e79,d7c9ab1eeb7f99e7bd0f6c79cce0f4f1,2e52134307379f864dabb413f5606ae1,ddafb5a87f20ea6fdf5c12833592c61c,CD,EVMI2CD,90387185,A000730573,N000661588,S2H,2021/12/21 16:00,122400
9432e0dfbcc51c67af941987da19fe7f,f2d73841e2300896fca284277bfc2e79,d7c9ab1eeb7f99e7bd0f6c79cce0f4f1,2e52134307379f864dabb413f5606ae1,ddafb5a87f20ea6fdf5c12833592c61c,CD,EVMI2CD,90387237,A000730574,N000661589,S2H,2021/12/21 16:00,172800
9432e0dfbcc51c67af941987da19fe7f,f2d73841e2300896fca284277bfc2e79,d7c9ab1eeb7f99e7bd0f6c79cce0f4f1,2e52134307379f864dabb413f5606ae1,ddafb5a87f20ea6fdf5c12833592c61c,CD,EVMI2CD,90387713,A000733039,N000663328,S2H,2021/12/27 16:00,72000
9432e0dfbcc51c67af941987da19fe7f,f2d73841e2300896fca284277bfc2e79,d7c9ab1eeb7f99e7bd0f6c79cce0f4f1,2e52134307379f864dabb413f5606ae1,ddafb5a87f20ea6fdf5c12833592c61c,CD,EVMI2CD,90387747,A000733373,N000663639,S2H,2021/12/29 16:00,43200
9432e0dfbcc51c67af941987da19fe7f,f2d73841e2300896fca284277bfc2e79,d7c9ab1eeb7f99e7bd0f6c79cce0f4f1,2e52134307379f864dabb413f5606ae1,ddafb5a87f20ea6fdf5c12833592c61c,CD,EVMI2CD,90387844,A000733374,N000663640,S2H,2021/12/29 16:00,172800
9432e0dfbcc51c67af941987da19fe7f,f2d73841e2300896fca284277bfc2e79,d7c9ab1eeb7f99e7bd0f6c79cce0f4f1,2e52134307379f864dabb413f5606ae1,ddafb5a87f20ea6fdf5c12833592c61c,CD,EVMI2CD,90388336,A000736451,N000666205,S2H,2022/1/8 16:00,57600
9432e0dfbcc51c67af941987da19fe7f,f2d73841e2300896fca284277bfc2e79,d7c9ab1eeb7f99e7bd0f6c79cce0f4f1,2e52134307379f864dabb413f5606ae1,ddafb5a87f20ea6fdf5c12833592c61c,CD,EVMI2CD,90389086,A000739282,N000668641,S2H,2022/1/17 16:00,72000
9432e0dfbcc51c67af941987da19fe7f,f2d73841e2300896fca284277bfc2e79,d7c9ab1eeb7f99e7bd0f6c79cce0f4f1,2e52134307379f864dabb413f5606ae1,ddafb5a87f20ea6fdf5c12833592c61c,CD,EVMI2CD,90389220,A000740190,N000669336,S2H,2022/1/21 16:00,108000
9432e0dfbcc51c67af941987da19fe7f,f2d73841e2300896fca284277bfc2e79,d7c9ab1eeb7f99e7bd0f6c79cce0f4f1,2e52134307379f864dabb413f5606ae1,ddafb5a87f20ea6fdf5c12833592c61c,CD,EVMI2CD,90389234,A000740173,N000669321,S2H,2022/1/21 16:00,172800
9432e0dfbcc51c67af941987da19fe7f,f2d73841e2300896fca284277bfc2e79,d7c9ab1eeb7f99e7bd0f6c79cce0f4f1,2e52134307379f864dabb413f5606ae1,ddafb5a87f20ea6fdf5c12833592c61c,CD,EVMI2CD,90389505,A000741104,N000670037,S2H,2022/1/23 16:00,28800
9432e0dfbcc51c67af941987da19fe7f,f2d73841e2300896fca284277bfc2e79,d7c9ab1eeb7f99e7bd0f6c79cce0f4f1,2e52134307379f864dabb413f5606ae1,ddafb5a87f20ea6fdf5c12833592c61c,CD,EVMI2CD,90389507,A000741103,N000670036,S2H,2022/1/23 16:00,172800
9432e0dfbcc51c67af941987da19fe7f,f2d73841e2300896fca284277bfc2e79,d7c9ab1eeb7f99e7bd0f6c79cce0f4f1,2e52134307379f864dabb413f5606ae1,ddafb5a87f20ea6fdf5c12833592c61c,CD,EVMI2CD,90390404,A000744343,N000672854,S2H,2022/2/13 16:00,172800
9432e0dfbcc51c67af941987da19fe7f,f2d73841e2300896fca284277bfc2e79,d7c9ab1eeb7f99e7bd0f6c79cce0f4f1,2e52134307379f864dabb413f5606ae1,ddafb5a87f20ea6fdf5c12833592c61c,CD,EVMI2CD,90390463,A000744449,N000672961,S2H,2022/2/13 16:00,129600
9432e0dfbcc51c67af941987da19fe7f,f2d73841e2300896fca284277bfc2e79,d7c9ab1eeb7f99e7bd0f6c79cce0f4f1,2e52134307379f864dabb413f5606ae1,ddafb5a87f20ea6fdf5c12833592c61c,CD,EVMI2CD,90390527,A000744635,N000673124,S2H,2022/2/15 16:00,86400
9432e0dfbcc51c67af941987da19fe7f,f2d73841e2300896fca284277bfc2e79,d7c9ab1eeb7f99e7bd0f6c79cce0f4f1,2e52134307379f864dabb413f5606ae1,ddafb5a87f20ea6fdf5c12833592c61c,CD,EVMI2CD,90390697,A000747102,N000675232,S2H,2022/2/17 16:00,172800
9432e0dfbcc51c67af941987da19fe7f,f2d73841e2300896fca284277bfc2e79,d7c9ab1eeb7f99e7bd0f6c79cce0f4f1,2e52134307379f864dabb413f5606ae1,ddafb5a87f20ea6fdf5c12833592c61c,CD,EVMI2CD,90390751,A000747103,N000675233,S2H,2022/2/18 16:00,144000
9432e0dfbcc51c67af941987da19fe7f,f2d73841e2300896fca284277bfc2e79,d7c9ab1eeb7f99e7bd0f6c79cce0f4f1,2e52134307379f864dabb413f5606ae1,ddafb5a87f20ea6fdf5c12833592c61c,CD,EVMI2CD,90390993,A000748406,N000676399,S2H,2022/2/23 16:00,14400
9432e0dfbcc51c67af941987da19fe7f,f2d73841e2300896fca284277bfc2e79,d7c9ab1eeb7f99e7bd0f6c79cce0f4f1,2e52134307379f864dabb413f5606ae1,ddafb5a87f20ea6fdf5c12833592c61c,CD,EVMI2CD,90391045,A000748410,N000676403,S2H,2022/2/23 16:00,172800
9432e0dfbcc51c67af941987da19fe7f,f2d73841e2300896fca284277bfc2e79,d7c9ab1eeb7f99e7bd0f6c79cce0f4f1,2e52134307379f864dabb413f5606ae1,ddafb5a87f20ea6fdf5c12833592c61c,CD,EVMI2CD,90391210,A000748856,N000676814,S2H,2022/2/27 16:00,108000
9432e0dfbcc51c67af941987da19fe7f,f2d73841e2300896fca284277bfc2e79,d7c9ab1eeb7f99e7bd0f6c79cce0f4f1,2e52134307379f864dabb413f5606ae1,ddafb5a87f20ea6fdf5c12833592c61c,CD,EVMI2CD,90391211,A000748859,N000676815,S2H,2022/2/27 16:00,108000
9432e0dfbcc51c67af941987da19fe7f,f2d73841e2300896fca284277bfc2e79,d7c9ab1eeb7f99e7bd0f6c79cce0f4f1,2e52134307379f864dabb413f5606ae1,ddafb5a87f20ea6fdf5c12833592c61c,CD,EVMI2CD,90391454,A000750012,N000677812,S2H,2022/3/2 16:00,100800
9432e0dfbcc51c67af941987da19fe7f,f2d73841e2300896fca284277bfc2e79,d7c9ab1eeb7f99e7bd0f6c79cce0f4f1,2e52134307379f864dabb413f5606ae1,ddafb5a87f20ea6fdf5c12833592c61c,CD,EVMI2CD,90391792,A000751805,N000679446,S2H,2022/3/7 16:00,144000
9432e0dfbcc51c67af941987da19fe7f,f2d73841e2300896fca284277bfc2e79,d7c9ab1eeb7f99e7bd0f6c79cce0f4f1,2e52134307379f864dabb413f5606ae1,ddafb5a87f20ea6fdf5c12833592c61c,CD,EVMI2CD,90391793,A000751806,N000679447,S2H,2022/3/7 16:00,158400
9432e0dfbcc51c67af941987da19fe7f,f2d73841e2300896fca284277bfc2e79,d7c9ab1eeb7f99e7bd0f6c79cce0f4f1,2e52134307379f864dabb413f5606ae1,ddafb5a87f20ea6fdf5c12833592c61c,CD,EVMI2CD,90391905,A000752640,N000680209,S2H,2022/3/9 16:00,14400
9432e0dfbcc51c67af941987da19fe7f,f2d73841e2300896fca284277bfc2e79,d7c9ab1eeb7f99e7bd0f6c79cce0f4f1,2e52134307379f864dabb413f5606ae1,ddafb5a87f20ea6fdf5c12833592c61c,CD,EVMI2CD,90392299,A000753994,N000681434,S2H,2022/3/14 16:00,172800
9432e0dfbcc51c67af941987da19fe7f,f2d73841e2300896fca284277bfc2e79,d7c9ab1eeb7f99e7bd0f6c79cce0f4f1,2e52134307379f864dabb413f5606ae1,ddafb5a87f20ea6fdf5c12833592c61c,CD,EVMI2CD,90392318,A000753995,N000681435,S2H,2022/3/14 16:00,172800
9432e0dfbcc51c67af941987da19fe7f,f2d73841e2300896fca284277bfc2e79,d7c9ab1eeb7f99e7bd0f6c79cce0f4f1,2e52134307379f864dabb413f5606ae1,ddafb5a87f20ea6fdf5c12833592c61c,CD,EVMI2CD,90392649,A000756442,N000683515,S2H,2022/3/21 16:00,158400
9432e0dfbcc51c67af941987da19fe7f,f2d73841e2300896fca284277bfc2e79,d7c9ab1eeb7f99e7bd0f6c79cce0f4f1,2e52134307379f864dabb413f5606ae1,ddafb5a87f20ea6fdf5c12833592c61c,CD,EVMI2CD,90392650,A000756443,N000683516,S2H,2022/3/21 16:00,129600
9432e0dfbcc51c67af941987da19fe7f,f2d73841e2300896fca284277bfc2e79,d7c9ab1eeb7f99e7bd0f6c79cce0f4f1,2e52134307379f864dabb413f5606ae1,ddafb5a87f20ea6fdf5c12833592c61c,CD,EVMI2CD,90392980,A000758176,N000684950,S2H,2022/3/26 16:00,144000
9432e0dfbcc51c67af941987da19fe7f,f2d73841e2300896fca284277bfc2e79,d7c9ab1eeb7f99e7bd0f6c79cce0f4f1,2e52134307379f864dabb413f5606ae1,ddafb5a87f20ea6fdf5c12833592c61c,CD,EVMI2CD,90393014,A000758177,N000684951,S2H,2022/3/26 16:00,64800
9432e0dfbcc51c67af941987da19fe7f,f2d73841e2300896fca284277bfc2e79,d7c9ab1eeb7f99e7bd0f6c79cce0f4f1,2e52134307379f864dabb413f5606ae1,ddafb5a87f20ea6fdf5c12833592c61c,CD,EVMI2CD,90393206,A000759447,N000686112,S2H,2022/3/31 16:00,7200
9432e0dfbcc51c67af941987da19fe7f,f2d73841e2300896fca284277bfc2e79,d7c9ab1eeb7f99e7bd0f6c79cce0f4f1,2e52134307379f864dabb413f5606ae1,ddafb5a87f20ea6fdf5c12833592c61c,CD,EVMI2CD,90393497,A000760797,N000687301,S2H,2022/4/3 16:00,172800
9432e0dfbcc51c67af941987da19fe7f,f2d73841e2300896fca284277bfc2e79,d7c9ab1eeb7f99e7bd0f6c79cce0f4f1,2e52134307379f864dabb413f5606ae1,ddafb5a87f20ea6fdf5c12833592c61c,CD,EVMI2CD,90393498,A000760517,N000687037,S2H,2022/4/3 16:00,7200
9432e0dfbcc51c67af941987da19fe7f,f2d73841e2300896fca284277bfc2e79,d7c9ab1eeb7f99e7bd0f6c79cce0f4f1,2e52134307379f864dabb413f5606ae1,ddafb5a87f20ea6fdf5c12833592c61c,CD,EVMI2CD,90393582,A000760872,N000687380,S2H,2022/4/5 16:00,100800
9432e0dfbcc51c67af941987da19fe7f,f2d73841e2300896fca284277bfc2e79,d7c9ab1eeb7f99e7bd0f6c79cce0f4f1,2e52134307379f864dabb413f5606ae1,ddafb5a87f20ea6fdf5c12833592c61c,CD,EVMI2CD,90393831,A000762441,N000688787,S2H,2022/4/9 16:00,144000
9432e0dfbcc51c67af941987da19fe7f,f2d73841e2300896fca284277bfc2e79,d7c9ab1eeb7f99e7bd0f6c79cce0f4f1,2e52134307379f864dabb413f5606ae1,ddafb5a87f20ea6fdf5c12833592c61c,CD,EVMI2CD,90393881,A000762443,N000688789,S2H,2022/4/9 16:00,108000
9432e0dfbcc51c67af941987da19fe7f,f2d73841e2300896fca284277bfc2e79,d7c9ab1eeb7f99e7bd0f6c79cce0f4f1,2e52134307379f864dabb413f5606ae1,ddafb5a87f20ea6fdf5c12833592c61c,CD,EVMI2CD,90394328,A000764646,N000690657,S2H,2022/4/18 16:00,57600
9432e0dfbcc51c67af941987da19fe7f,f2d73841e2300896fca284277bfc2e79,d7c9ab1eeb7f99e7bd0f6c79cce0f4f1,2e52134307379f864dabb413f5606ae1,ddafb5a87f20ea6fdf5c12833592c61c,CD,EVMI2CD,90394745,A000767545,N000693313,S2H,2022/4/25 16:00,172800
9432e0dfbcc51c67af941987da19fe7f,f2d73841e2300896fca284277bfc2e79,d7c9ab1eeb7f99e7bd0f6c79cce0f4f1,2e52134307379f864dabb413f5606ae1,ddafb5a87f20ea6fdf5c12833592c61c,CD,EVMI2CD,90395104,A000768979,N000694517,S2H,2022/4/30 16:00,158400
9432e0dfbcc51c67af941987da19fe7f,f2d73841e2300896fca284277bfc2e79,d7c9ab1eeb7f99e7bd0f6c79cce0f4f1,2e52134307379f864dabb413f5606ae1,ddafb5a87f20ea6fdf5c12833592c61c,CD,EVMI2CD,90395106,A000768982,N000694519,S2H,2022/4/30 16:00,21600
9432e0dfbcc51c67af941987da19fe7f,f2d73841e2300896fca284277bfc2e79,d7c9ab1eeb7f99e7bd0f6c79cce0f4f1,2e52134307379f864dabb413f5606ae1,ddafb5a87f20ea6fdf5c12833592c61c,CD,EVMI2CD,90395668,A000771120,N000697487,S2H,2022/5/12 16:00,50400
9432e0dfbcc51c67af941987da19fe7f,f2d73841e2300896fca284277bfc2e79,d7c9ab1eeb7f99e7bd0f6c79cce0f4f1,2e52134307379f864dabb413f5606ae1,ddafb5a87f20ea6fdf5c12833592c61c,CD,EVMI2CD,90395669,A000771122,N000697489,S2H,2022/5/11 16:00,122400
9432e0dfbcc51c67af941987da19fe7f,f2d73841e2300896fca284277bfc2e79,d7c9ab1eeb7f99e7bd0f6c79cce0f4f1,2e52134307379f864dabb413f5606ae1,ddafb5a87f20ea6fdf5c12833592c61c,CD,EVMI2CD,90395771,A000771582,N000697902,S2H,2022/5/12 16:00,28800
9432e0dfbcc51c67af941987da19fe7f,f2d73841e2300896fca284277bfc2e79,d7c9ab1eeb7f99e7bd0f6c79cce0f4f1,2e52134307379f864dabb413f5606ae1,ddafb5a87f20ea6fdf5c12833592c61c,CD,EVMI2CD,90396037,A000772991,N000699150,S2H,2022/5/16 16:00,172800
9432e0dfbcc51c67af941987da19fe7f,f2d73841e2300896fca284277bfc2e79,d7c9ab1eeb7f99e7bd0f6c79cce0f4f1,2e52134307379f864dabb413f5606ae1,ddafb5a87f20ea6fdf5c12833592c61c,CD,EVMI2CD,90396041,A000772993,N000699152,S2H,2022/5/16 16:00,7200
9432e0dfbcc51c67af941987da19fe7f,f2d73841e2300896fca284277bfc2e79,d7c9ab1eeb7f99e7bd0f6c79cce0f4f1,2e52134307379f864dabb413f5606ae1,ddafb5a87f20ea6fdf5c12833592c61c,CD,EVMI2CD,90396593,A000775357,N000701126,S2H,2022/5/26 16:00,50400
9432e0dfbcc51c67af941987da19fe7f,f2d73841e2300896fca284277bfc2e79,d7c9ab1eeb7f99e7bd0f6c79cce0f4f1,2e52134307379f864dabb413f5606ae1,ddafb5a87f20ea6fdf5c12833592c61c,CD,EVMI2CD,90396595,A000775358,N000701127,S2H,2022/5/26 16:00,165600
9432e0dfbcc51c67af941987da19fe7f,f2d73841e2300896fca284277bfc2e79,d7c9ab1eeb7f99e7bd0f6c79cce0f4f1,2e52134307379f864dabb413f5606ae1,ddafb5a87f20ea6fdf5c12833592c61c,CD,EVMI2CD,90396954,A000776829,N000702270,S2H,2022/5/29 16:00,100800
9432e0dfbcc51c67af941987da19fe7f,f2d73841e2300896fca284277bfc2e79,d7c9ab1eeb7f99e7bd0f6c79cce0f4f1,2e52134307379f864dabb413f5606ae1,ddafb5a87f20ea6fdf5c12833592c61c,CD,EVMI2CD,90396958,A000776831,N000702272,S2H,2022/5/29 16:00,115200
9432e0dfbcc51c67af941987da19fe7f,f2d73841e2300896fca284277bfc2e79,d7c9ab1eeb7f99e7bd0f6c79cce0f4f1,2e52134307379f864dabb413f5606ae1,ddafb5a87f20ea6fdf5c12833592c61c,CD,EVMI2CD,90397407,A000778618,N000703884,S2H,2022/6/8 16:00,144000
9432e0dfbcc51c67af941987da19fe7f,f2d73841e2300896fca284277bfc2e79,d7c9ab1eeb7f99e7bd0f6c79cce0f4f1,2e52134307379f864dabb413f5606ae1,ddafb5a87f20ea6fdf5c12833592c61c,CD,EVMI2CD,90397408,A000778621,N000703887,S2H,2022/6/8 16:00,122400
9432e0dfbcc51c67af941987da19fe7f,f2d73841e2300896fca284277bfc2e79,d7c9ab1eeb7f99e7bd0f6c79cce0f4f1,2e52134307379f864dabb413f5606ae1,ddafb5a87f20ea6fdf5c12833592c61c,CD,EVMI2CD,90397409,A000778623,N000703889,S2H,2022/6/8 16:00,115200
9432e0dfbcc51c67af941987da19fe7f,f2d73841e2300896fca284277bfc2e79,d7c9ab1eeb7f99e7bd0f6c79cce0f4f1,2e52134307379f864dabb413f5606ae1,ddafb5a87f20ea6fdf5c12833592c61c,CD,EVMI2CD,90397755,A000780102,N000705250,S2H,2022/6/13 16:00,100800
9432e0dfbcc51c67af941987da19fe7f,f2d73841e2300896fca284277bfc2e79,d7c9ab1eeb7f99e7bd0f6c79cce0f4f1,2e52134307379f864dabb413f5606ae1,ddafb5a87f20ea6fdf5c12833592c61c,CD,EVMI2CD,90397756,A000780103,N000705251,S2H,2022/6/13 16:00,158400
9432e0dfbcc51c67af941987da19fe7f,f2d73841e2300896fca284277bfc2e79,d7c9ab1eeb7f99e7bd0f6c79cce0f4f1,2e52134307379f864dabb413f5606ae1,ddafb5a87f20ea6fdf5c12833592c61c,CD,EVMI2CD,90397775,A000780106,N000705254,S2H,2022/6/13 16:00,172800
9432e0dfbcc51c67af941987da19fe7f,f2d73841e2300896fca284277bfc2e79,d7c9ab1eeb7f99e7bd0f6c79cce0f4f1,2e52134307379f864dabb413f5606ae1,ddafb5a87f20ea6fdf5c12833592c61c,CD,EVMI2CD,90398134,A000782476,N000707324,S2H,2022/6/20 16:00,122400
9432e0dfbcc51c67af941987da19fe7f,f2d73841e2300896fca284277bfc2e79,d7c9ab1eeb7f99e7bd0f6c79cce0f4f1,2e52134307379f864dabb413f5606ae1,ddafb5a87f20ea6fdf5c12833592c61c,CD,EVMI2CD,90398199,A000782949,N000707769,S2H,2022/6/22 16:00,36000
9432e0dfbcc51c67af941987da19fe7f,f2d73841e2300896fca284277bfc2e79,d7c9ab1eeb7f99e7bd0f6c79cce0f4f1,2e52134307379f864dabb413f5606ae1,ddafb5a87f20ea6fdf5c12833592c61c,CD,EVMI2CD,90398209,A000782950,N000707770,S2H,2022/6/22 16:00,172800
9432e0dfbcc51c67af941987da19fe7f,f2d73841e2300896fca284277bfc2e79,d7c9ab1eeb7f99e7bd0f6c79cce0f4f1,2e52134307379f864dabb413f5606ae1,ddafb5a87f20ea6fdf5c12833592c61c,CD,EVMI2CD,90398496,A000784674,N000709183,S2H,2022/6/27 16:00,7200
9432e0dfbcc51c67af941987da19fe7f,f2d73841e2300896fca284277bfc2e79,d7c9ab1eeb7f99e7bd0f6c79cce0f4f1,2e52134307379f864dabb413f5606ae1,ddafb5a87f20ea6fdf5c12833592c61c,CD,EVMI2CD,90398505,A000784677,N000709186,S2H,2022/6/27 16:00,172800
9432e0dfbcc51c67af941987da19fe7f,f2d73841e2300896fca284277bfc2e79,d7c9ab1eeb7f99e7bd0f6c79cce0f4f1,2e52134307379f864dabb413f5606ae1,ddafb5a87f20ea6fdf5c12833592c61c,CD,EVMI2CD,90398715,A000785424,N000709856,S2H,2022/6/30 16:00,129600
9432e0dfbcc51c67af941987da19fe7f,f2d73841e2300896fca284277bfc2e79,d7c9ab1eeb7f99e7bd0f6c79cce0f4f1,2e52134307379f864dabb413f5606ae1,ddafb5a87f20ea6fdf5c12833592c61c,CD,EVMI2CD,90399003,A000787238,N000711466,S2H,2022/7/6 16:00,122400
9432e0dfbcc51c67af941987da19fe7f,f2d73841e2300896fca284277bfc2e79,d7c9ab1eeb7f99e7bd0f6c79cce0f4f1,2e52134307379f864dabb413f5606ae1,ddafb5a87f20ea6fdf5c12833592c61c,CD,EVMI2CD,90399004,A000787239,N000711467,S2H,2022/7/6 16:00,122400
9432e0dfbcc51c67af941987da19fe7f,f2d73841e2300896fca284277bfc2e79,d7c9ab1eeb7f99e7bd0f6c79cce0f4f1,2e52134307379f864dabb413f5606ae1,ddafb5a87f20ea6fdf5c12833592c61c,CD,EVMI2CD,90399005,A000787253,N000711481,S2H,2022/7/6 16:00,28800
9432e0dfbcc51c67af941987da19fe7f,f2d73841e2300896fca284277bfc2e79,d7c9ab1eeb7f99e7bd0f6c79cce0f4f1,2e52134307379f864dabb413f5606ae1,ddafb5a87f20ea6fdf5c12833592c61c,CD,EVMI2CD,90399332,A000788754,N000712916,S2H,2022/7/11 16:00,57600
9432e0dfbcc51c67af941987da19fe7f,f2d73841e2300896fca284277bfc2e79,d7c9ab1eeb7f99e7bd0f6c79cce0f4f1,2e52134307379f864dabb413f5606ae1,ddafb5a87f20ea6fdf5c12833592c61c,CD,EVMI2CD,90399343,A000788756,N000712918,S2H,2022/7/11 16:00,36000
9432e0dfbcc51c67af941987da19fe7f,f2d73841e2300896fca284277bfc2e79,d7c9ab1eeb7f99e7bd0f6c79cce0f4f1,2e52134307379f864dabb413f5606ae1,ddafb5a87f20ea6fdf5c12833592c61c,CD,EVMI2CD,90399344,A000788764,N000712925,S2H,2022/7/11 16:00,122400
9432e0dfbcc51c67af941987da19fe7f,f2d73841e2300896fca284277bfc2e79,d7c9ab1eeb7f99e7bd0f6c79cce0f4f1,2e52134307379f864dabb413f5606ae1,ddafb5a87f20ea6fdf5c12833592c61c,CD,EVMI2CD,90399759,A000792916,N000716593,S2H,2022/7/21 16:00,158400
9432e0dfbcc51c67af941987da19fe7f,f2d73841e2300896fca284277bfc2e79,d7c9ab1eeb7f99e7bd0f6c79cce0f4f1,2e52134307379f864dabb413f5606ae1,ddafb5a87f20ea6fdf5c12833592c61c,CD,EVMI2CD,90399795,A000792920,N000716598,S2H,2022/7/21 16:00,144000
9432e0dfbcc51c67af941987da19fe7f,f2d73841e2300896fca284277bfc2e79,d7c9ab1eeb7f99e7bd0f6c79cce0f4f1,2e52134307379f864dabb413f5606ae1,ddafb5a87f20ea6fdf5c12833592c61c,CD,EVMI2CD,90400044,A000794595,N000718017,S2H,2022/7/25 16:00,93600
9432e0dfbcc51c67af941987da19fe7f,f2d73841e2300896fca284277bfc2e79,d7c9ab1eeb7f99e7bd0f6c79cce0f4f1,2e52134307379f864dabb413f5606ae1,ddafb5a87f20ea6fdf5c12833592c61c,CD,EVMI2CD,90400116,A000794666,N000718085,S2H,2022/7/25 16:00,144000
9432e0dfbcc51c67af941987da19fe7f,f2d73841e2300896fca284277bfc2e79,d7c9ab1eeb7f99e7bd0f6c79cce0f4f1,2e52134307379f864dabb413f5606ae1,ddafb5a87f20ea6fdf5c12833592c61c,CD,EVMI2CD,90400621,A000797027,N000720042,S2H,2022/8/2 16:00,122400
9432e0dfbcc51c67af941987da19fe7f,f2d73841e2300896fca284277bfc2e79,d7c9ab1eeb7f99e7bd0f6c79cce0f4f1,2e52134307379f864dabb413f5606ae1,ddafb5a87f20ea6fdf5c12833592c61c,CD,EVMI2CD,90400623,A000797028,N000720043,S2H,2022/8/2 16:00,115200
9432e0dfbcc51c67af941987da19fe7f,f2d73841e2300896fca284277bfc2e79,d7c9ab1eeb7f99e7bd0f6c79cce0f4f1,2e52134307379f864dabb413f5606ae1,ddafb5a87f20ea6fdf5c12833592c61c,CD,EVMI2CD,90400988,A000799219,N000721907,S2H,2022/8/7 16:00,115200
9432e0dfbcc51c67af941987da19fe7f,f2d73841e2300896fca284277bfc2e79,d7c9ab1eeb7f99e7bd0f6c79cce0f4f1,2e52134307379f864dabb413f5606ae1,ddafb5a87f20ea6fdf5c12833592c61c,CD,EVMI2CD,90400994,A000799221,N000721909,S2H,2022/8/7 16:00,100800
9432e0dfbcc51c67af941987da19fe7f,f2d73841e2300896fca284277bfc2e79,d7c9ab1eeb7f99e7bd0f6c79cce0f4f1,2e52134307379f864dabb413f5606ae1,ddafb5a87f20ea6fdf5c12833592c61c,CD,EVMI2CD,90400998,A000799222,N000721910,S2H,2022/8/7 16:00,36000
9432e0dfbcc51c67af941987da19fe7f,f2d73841e2300896fca284277bfc2e79,d7c9ab1eeb7f99e7bd0f6c79cce0f4f1,2e52134307379f864dabb413f5606ae1,ddafb5a87f20ea6fdf5c12833592c61c,CD,EVMI2CD,90401434,A000801812,N000724037,S2H,2022/8/14 16:00,136800
9432e0dfbcc51c67af941987da19fe7f,f2d73841e2300896fca284277bfc2e79,d7c9ab1eeb7f99e7bd0f6c79cce0f4f1,2e52134307379f864dabb413f5606ae1,ddafb5a87f20ea6fdf5c12833592c61c,CD,EVMI2CD,90401463,A000801959,N000724177,S2H,2022/8/16 16:00,158400
9432e0dfbcc51c67af941987da19fe7f,f2d73841e2300896fca284277bfc2e79,d7c9ab1eeb7f99e7bd0f6c79cce0f4f1,2e52134307379f864dabb413f5606ae1,ddafb5a87f20ea6fdf5c12833592c61c,CD,EVMI2CD,90401823,A000803444,N000725495,S2H,2022/8/22 16:00,100800
9432e0dfbcc51c67af941987da19fe7f,f2d73841e2300896fca284277bfc2e79,d7c9ab1eeb7f99e7bd0f6c79cce0f4f1,2e52134307379f864dabb413f5606ae1,ddafb5a87f20ea6fdf5c12833592c61c,CD,EVMI2CD,90402301,A000804774,N000726749,S2H,2022/8/29 16:00,172800
9432e0dfbcc51c67af941987da19fe7f,f2d73841e2300896fca284277bfc2e79,d7c9ab1eeb7f99e7bd0f6c79cce0f4f1,2e52134307379f864dabb413f5606ae1,ddafb5a87f20ea6fdf5c12833592c61c,CD,EVMI2CD,90402754,A000807306,N000728840,S2H,2022/9/7 16:00,172800
9432e0dfbcc51c67af941987da19fe7f,f2d73841e2300896fca284277bfc2e79,d7c9ab1eeb7f99e7bd0f6c79cce0f4f1,2e52134307379f864dabb413f5606ae1,ddafb5a87f20ea6fdf5c12833592c61c,CD,EVMI2CD,90402778,A000807315,N000728847,S2H,2022/9/7 16:00,57600
9432e0dfbcc51c67af941987da19fe7f,f2d73841e2300896fca284277bfc2e79,d7c9ab1eeb7f99e7bd0f6c79cce0f4f1,2e52134307379f864dabb413f5606ae1,ddafb5a87f20ea6fdf5c12833592c61c,CD,EVMI2CD,90403085,A000808490,N000729993,S2H,2022/9/12 16:00,158400
9432e0dfbcc51c67af941987da19fe7f,f2d73841e2300896fca284277bfc2e79,d7c9ab1eeb7f99e7bd0f6c79cce0f4f1,2e52134307379f864dabb413f5606ae1,ddafb5a87f20ea6fdf5c12833592c61c,CD,EVMI2CD,90403300,A000809512,N000730962,S2H,2022/9/15 16:00,86400
9432e0dfbcc51c67af941987da19fe7f,f2d73841e2300896fca284277bfc2e79,d7c9ab1eeb7f99e7bd0f6c79cce0f4f1,2e52134307379f864dabb413f5606ae1,ddafb5a87f20ea6fdf5c12833592c61c,CD,EVMI2CD,90403359,A000809625,N000731073,S2H,2022/9/16 16:00,72000
9432e0dfbcc51c67af941987da19fe7f,f2d73841e2300896fca284277bfc2e79,d7c9ab1eeb7f99e7bd0f6c79cce0f4f1,2e52134307379f864dabb413f5606ae1,ddafb5a87f20ea6fdf5c12833592c61c,CD,EVMI2CD,90403591,A000810750,N000732026,S2H,2022/9/19 16:00,93600
9432e0dfbcc51c67af941987da19fe7f,f2d73841e2300896fca284277bfc2e79,d7c9ab1eeb7f99e7bd0f6c79cce0f4f1,2e52134307379f864dabb413f5606ae1,ddafb5a87f20ea6fdf5c12833592c61c,CD,EVMI2CD,90403614,A000811191,N000732462,S2H,2022/9/21 16:00,7200
9432e0dfbcc51c67af941987da19fe7f,f2d73841e2300896fca284277bfc2e79,d7c9ab1eeb7f99e7bd0f6c79cce0f4f1,2e52134307379f864dabb413f5606ae1,ddafb5a87f20ea6fdf5c12833592c61c,CD,EVMI2CD,90404119,A000813323,N000733826,S2H,2022/9/24 16:00,172800
9432e0dfbcc51c67af941987da19fe7f,f2d73841e2300896fca284277bfc2e79,d7c9ab1eeb7f99e7bd0f6c79cce0f4f1,2e52134307379f864dabb413f5606ae1,ddafb5a87f20ea6fdf5c12833592c61c,CD,EVMI2CD,90404225,A000813771,N000734200,S2H,2022/9/25 16:00,172800
9432e0dfbcc51c67af941987da19fe7f,f2d73841e2300896fca284277bfc2e79,d7c9ab1eeb7f99e7bd0f6c79cce0f4f1,2e52134307379f864dabb413f5606ae1,ddafb5a87f20ea6fdf5c12833592c61c,CD,EVMI2CD,90404457,A000814898,N000735215,S2H,2022/9/29 16:00,158400
9432e0dfbcc51c67af941987da19fe7f,f2d73841e2300896fca284277bfc2e79,d7c9ab1eeb7f99e7bd0f6c79cce0f4f1,2e52134307379f864dabb413f5606ae1,ddafb5a87f20ea6fdf5c12833592c61c,CD,EVMI2CD,90404695,A000816103,N000736139,S2H,2022/10/3 16:00,64800
9432e0dfbcc51c67af941987da19fe7f,f2d73841e2300896fca284277bfc2e79,d7c9ab1eeb7f99e7bd0f6c79cce0f4f1,2e52134307379f864dabb413f5606ae1,ddafb5a87f20ea6fdf5c12833592c61c,CD,EVMI2CD,90404830,A000816796,N000736742,S2H,2022/10/7 16:00,122400
9432e0dfbcc51c67af941987da19fe7f,f2d73841e2300896fca284277bfc2e79,d7c9ab1eeb7f99e7bd0f6c79cce0f4f1,2e52134307379f864dabb413f5606ae1,ddafb5a87f20ea6fdf5c12833592c61c,CD,EVMI2CD,90404845,A000816911,N000736854,S2H,2022/10/7 16:00,172800
9432e0dfbcc51c67af941987da19fe7f,f2d73841e2300896fca284277bfc2e79,d7c9ab1eeb7f99e7bd0f6c79cce0f4f1,2e52134307379f864dabb413f5606ae1,ddafb5a87f20ea6fdf5c12833592c61c,CD,EVMI2CD,90405096,A000818554,N000738206,S2H,2022/10/13 16:00,79200
9432e0dfbcc51c67af941987da19fe7f,f2d73841e2300896fca284277bfc2e79,d7c9ab1eeb7f99e7bd0f6c79cce0f4f1,2e52134307379f864dabb413f5606ae1,ddafb5a87f20ea6fdf5c12833592c61c,CD,EVMI2CD,90405165,A000819087,N000738525,S2H,2022/10/14 16:00,100800
9432e0dfbcc51c67af941987da19fe7f,f2d73841e2300896fca284277bfc2e79,d7c9ab1eeb7f99e7bd0f6c79cce0f4f1,2e52134307379f864dabb413f5606ae1,ddafb5a87f20ea6fdf5c12833592c61c,CD,EVMI2CD,90405194,A000819892,N000739077,S2H,2022/10/16 16:00,36000
9432e0dfbcc51c67af941987da19fe7f,f2d73841e2300896fca284277bfc2e79,d7c9ab1eeb7f99e7bd0f6c79cce0f4f1,2e52134307379f864dabb413f5606ae1,ddafb5a87f20ea6fdf5c12833592c61c,CD,EVMI2CD,90405306,A000820045,N000739224,S2H,2022/10/16 16:00,72000
9432e0dfbcc51c67af941987da19fe7f,f2d73841e2300896fca284277bfc2e79,d7c9ab1eeb7f99e7bd0f6c79cce0f4f1,2e52134307379f864dabb413f5606ae1,ddafb5a87f20ea6fdf5c12833592c61c,CD,EVMI2CD,90405352,A000820349,N000739523,S2H,2022/10/17 16:00,72000
9432e0dfbcc51c67af941987da19fe7f,f2d73841e2300896fca284277bfc2e79,d7c9ab1eeb7f99e7bd0f6c79cce0f4f1,2e52134307379f864dabb413f5606ae1,ddafb5a87f20ea6fdf5c12833592c61c,CD,EVMI2CD,90405532,A000822281,N000741340,S2H,2022/10/19 16:00,158400
9432e0dfbcc51c67af941987da19fe7f,f2d73841e2300896fca284277bfc2e79,d7c9ab1eeb7f99e7bd0f6c79cce0f4f1,2e52134307379f864dabb413f5606ae1,ddafb5a87f20ea6fdf5c12833592c61c,CD,EVMI2CD,90405848,A000823986,N000742714,S2H,2022/10/23 16:00,43200
9432e0dfbcc51c67af941987da19fe7f,f2d73841e2300896fca284277bfc2e79,d7c9ab1eeb7f99e7bd0f6c79cce0f4f1,2e52134307379f864dabb413f5606ae1,ddafb5a87f20ea6fdf5c12833592c61c,CD,EVMI2CD,90405854,A000823988,N000742716,S2H,2022/10/23 16:00,50400
9432e0dfbcc51c67af941987da19fe7f,f2d73841e2300896fca284277bfc2e79,d7c9ab1eeb7f99e7bd0f6c79cce0f4f1,2e52134307379f864dabb413f5606ae1,ddafb5a87f20ea6fdf5c12833592c61c,CD,EVMI2CD,90405942,A000824260,N000742981,S2H,2022/10/26 16:00,93600
9432e0dfbcc51c67af941987da19fe7f,f2d73841e2300896fca284277bfc2e79,d7c9ab1eeb7f99e7bd0f6c79cce0f4f1,2e52134307379f864dabb413f5606ae1,ddafb5a87f20ea6fdf5c12833592c61c,CD,EVMI2CD,90406025,A000825241,N000743646,S2H,2022/10/27 16:00,79200
9432e0dfbcc51c67af941987da19fe7f,f2d73841e2300896fca284277bfc2e79,d7c9ab1eeb7f99e7bd0f6c79cce0f4f1,2e52134307379f864dabb413f5606ae1,ddafb5a87f20ea6fdf5c12833592c61c,CD,EVMI2CD,90406175,A000825357,N000743757,S2H,2022/10/27 16:00,165600
9432e0dfbcc51c67af941987da19fe7f,f2d73841e2300896fca284277bfc2e79,d7c9ab1eeb7f99e7bd0f6c79cce0f4f1,2e52134307379f864dabb413f5606ae1,ddafb5a87f20ea6fdf5c12833592c61c,CD,EVMI2CD,90406395,A000826825,N000744855,S2H,2022/10/31 16:00,172800
9432e0dfbcc51c67af941987da19fe7f,f2d73841e2300896fca284277bfc2e79,d7c9ab1eeb7f99e7bd0f6c79cce0f4f1,2e52134307379f864dabb413f5606ae1,ddafb5a87f20ea6fdf5c12833592c61c,CD,EVMI2CD,90406396,A000826829,N000744858,S2H,2022/10/31 16:00,129600
9432e0dfbcc51c67af941987da19fe7f,f2d73841e2300896fca284277bfc2e79,d7c9ab1eeb7f99e7bd0f6c79cce0f4f1,2e52134307379f864dabb413f5606ae1,ddafb5a87f20ea6fdf5c12833592c61c,CD,EVMI2CD,90406934,A000829350,N000746883,S2H,2022/11/9 16:00,57600
9432e0dfbcc51c67af941987da19fe7f,f2d73841e2300896fca284277bfc2e79,d7c9ab1eeb7f99e7bd0f6c79cce0f4f1,2e52134307379f864dabb413f5606ae1,ddafb5a87f20ea6fdf5c12833592c61c,CD,EVMI2CD,90407003,A000829851,N000747342,S2H,2022/11/10 16:00,136800
9432e0dfbcc51c67af941987da19fe7f,f2d73841e2300896fca284277bfc2e79,d7c9ab1eeb7f99e7bd0f6c79cce0f4f1,2e52134307379f864dabb413f5606ae1,ddafb5a87f20ea6fdf5c12833592c61c,CD,EVMI2CD,90407028,A000829853,N000747344,S2H,2022/11/10 16:00,172800
9432e0dfbcc51c67af941987da19fe7f,f2d73841e2300896fca284277bfc2e79,d7c9ab1eeb7f99e7bd0f6c79cce0f4f1,2e52134307379f864dabb413f5606ae1,ddafb5a87f20ea6fdf5c12833592c61c,CD,EVMI2CD,90407281,A000831032,N000748195,S2H,2022/11/12 16:00,151200
9432e0dfbcc51c67af941987da19fe7f,f2d73841e2300896fca284277bfc2e79,d7c9ab1eeb7f99e7bd0f6c79cce0f4f1,2e52134307379f864dabb413f5606ae1,ddafb5a87f20ea6fdf5c12833592c61c,CD,EVMI2CD,90407524,A000832242,N000749274,S2H,2022/11/17 16:00,172800
9432e0dfbcc51c67af941987da19fe7f,f2d73841e2300896fca284277bfc2e79,d7c9ab1eeb7f99e7bd0f6c79cce0f4f1,2e52134307379f864dabb413f5606ae1,ddafb5a87f20ea6fdf5c12833592c61c,CD,EVMI2CD,90407574,A000832243,N000749275,S2H,2022/11/17 16:00,151200
9432e0dfbcc51c67af941987da19fe7f,f2d73841e2300896fca284277bfc2e79,d7c9ab1eeb7f99e7bd0f6c79cce0f4f1,2e52134307379f864dabb413f5606ae1,ddafb5a87f20ea6fdf5c12833592c61c,CD,EVMI2CD,90407795,A000833954,N000750470,S2H,2022/11/20 16:00,172800
9432e0dfbcc51c67af941987da19fe7f,f2d73841e2300896fca284277bfc2e79,d7c9ab1eeb7f99e7bd0f6c79cce0f4f1,2e52134307379f864dabb413f5606ae1,ddafb5a87f20ea6fdf5c12833592c61c,CD,EVMI2CD,90407997,A000834737,N000751213,S2H,2022/11/24 16:00,172800
9432e0dfbcc51c67af941987da19fe7f,f2d73841e2300896fca284277bfc2e79,d7c9ab1eeb7f99e7bd0f6c79cce0f4f1,2e52134307379f864dabb413f5606ae1,ddafb5a87f20ea6fdf5c12833592c61c,CD,EVMI2CD,90408008,A000834739,N000751215,S2H,2022/11/24 16:00,122400
9432e0dfbcc51c67af941987da19fe7f,f2d73841e2300896fca284277bfc2e79,d7c9ab1eeb7f99e7bd0f6c79cce0f4f1,2e52134307379f864dabb413f5606ae1,ddafb5a87f20ea6fdf5c12833592c61c,CD,EVMI2CD,90408051,A000834740,N000751216,S2H,2022/11/24 16:00,151200
9432e0dfbcc51c67af941987da19fe7f,f2d73841e2300896fca284277bfc2e79,d7c9ab1eeb7f99e7bd0f6c79cce0f4f1,2e52134307379f864dabb413f5606ae1,ddafb5a87f20ea6fdf5c12833592c61c,CD,EVMI2CD,90408200,A000835565,N000751753,S2H,2022/11/27 16:00,115200
9432e0dfbcc51c67af941987da19fe7f,f2d73841e2300896fca284277bfc2e79,d7c9ab1eeb7f99e7bd0f6c79cce0f4f1,2e52134307379f864dabb413f5606ae1,ddafb5a87f20ea6fdf5c12833592c61c,CD,EVMI2CD,90408201,A000835566,N000751754,S2H,2022/11/27 16:00,151200
9432e0dfbcc51c67af941987da19fe7f,f2d73841e2300896fca284277bfc2e79,d7c9ab1eeb7f99e7bd0f6c79cce0f4f1,2e52134307379f864dabb413f5606ae1,ddafb5a87f20ea6fdf5c12833592c61c,CD,EVMI2CD,90408205,A000835567,N000751755,S2H,2022/11/27 16:00,122400
9432e0dfbcc51c67af941987da19fe7f,f2d73841e2300896fca284277bfc2e79,d7c9ab1eeb7f99e7bd0f6c79cce0f4f1,2e52134307379f864dabb413f5606ae1,ddafb5a87f20ea6fdf5c12833592c61c,CD,EVMI2CD,90408551,A000837134,N000753062,S2H,2022/11/30 16:00,122400
9432e0dfbcc51c67af941987da19fe7f,f2d73841e2300896fca284277bfc2e79,d7c9ab1eeb7f99e7bd0f6c79cce0f4f1,2e52134307379f864dabb413f5606ae1,ddafb5a87f20ea6fdf5c12833592c61c,CD,EVMI2CD,90408814,A000838394,N000754048,S2H,2022/12/4 16:00,172800
9432e0dfbcc51c67af941987da19fe7f,f2d73841e2300896fca284277bfc2e79,d7c9ab1eeb7f99e7bd0f6c79cce0f4f1,2e52134307379f864dabb413f5606ae1,ddafb5a87f20ea6fdf5c12833592c61c,CD,EVMI2CD,90408835,A000838395,N000754049,S2H,2022/12/4 16:00,172800
9432e0dfbcc51c67af941987da19fe7f,f2d73841e2300896fca284277bfc2e79,d7c9ab1eeb7f99e7bd0f6c79cce0f4f1,2e52134307379f864dabb413f5606ae1,ddafb5a87f20ea6fdf5c12833592c61c,CD,EVMI2CD,90409614,A000843424,N000758339,S2H,2022/12/18 16:00,50400
9432e0dfbcc51c67af941987da19fe7f,f2d73841e2300896fca284277bfc2e79,d7c9ab1eeb7f99e7bd0f6c79cce0f4f1,2e52134307379f864dabb413f5606ae1,ddafb5a87f20ea6fdf5c12833592c61c,CD,EVMI2CD,90409615,A000843425,N000758340,S2H,2022/12/18 16:00,122400
9432e0dfbcc51c67af941987da19fe7f,f2d73841e2300896fca284277bfc2e79,d7c9ab1eeb7f99e7bd0f6c79cce0f4f1,2e52134307379f864dabb413f5606ae1,ddafb5a87f20ea6fdf5c12833592c61c,CD,EVMI2CD,90409828,A000844390,N000759179,S2H,2022/12/21 16:00,108000
9432e0dfbcc51c67af941987da19fe7f,f2d73841e2300896fca284277bfc2e79,d7c9ab1eeb7f99e7bd0f6c79cce0f4f1,2e52134307379f864dabb413f5606ae1,ddafb5a87f20ea6fdf5c12833592c61c,CD,EVMI2CD,90409957,A000844884,N000759601,S2H,2022/12/21 16:00,129600
9432e0dfbcc51c67af941987da19fe7f,f2d73841e2300896fca284277bfc2e79,d7c9ab1eeb7f99e7bd0f6c79cce0f4f1,2e52134307379f864dabb413f5606ae1,ddafb5a87f20ea6fdf5c12833592c61c,CD,EVMI2CD,90410291,A000846869,N000760940,S2H,2022/12/28 16:00,108000
9432e0dfbcc51c67af941987da19fe7f,f2d73841e2300896fca284277bfc2e79,d7c9ab1eeb7f99e7bd0f6c79cce0f4f1,2e52134307379f864dabb413f5606ae1,ddafb5a87f20ea6fdf5c12833592c61c,CD,EVMI2CD,90410780,A000848815,N000762369,S2H,2023/1/6 16:00,57600
9432e0dfbcc51c67af941987da19fe7f,f2d73841e2300896fca284277bfc2e79,d7c9ab1eeb7f99e7bd0f6c79cce0f4f1,2e52134307379f864dabb413f5606ae1,ddafb5a87f20ea6fdf5c12833592c61c,CD,EVMI2CD,90410832,A000849520,N000762904,S2H,2023/1/8 16:00,172800
9432e0dfbcc51c67af941987da19fe7f,f2d73841e2300896fca284277bfc2e79,d7c9ab1eeb7f99e7bd0f6c79cce0f4f1,2e52134307379f864dabb413f5606ae1,ddafb5a87f20ea6fdf5c12833592c61c,CD,EVMI2CD,90411116,A000850693,N000764016,S2H,2023/1/12 16:00,172800
9432e0dfbcc51c67af941987da19fe7f,f2d73841e2300896fca284277bfc2e79,d7c9ab1eeb7f99e7bd0f6c79cce0f4f1,2e52134307379f864dabb413f5606ae1,ddafb5a87f20ea6fdf5c12833592c61c,CD,EVMI2CD,90411239,A000851477,N000764634,S2H,2023/1/13 16:00,172800
9432e0dfbcc51c67af941987da19fe7f,f2d73841e2300896fca284277bfc2e79,d7c9ab1eeb7f99e7bd0f6c79cce0f4f1,2e52134307379f864dabb413f5606ae1,ddafb5a87f20ea6fdf5c12833592c61c,CD,EVMI2CD,90411332,A000851481,N000764638,S2H,2023/1/13 16:00,172800
9432e0dfbcc51c67af941987da19fe7f,f2d73841e2300896fca284277bfc2e79,d7c9ab1eeb7f99e7bd0f6c79cce0f4f1,2e52134307379f864dabb413f5606ae1,ddafb5a87f20ea6fdf5c12833592c61c,CD,EVMI2CD,90412368,A000855564,N000767910,S2H,2023/2/8 16:00,100800
9432e0dfbcc51c67af941987da19fe7f,f2d73841e2300896fca284277bfc2e79,d7c9ab1eeb7f99e7bd0f6c79cce0f4f1,2e52134307379f864dabb413f5606ae1,ddafb5a87f20ea6fdf5c12833592c61c,CD,EVMI2CD,90412369,A000855566,N000767911,S2H,2023/2/8 16:00,115200
9432e0dfbcc51c67af941987da19fe7f,f2d73841e2300896fca284277bfc2e79,d7c9ab1eeb7f99e7bd0f6c79cce0f4f1,2e52134307379f864dabb413f5606ae1,ddafb5a87f20ea6fdf5c12833592c61c,CD,EVMI2CD,90412706,A000856867,N000768839,S2H,2023/2/14 16:00,172800
9432e0dfbcc51c67af941987da19fe7f,f2d73841e2300896fca284277bfc2e79,d7c9ab1eeb7f99e7bd0f6c79cce0f4f1,2e52134307379f864dabb413f5606ae1,ddafb5a87f20ea6fdf5c12833592c61c,CD,EVMI2CD,90412822,A000857092,N000769042,S2H,2023/2/14 16:00,86400
9432e0dfbcc51c67af941987da19fe7f,f2d73841e2300896fca284277bfc2e79,d7c9ab1eeb7f99e7bd0f6c79cce0f4f1,2e52134307379f864dabb413f5606ae1,ddafb5a87f20ea6fdf5c12833592c61c,CD,EVMI2CD,90413209,A000858261,N000769942,S2H,2023/2/19 16:00,172800
9432e0dfbcc51c67af941987da19fe7f,f2d73841e2300896fca284277bfc2e79,d7c9ab1eeb7f99e7bd0f6c79cce0f4f1,2e52134307379f864dabb413f5606ae1,ddafb5a87f20ea6fdf5c12833592c61c,CD,EVMI2CD,90413274,A000858715,N000770339,S2H,2023/2/22 16:00,151200
9432e0dfbcc51c67af941987da19fe7f,f2d73841e2300896fca284277bfc2e79,d7c9ab1eeb7f99e7bd0f6c79cce0f4f1,2e52134307379f864dabb413f5606ae1,ddafb5a87f20ea6fdf5c12833592c61c,CD,EVMI2CD,90413599,A000860746,N000771920,S2H,2023/2/27 16:00,115200
9432e0dfbcc51c67af941987da19fe7f,f2d73841e2300896fca284277bfc2e79,d7c9ab1eeb7f99e7bd0f6c79cce0f4f1,2e52134307379f864dabb413f5606ae1,ddafb5a87f20ea6fdf5c12833592c61c,CD,EVMI2CD,90413600,A000860747,N000771921,S2H,2023/2/27 16:00,100800
9432e0dfbcc51c67af941987da19fe7f,f2d73841e2300896fca284277bfc2e79,d7c9ab1eeb7f99e7bd0f6c79cce0f4f1,2e52134307379f864dabb413f5606ae1,ddafb5a87f20ea6fdf5c12833592c61c,CD,EVMI2CD,90414132,A000862583,N000773388,S2H,2023/3/6 16:00,172800
9432e0dfbcc51c67af941987da19fe7f,f2d73841e2300896fca284277bfc2e79,d7c9ab1eeb7f99e7bd0f6c79cce0f4f1,2e52134307379f864dabb413f5606ae1,ddafb5a87f20ea6fdf5c12833592c61c,CD,EVMI2CD,90414168,A000862585,N000773390,S2H,2023/3/6 16:00,172800
9432e0dfbcc51c67af941987da19fe7f,f2d73841e2300896fca284277bfc2e79,d7c9ab1eeb7f99e7bd0f6c79cce0f4f1,2e52134307379f864dabb413f5606ae1,ddafb5a87f20ea6fdf5c12833592c61c,CD,EVMI2CD,90414418,A000863481,N000774187,S2H,2023/3/10 16:00,172800
9432e0dfbcc51c67af941987da19fe7f,f2d73841e2300896fca284277bfc2e79,d7c9ab1eeb7f99e7bd0f6c79cce0f4f1,2e52134307379f864dabb413f5606ae1,ddafb5a87f20ea6fdf5c12833592c61c,CD,EVMI2CD,90414791,A000864901,N000775327,S2H,2023/3/15 16:00,144000
9432e0dfbcc51c67af941987da19fe7f,f2d73841e2300896fca284277bfc2e79,d7c9ab1eeb7f99e7bd0f6c79cce0f4f1,2e52134307379f864dabb413f5606ae1,ddafb5a87f20ea6fdf5c12833592c61c,CD,EVMI2CD,90415120,A000866216,N000776381,S2H,2023/3/19 16:00,172800
9432e0dfbcc51c67af941987da19fe7f,f2d73841e2300896fca284277bfc2e79,d7c9ab1eeb7f99e7bd0f6c79cce0f4f1,2e52134307379f864dabb413f5606ae1,ddafb5a87f20ea6fdf5c12833592c61c,CD,EVMI2CD,90415339,A000866840,N000776880,S2H,2023/3/22 16:00,172800
9432e0dfbcc51c67af941987da19fe7f,f2d73841e2300896fca284277bfc2e79,d7c9ab1eeb7f99e7bd0f6c79cce0f4f1,2e52134307379f864dabb413f5606ae1,ddafb5a87f20ea6fdf5c12833592c61c,CD,EVMI2CD,90415641,A000868038,N000777899,S2H,2023/3/26 16:00,172800
9432e0dfbcc51c67af941987da19fe7f,f2d73841e2300896fca284277bfc2e79,d7c9ab1eeb7f99e7bd0f6c79cce0f4f1,2e52134307379f864dabb413f5606ae1,ddafb5a87f20ea6fdf5c12833592c61c,CD,EVMI2CD,90416753,A000872572,N000781784,S2H,2023/4/9 16:00,28800
9432e0dfbcc51c67af941987da19fe7f,f2d73841e2300896fca284277bfc2e79,d7c9ab1eeb7f99e7bd0f6c79cce0f4f1,2e52134307379f864dabb413f5606ae1,ddafb5a87f20ea6fdf5c12833592c61c,CD,EVMI2CD,90416881,A000872541,N000781748,S2H,2023/4/10 16:00,172800
9432e0dfbcc51c67af941987da19fe7f,f2d73841e2300896fca284277bfc2e79,d7c9ab1eeb7f99e7bd0f6c79cce0f4f1,2e52134307379f864dabb413f5606ae1,ddafb5a87f20ea6fdf5c12833592c61c,CD,EVMI2CD,90416885,A000872543,N000781750,S2H,2023/4/12 16:00,172800
9432e0dfbcc51c67af941987da19fe7f,f2d73841e2300896fca284277bfc2e79,d7c9ab1eeb7f99e7bd0f6c79cce0f4f1,2e52134307379f864dabb413f5606ae1,ddafb5a87f20ea6fdf5c12833592c61c,CD,EVMI2CD,90417403,A000874988,N000783813,S2H,2023/4/16 16:00,86400
9432e0dfbcc51c67af941987da19fe7f,f2d73841e2300896fca284277bfc2e79,d7c9ab1eeb7f99e7bd0f6c79cce0f4f1,2e52134307379f864dabb413f5606ae1,ddafb5a87f20ea6fdf5c12833592c61c,CD,EVMI2CD,90417639,A000875203,N000784010,S2H,2023/4/19 16:00,100800
9432e0dfbcc51c67af941987da19fe7f,f2d73841e2300896fca284277bfc2e79,d7c9ab1eeb7f99e7bd0f6c79cce0f4f1,2e52134307379f864dabb413f5606ae1,ddafb5a87f20ea6fdf5c12833592c61c,CD,EVMI2CD,90417640,A000875204,N000784011,S2H,2023/4/19 16:00,86400
9432e0dfbcc51c67af941987da19fe7f,f2d73841e2300896fca284277bfc2e79,d7c9ab1eeb7f99e7bd0f6c79cce0f4f1,2e52134307379f864dabb413f5606ae1,ddafb5a87f20ea6fdf5c12833592c61c,CD,EVMI2CD,90417821,A000875700,N000784446,S2H,2023/4/21 16:00,172800
9432e0dfbcc51c67af941987da19fe7f,f2d73841e2300896fca284277bfc2e79,d7c9ab1eeb7f99e7bd0f6c79cce0f4f1,2e52134307379f864dabb413f5606ae1,ddafb5a87f20ea6fdf5c12833592c61c,CD,EVMI2CD,90417922,A000877071,N000785798,S2H,2023/4/22 16:00,172800
9432e0dfbcc51c67af941987da19fe7f,f2d73841e2300896fca284277bfc2e79,d7c9ab1eeb7f99e7bd0f6c79cce0f4f1,2e52134307379f864dabb413f5606ae1,ddafb5a87f20ea6fdf5c12833592c61c,CD,EVMI2CD,90418149,A000879040,N000787457,S2H,2023/4/26 16:00,100800
9432e0dfbcc51c67af941987da19fe7f,f2d73841e2300896fca284277bfc2e79,d7c9ab1eeb7f99e7bd0f6c79cce0f4f1,2e52134307379f864dabb413f5606ae1,ddafb5a87f20ea6fdf5c12833592c61c,CD,EVMI2CD,90418432,A000879335,N000787703,S2H,2023/4/26 16:00,172800
9432e0dfbcc51c67af941987da19fe7f,f2d73841e2300896fca284277bfc2e79,d7c9ab1eeb7f99e7bd0f6c79cce0f4f1,2e52134307379f864dabb413f5606ae1,ddafb5a87f20ea6fdf5c12833592c61c,CD,EVMI2CD,90418433,A000879336,N000787704,S2H,2023/4/26 16:00,172800
9432e0dfbcc51c67af941987da19fe7f,f2d73841e2300896fca284277bfc2e79,d7c9ab1eeb7f99e7bd0f6c79cce0f4f1,2e52134307379f864dabb413f5606ae1,ddafb5a87f20ea6fdf5c12833592c61c,CD,EVMI2CD,90418589,A000880560,N000788686,S2H,2023/5/1 16:00,172800
9432e0dfbcc51c67af941987da19fe7f,f2d73841e2300896fca284277bfc2e79,d7c9ab1eeb7f99e7bd0f6c79cce0f4f1,2e52134307379f864dabb413f5606ae1,ddafb5a87f20ea6fdf5c12833592c61c,CD,EVMI2CD,90418625,A000880562,N000788687,S2H,2023/5/1 16:00,144000
9432e0dfbcc51c67af941987da19fe7f,f2d73841e2300896fca284277bfc2e79,d7c9ab1eeb7f99e7bd0f6c79cce0f4f1,2e52134307379f864dabb413f5606ae1,ddafb5a87f20ea6fdf5c12833592c61c,CD,EVMI2CD,90418899,A000880889,N000788944,S2H,2023/5/1 16:00,72000
9432e0dfbcc51c67af941987da19fe7f,f2d73841e2300896fca284277bfc2e79,d7c9ab1eeb7f99e7bd0f6c79cce0f4f1,2e52134307379f864dabb413f5606ae1,ddafb5a87f20ea6fdf5c12833592c61c,CD,EVMI2CD,90418942,A000880897,N000788952,S2H,2023/5/1 16:00,172800
d7c9ab1eeb7f99e7bd0f6c79cce0f4f1,2e52134307379f864dabb413f5606ae1,ddafb5a87f20ea6fdf5c12833592c61c,9432e0dfbcc51c67af941987da19fe7f,f2d73841e2300896fca284277bfc2e79,EVMI2CD,2023/6/12 0:00,612187,,,,,
d7c9ab1eeb7f99e7bd0f6c79cce0f4f1,2e52134307379f864dabb413f5606ae1,ddafb5a87f20ea6fdf5c12833592c61c,9432e0dfbcc51c67af941987da19fe7f,f2d73841e2300896fca284277bfc2e79,EVMI2CD,2023/6/13 0:00,611467,,,,,
d7c9ab1eeb7f99e7bd0f6c79cce0f4f1,2e52134307379f864dabb413f5606ae1,ddafb5a87f20ea6fdf5c12833592c61c,9432e0dfbcc51c67af941987da19fe7f,f2d73841e2300896fca284277bfc2e79,EVMI2CD,2023/6/14 0:00,581227,,,,,
d7c9ab1eeb7f99e7bd0f6c79cce0f4f1,2e52134307379f864dabb413f5606ae1,ddafb5a87f20ea6fdf5c12833592c61c,9432e0dfbcc51c67af941987da19fe7f,f2d73841e2300896fca284277bfc2e79,EVMI2CD,2023/6/15 0:00,555547,,,,,
d7c9ab1eeb7f99e7bd0f6c79cce0f4f1,2e52134307379f864dabb413f5606ae1,ddafb5a87f20ea6fdf5c12833592c61c,9432e0dfbcc51c67af941987da19fe7f,f2d73841e2300896fca284277bfc2e79,EVMI2CD,2023/6/16 0:00,512587,,,,,
d7c9ab1eeb7f99e7bd0f6c79cce0f4f1,2e52134307379f864dabb413f5606ae1,ddafb5a87f20ea6fdf5c12833592c61c,9432e0dfbcc51c67af941987da19fe7f,f2d73841e2300896fca284277bfc2e79,EVMI2CD,2023/6/17 0:00,487387,,,,,
d7c9ab1eeb7f99e7bd0f6c79cce0f4f1,2e52134307379f864dabb413f5606ae1,ddafb5a87f20ea6fdf5c12833592c61c,9432e0dfbcc51c67af941987da19fe7f,f2d73841e2300896fca284277bfc2e79,EVMI2CD,2023/6/18 0:00,478507,,,,,
d7c9ab1eeb7f99e7bd0f6c79cce0f4f1,2e52134307379f864dabb413f5606ae1,ddafb5a87f20ea6fdf5c12833592c61c,9432e0dfbcc51c67af941987da19fe7f,f2d73841e2300896fca284277bfc2e79,EVMI2CD,2023/6/19 0:00,478507,,,,,
d7c9ab1eeb7f99e7bd0f6c79cce0f4f1,2e52134307379f864dabb413f5606ae1,ddafb5a87f20ea6fdf5c12833592c61c,9432e0dfbcc51c67af941987da19fe7f,f2d73841e2300896fca284277bfc2e79,EVMI2CD,2023/6/20 0:00,470587,,,,,
d7c9ab1eeb7f99e7bd0f6c79cce0f4f1,2e52134307379f864dabb413f5606ae1,ddafb5a87f20ea6fdf5c12833592c61c,9432e0dfbcc51c67af941987da19fe7f,f2d73841e2300896fca284277bfc2e79,EVMI2CD,2023/6/21 0:00,436267,,,,,
d7c9ab1eeb7f99e7bd0f6c79cce0f4f1,2e52134307379f864dabb413f5606ae1,ddafb5a87f20ea6fdf5c12833592c61c,9432e0dfbcc51c67af941987da19fe7f,f2d73841e2300896fca284277bfc2e79,EVMI2CD,2023/6/22 0:00,435067,,,,,
d7c9ab1eeb7f99e7bd0f6c79cce0f4f1,2e52134307379f864dabb413f5606ae1,ddafb5a87f20ea6fdf5c12833592c61c,9432e0dfbcc51c67af941987da19fe7f,f2d73841e2300896fca284277bfc2e79,EVMI2CD,2023/6/23 0:00,435067,,,,,
d7c9ab1eeb7f99e7bd0f6c79cce0f4f1,2e52134307379f864dabb413f5606ae1,ddafb5a87f20ea6fdf5c12833592c61c,9432e0dfbcc51c67af941987da19fe7f,f2d73841e2300896fca284277bfc2e79,EVMI2CD,2023/6/24 0:00,406987,,,,,
d7c9ab1eeb7f99e7bd0f6c79cce0f4f1,2e52134307379f864dabb413f5606ae1,ddafb5a87f20ea6fdf5c12833592c61c,9432e0dfbcc51c67af941987da19fe7f,f2d73841e2300896fca284277bfc2e79,EVMI2CD,2023/6/25 0:00,406987,,,,,
d7c9ab1eeb7f99e7bd0f6c79cce0f4f1,2e52134307379f864dabb413f5606ae1,ddafb5a87f20ea6fdf5c12833592c61c,9432e0dfbcc51c67af941987da19fe7f,f2d73841e2300896fca284277bfc2e79,EVMI2CD,2023/6/26 0:00,406987,,,,,
d7c9ab1eeb7f99e7bd0f6c79cce0f4f1,2e52134307379f864dabb413f5606ae1,ddafb5a87f20ea6fdf5c12833592c61c,9432e0dfbcc51c67af941987da19fe7f,f2d73841e2300896fca284277bfc2e79,EVMI2CD,2023/6/27 0:00,403627,,,,,
d7c9ab1eeb7f99e7bd0f6c79cce0f4f1,2e52134307379f864dabb413f5606ae1,ddafb5a87f20ea6fdf5c12833592c61c,9432e0dfbcc51c67af941987da19fe7f,f2d73841e2300896fca284277bfc2e79,EVMI2CD,2023/6/28 0:00,395947,,,,,
d7c9ab1eeb7f99e7bd0f6c79cce0f4f1,2e52134307379f864dabb413f5606ae1,ddafb5a87f20ea6fdf5c12833592c61c,9432e0dfbcc51c67af941987da19fe7f,f2d73841e2300896fca284277bfc2e79,EVMI2CD,2023/6/29 0:00,379387,,,,,
d7c9ab1eeb7f99e7bd0f6c79cce0f4f1,2e52134307379f864dabb413f5606ae1,ddafb5a87f20ea6fdf5c12833592c61c,9432e0dfbcc51c67af941987da19fe7f,f2d73841e2300896fca284277bfc2e79,EVMI2CD,2023/6/30 0:00,369787,,,,,
d7c9ab1eeb7f99e7bd0f6c79cce0f4f1,2e52134307379f864dabb413f5606ae1,ddafb5a87f20ea6fdf5c12833592c61c,9432e0dfbcc51c67af941987da19fe7f,f2d73841e2300896fca284277bfc2e79,EVMI2CD,2023/7/1 0:00,347227,,,,,
d7c9ab1eeb7f99e7bd0f6c79cce0f4f1,2e52134307379f864dabb413f5606ae1,ddafb5a87f20ea6fdf5c12833592c61c,9432e0dfbcc51c67af941987da19fe7f,f2d73841e2300896fca284277bfc2e79,EVMI2CD,2023/7/2 0:00,334027,,,,,
d7c9ab1eeb7f99e7bd0f6c79cce0f4f1,2e52134307379f864dabb413f5606ae1,ddafb5a87f20ea6fdf5c12833592c61c,9432e0dfbcc51c67af941987da19fe7f,f2d73841e2300896fca284277bfc2e79,EVMI2CD,2023/7/3 0:00,303307,,,,,
d7c9ab1eeb7f99e7bd0f6c79cce0f4f1,2e52134307379f864dabb413f5606ae1,ddafb5a87f20ea6fdf5c12833592c61c,9432e0dfbcc51c67af941987da19fe7f,f2d73841e2300896fca284277bfc2e79,EVMI2CD,2023/7/4 0:00,293467,,,,,
d7c9ab1eeb7f99e7bd0f6c79cce0f4f1,2e52134307379f864dabb413f5606ae1,ddafb5a87f20ea6fdf5c12833592c61c,9432e0dfbcc51c67af941987da19fe7f,f2d73841e2300896fca284277bfc2e79,EVMI2CD,2023/7/5 0:00,365227,,,,,
d7c9ab1eeb7f99e7bd0f6c79cce0f4f1,2e52134307379f864dabb413f5606ae1,ddafb5a87f20ea6fdf5c12833592c61c,9432e0dfbcc51c67af941987da19fe7f,f2d73841e2300896fca284277bfc2e79,EVMI2CD,2023/7/6 0:00,315067,,,,,
d7c9ab1eeb7f99e7bd0f6c79cce0f4f1,2e52134307379f864dabb413f5606ae1,ddafb5a87f20ea6fdf5c12833592c61c,9432e0dfbcc51c67af941987da19fe7f,f2d73841e2300896fca284277bfc2e79,EVMI2CD,2023/7/7 0:00,283147,,,,,
d7c9ab1eeb7f99e7bd0f6c79cce0f4f1,2e52134307379f864dabb413f5606ae1,ddafb5a87f20ea6fdf5c12833592c61c,9432e0dfbcc51c67af941987da19fe7f,f2d73841e2300896fca284277bfc2e79,EVMI2CD,2023/7/8 0:00,215947,,,,,
d7c9ab1eeb7f99e7bd0f6c79cce0f4f1,2e52134307379f864dabb413f5606ae1,ddafb5a87f20ea6fdf5c12833592c61c,9432e0dfbcc51c67af941987da19fe7f,f2d73841e2300896fca284277bfc2e79,EVMI2CD,2023/7/9 0:00,215947,,,,,
d7c9ab1eeb7f99e7bd0f6c79cce0f4f1,2e52134307379f864dabb413f5606ae1,ddafb5a87f20ea6fdf5c12833592c61c,9432e0dfbcc51c67af941987da19fe7f,f2d73841e2300896fca284277bfc2e79,EVMI2CD,2023/7/10 0:00,215947,,,,,
d7c9ab1eeb7f99e7bd0f6c79cce0f4f1,2e52134307379f864dabb413f5606ae1,ddafb5a87f20ea6fdf5c12833592c61c,9432e0dfbcc51c67af941987da19fe7f,f2d73841e2300896fca284277bfc2e79,EVMI2CD,2023/7/11 0:00,215947,,,,,
d7c9ab1eeb7f99e7bd0f6c79cce0f4f1,2e52134307379f864dabb413f5606ae1,ddafb5a87f20ea6fdf5c12833592c61c,9432e0dfbcc51c67af941987da19fe7f,f2d73841e2300896fca284277bfc2e79,EVMI2CD,2023/7/12 0:00,197467,,,,,
d7c9ab1eeb7f99e7bd0f6c79cce0f4f1,2e52134307379f864dabb413f5606ae1,ddafb5a87f20ea6fdf5c12833592c61c,9432e0dfbcc51c67af941987da19fe7f,f2d73841e2300896fca284277bfc2e79,EVMI2CD,2023/7/13 0:00,162907,,,,,
d7c9ab1eeb7f99e7bd0f6c79cce0f4f1,2e52134307379f864dabb413f5606ae1,ddafb5a87f20ea6fdf5c12833592c61c,9432e0dfbcc51c67af941987da19fe7f,f2d73841e2300896fca284277bfc2e79,EVMI2CD,2023/7/14 0:00,136507,,,,,
d7c9ab1eeb7f99e7bd0f6c79cce0f4f1,2e52134307379f864dabb413f5606ae1,ddafb5a87f20ea6fdf5c12833592c61c,9432e0dfbcc51c67af941987da19fe7f,f2d73841e2300896fca284277bfc2e79,EVMI2CD,2023/7/15 0:00,135787,,,,,
d7c9ab1eeb7f99e7bd0f6c79cce0f4f1,2e52134307379f864dabb413f5606ae1,ddafb5a87f20ea6fdf5c12833592c61c,9432e0dfbcc51c67af941987da19fe7f,f2d73841e2300896fca284277bfc2e79,EVMI2CD,2023/7/16 0:00,244027,,,,,
d7c9ab1eeb7f99e7bd0f6c79cce0f4f1,2e52134307379f864dabb413f5606ae1,ddafb5a87f20ea6fdf5c12833592c61c,9432e0dfbcc51c67af941987da19fe7f,f2d73841e2300896fca284277bfc2e79,EVMI2CD,2023/7/17 0:00,244027,,,,,
d7c9ab1eeb7f99e7bd0f6c79cce0f4f1,2e52134307379f864dabb413f5606ae1,ddafb5a87f20ea6fdf5c12833592c61c,9432e0dfbcc51c67af941987da19fe7f,f2d73841e2300896fca284277bfc2e79,EVMI2CD,2023/7/18 0:00,225067,,,,,
d7c9ab1eeb7f99e7bd0f6c79cce0f4f1,2e52134307379f864dabb413f5606ae1,ddafb5a87f20ea6fdf5c12833592c61c,9432e0dfbcc51c67af941987da19fe7f,f2d73841e2300896fca284277bfc2e79,EVMI2CD,2023/7/19 0:00,206827,,,,,
d7c9ab1eeb7f99e7bd0f6c79cce0f4f1,2e52134307379f864dabb413f5606ae1,ddafb5a87f20ea6fdf5c12833592c61c,9432e0dfbcc51c67af941987da19fe7f,f2d73841e2300896fca284277bfc2e79,EVMI2CD,2023/7/20 0:00,179947,,,,,
d7c9ab1eeb7f99e7bd0f6c79cce0f4f1,2e52134307379f864dabb413f5606ae1,ddafb5a87f20ea6fdf5c12833592c61c,9432e0dfbcc51c67af941987da19fe7f,f2d73841e2300896fca284277bfc2e79,EVMI2CD,2023/7/21 0:00,160027,,,,,
d7c9ab1eeb7f99e7bd0f6c79cce0f4f1,2e52134307379f864dabb413f5606ae1,ddafb5a87f20ea6fdf5c12833592c61c,9432e0dfbcc51c67af941987da19fe7f,f2d73841e2300896fca284277bfc2e79,EVMI2CD,2023/7/22 0:00,159307,,,,,
d7c9ab1eeb7f99e7bd0f6c79cce0f4f1,2e52134307379f864dabb413f5606ae1,ddafb5a87f20ea6fdf5c12833592c61c,9432e0dfbcc51c67af941987da19fe7f,f2d73841e2300896fca284277bfc2e79,EVMI2CD,2023/7/23 0:00,133867,,,,,
d7c9ab1eeb7f99e7bd0f6c79cce0f4f1,2e52134307379f864dabb413f5606ae1,ddafb5a87f20ea6fdf5c12833592c61c,9432e0dfbcc51c67af941987da19fe7f,f2d73841e2300896fca284277bfc2e79,EVMI2CD,2023/7/24 0:00,133867,,,,,
d7c9ab1eeb7f99e7bd0f6c79cce0f4f1,2e52134307379f864dabb413f5606ae1,ddafb5a87f20ea6fdf5c12833592c61c,9432e0dfbcc51c67af941987da19fe7f,f2d73841e2300896fca284277bfc2e79,EVMI2CD,2023/7/25 0:00,133627,,,,,
d7c9ab1eeb7f99e7bd0f6c79cce0f4f1,2e52134307379f864dabb413f5606ae1,ddafb5a87f20ea6fdf5c12833592c61c,9432e0dfbcc51c67af941987da19fe7f,f2d73841e2300896fca284277bfc2e79,EVMI2CD,2023/7/26 0:00,103387,,,,,
d7c9ab1eeb7f99e7bd0f6c79cce0f4f1,2e52134307379f864dabb413f5606ae1,ddafb5a87f20ea6fdf5c12833592c61c,9432e0dfbcc51c67af941987da19fe7f,f2d73841e2300896fca284277bfc2e79,EVMI2CD,2023/7/27 0:00,160267,,,,,
d7c9ab1eeb7f99e7bd0f6c79cce0f4f1,2e52134307379f864dabb413f5606ae1,ddafb5a87f20ea6fdf5c12833592c61c,9432e0dfbcc51c67af941987da19fe7f,f2d73841e2300896fca284277bfc2e79,EVMI2CD,2023/7/28 0:00,251707,,,,,
d7c9ab1eeb7f99e7bd0f6c79cce0f4f1,2e52134307379f864dabb413f5606ae1,ddafb5a87f20ea6fdf5c12833592c61c,9432e0dfbcc51c67af941987da19fe7f,f2d73841e2300896fca284277bfc2e79,EVMI2CD,2023/7/29 0:00,214747,,,,,
d7c9ab1eeb7f99e7bd0f6c79cce0f4f1,2e52134307379f864dabb413f5606ae1,ddafb5a87f20ea6fdf5c12833592c61c,9432e0dfbcc51c67af941987da19fe7f,f2d73841e2300896fca284277bfc2e79,EVMI2CD,2023/7/30 0:00,214267,,,,,
d7c9ab1eeb7f99e7bd0f6c79cce0f4f1,2e52134307379f864dabb413f5606ae1,ddafb5a87f20ea6fdf5c12833592c61c,9432e0dfbcc51c67af941987da19fe7f,f2d73841e2300896fca284277bfc2e79,EVMI2CD,2023/7/31 0:00,214267,,,,,
d7c9ab1eeb7f99e7bd0f6c79cce0f4f1,2e52134307379f864dabb413f5606ae1,ddafb5a87f20ea6fdf5c12833592c61c,9432e0dfbcc51c67af941987da19fe7f,f2d73841e2300896fca284277bfc2e79,EVMI2CD,2023/8/1 0:00,189547,,,,,
d7c9ab1eeb7f99e7bd0f6c79cce0f4f1,2e52134307379f864dabb413f5606ae1,ddafb5a87f20ea6fdf5c12833592c61c,9432e0dfbcc51c67af941987da19fe7f,f2d73841e2300896fca284277bfc2e79,EVMI2CD,2023/8/2 0:00,286267,,,,,
d7c9ab1eeb7f99e7bd0f6c79cce0f4f1,2e52134307379f864dabb413f5606ae1,ddafb5a87f20ea6fdf5c12833592c61c,9432e0dfbcc51c67af941987da19fe7f,f2d73841e2300896fca284277bfc2e79,EVMI2CD,2023/8/3 0:00,245947,,,,,
d7c9ab1eeb7f99e7bd0f6c79cce0f4f1,2e52134307379f864dabb413f5606ae1,ddafb5a87f20ea6fdf5c12833592c61c,9432e0dfbcc51c67af941987da19fe7f,f2d73841e2300896fca284277bfc2e79,EVMI2CD,2023/8/4 0:00,242347,,,,,
d7c9ab1eeb7f99e7bd0f6c79cce0f4f1,2e52134307379f864dabb413f5606ae1,ddafb5a87f20ea6fdf5c12833592c61c,9432e0dfbcc51c67af941987da19fe7f,f2d73841e2300896fca284277bfc2e79,EVMI2CD,2023/8/5 0:00,233947,,,,,
d7c9ab1eeb7f99e7bd0f6c79cce0f4f1,2e52134307379f864dabb413f5606ae1,ddafb5a87f20ea6fdf5c12833592c61c,9432e0dfbcc51c67af941987da19fe7f,f2d73841e2300896fca284277bfc2e79,EVMI2CD,2023/8/6 0:00,233947,,,,,
d7c9ab1eeb7f99e7bd0f6c79cce0f4f1,2e52134307379f864dabb413f5606ae1,ddafb5a87f20ea6fdf5c12833592c61c,9432e0dfbcc51c67af941987da19fe7f,f2d73841e2300896fca284277bfc2e79,EVMI2CD,2023/8/7 0:00,202267,,,,,
d7c9ab1eeb7f99e7bd0f6c79cce0f4f1,2e52134307379f864dabb413f5606ae1,ddafb5a87f20ea6fdf5c12833592c61c,9432e0dfbcc51c67af941987da19fe7f,f2d73841e2300896fca284277bfc2e79,EVMI2CD,2023/8/8 0:00,192427,,,,,
d7c9ab1eeb7f99e7bd0f6c79cce0f4f1,2e52134307379f864dabb413f5606ae1,ddafb5a87f20ea6fdf5c12833592c61c,9432e0dfbcc51c67af941987da19fe7f,f2d73841e2300896fca284277bfc2e79,EVMI2CD,2023/8/9 0:00,174667,,,,,
d7c9ab1eeb7f99e7bd0f6c79cce0f4f1,2e52134307379f864dabb413f5606ae1,ddafb5a87f20ea6fdf5c12833592c61c,9432e0dfbcc51c67af941987da19fe7f,f2d73841e2300896fca284277bfc2e79,EVMI2CD,2023/8/10 0:00,146833,,,,,
d7c9ab1eeb7f99e7bd0f6c79cce0f4f1,2e52134307379f864dabb413f5606ae1,ddafb5a87f20ea6fdf5c12833592c61c,9432e0dfbcc51c67af941987da19fe7f,f2d73841e2300896fca284277bfc2e79,EVMI2CD,2023/8/11 0:00,132193,,,,,
d7c9ab1eeb7f99e7bd0f6c79cce0f4f1,2e52134307379f864dabb413f5606ae1,ddafb5a87f20ea6fdf5c12833592c61c,9432e0dfbcc51c67af941987da19fe7f,f2d73841e2300896fca284277bfc2e79,EVMI2CD,2023/8/12 0:00,124033,,,,,
d7c9ab1eeb7f99e7bd0f6c79cce0f4f1,2e52134307379f864dabb413f5606ae1,ddafb5a87f20ea6fdf5c12833592c61c,9432e0dfbcc51c67af941987da19fe7f,f2d73841e2300896fca284277bfc2e79,EVMI2CD,2023/8/13 0:00,77233,,,,,
d7c9ab1eeb7f99e7bd0f6c79cce0f4f1,2e52134307379f864dabb413f5606ae1,ddafb5a87f20ea6fdf5c12833592c61c,9432e0dfbcc51c67af941987da19fe7f,f2d73841e2300896fca284277bfc2e79,EVMI2CD,2023/8/14 0:00,77233,,,,,
d7c9ab1eeb7f99e7bd0f6c79cce0f4f1,2e52134307379f864dabb413f5606ae1,ddafb5a87f20ea6fdf5c12833592c61c,9432e0dfbcc51c67af941987da19fe7f,f2d73841e2300896fca284277bfc2e79,EVMI2CD,2023/8/15 0:00,70513,,,,,
d7c9ab1eeb7f99e7bd0f6c79cce0f4f1,2e52134307379f864dabb413f5606ae1,ddafb5a87f20ea6fdf5c12833592c61c,9432e0dfbcc51c67af941987da19fe7f,f2d73841e2300896fca284277bfc2e79,EVMI2CD,2023/8/16 0:00,60673,,,,,
d7c9ab1eeb7f99e7bd0f6c79cce0f4f1,2e52134307379f864dabb413f5606ae1,ddafb5a87f20ea6fdf5c12833592c61c,9432e0dfbcc51c67af941987da19fe7f,f2d73841e2300896fca284277bfc2e79,EVMI2CD,2023/8/17 0:00,31153,,,,,
d7c9ab1eeb7f99e7bd0f6c79cce0f4f1,2e52134307379f864dabb413f5606ae1,ddafb5a87f20ea6fdf5c12833592c61c,9432e0dfbcc51c67af941987da19fe7f,f2d73841e2300896fca284277bfc2e79,EVMI2CD,2023/8/18 0:00,134597,,,,,
d7c9ab1eeb7f99e7bd0f6c79cce0f4f1,2e52134307379f864dabb413f5606ae1,ddafb5a87f20ea6fdf5c12833592c61c,9432e0dfbcc51c67af941987da19fe7f,f2d73841e2300896fca284277bfc2e79,EVMI2CD,2023/8/19 0:00,125237,,,,,
d7c9ab1eeb7f99e7bd0f6c79cce0f4f1,2e52134307379f864dabb413f5606ae1,ddafb5a87f20ea6fdf5c12833592c61c,9432e0dfbcc51c67af941987da19fe7f,f2d73841e2300896fca284277bfc2e79,EVMI2CD,2023/8/20 0:00,111077,,,,,
d7c9ab1eeb7f99e7bd0f6c79cce0f4f1,2e52134307379f864dabb413f5606ae1,ddafb5a87f20ea6fdf5c12833592c61c,9432e0dfbcc51c67af941987da19fe7f,f2d73841e2300896fca284277bfc2e79,EVMI2CD,2023/8/21 0:00,111077,,,,,
d7c9ab1eeb7f99e7bd0f6c79cce0f4f1,2e52134307379f864dabb413f5606ae1,ddafb5a87f20ea6fdf5c12833592c61c,9432e0dfbcc51c67af941987da19fe7f,f2d73841e2300896fca284277bfc2e79,EVMI2CD,2023/8/22 0:00,101477,,,,,
d7c9ab1eeb7f99e7bd0f6c79cce0f4f1,2e52134307379f864dabb413f5606ae1,ddafb5a87f20ea6fdf5c12833592c61c,9432e0dfbcc51c67af941987da19fe7f,f2d73841e2300896fca284277bfc2e79,EVMI2CD,2023/8/23 0:00,76277,,,,,
d7c9ab1eeb7f99e7bd0f6c79cce0f4f1,2e52134307379f864dabb413f5606ae1,ddafb5a87f20ea6fdf5c12833592c61c,9432e0dfbcc51c67af941987da19fe7f,f2d73841e2300896fca284277bfc2e79,EVMI2CD,2023/8/24 0:00,353957,,,,,
d7c9ab1eeb7f99e7bd0f6c79cce0f4f1,2e52134307379f864dabb413f5606ae1,ddafb5a87f20ea6fdf5c12833592c61c,9432e0dfbcc51c67af941987da19fe7f,f2d73841e2300896fca284277bfc2e79,EVMI2CD,2023/8/25 0:00,341237,,,,,
d7c9ab1eeb7f99e7bd0f6c79cce0f4f1,2e52134307379f864dabb413f5606ae1,ddafb5a87f20ea6fdf5c12833592c61c,9432e0dfbcc51c67af941987da19fe7f,f2d73841e2300896fca284277bfc2e79,EVMI2CD,2023/8/26 0:00,333077,,,,,
d7c9ab1eeb7f99e7bd0f6c79cce0f4f1,2e52134307379f864dabb413f5606ae1,ddafb5a87f20ea6fdf5c12833592c61c,9432e0dfbcc51c67af941987da19fe7f,f2d73841e2300896fca284277bfc2e79,EVMI2CD,2023/8/27 0:00,288677,,,,,
d7c9ab1eeb7f99e7bd0f6c79cce0f4f1,2e52134307379f864dabb413f5606ae1,ddafb5a87f20ea6fdf5c12833592c61c,9432e0dfbcc51c67af941987da19fe7f,f2d73841e2300896fca284277bfc2e79,EVMI2CD,2023/8/28 0:00,288677,,,,,
d7c9ab1eeb7f99e7bd0f6c79cce0f4f1,2e52134307379f864dabb413f5606ae1,ddafb5a87f20ea6fdf5c12833592c61c,9432e0dfbcc51c67af941987da19fe7f,f2d73841e2300896fca284277bfc2e79,EVMI2CD,2023/8/29 0:00,265877,,,,,
d7c9ab1eeb7f99e7bd0f6c79cce0f4f1,2e52134307379f864dabb413f5606ae1,ddafb5a87f20ea6fdf5c12833592c61c,9432e0dfbcc51c67af941987da19fe7f,f2d73841e2300896fca284277bfc2e79,EVMI2CD,2023/8/30 0:00,250997,,,,,
d7c9ab1eeb7f99e7bd0f6c79cce0f4f1,2e52134307379f864dabb413f5606ae1,ddafb5a87f20ea6fdf5c12833592c61c,9432e0dfbcc51c67af941987da19fe7f,f2d73841e2300896fca284277bfc2e79,EVMI2CD,2023/8/31 0:00,218357,,,,,
d7c9ab1eeb7f99e7bd0f6c79cce0f4f1,2e52134307379f864dabb413f5606ae1,ddafb5a87f20ea6fdf5c12833592c61c,9432e0dfbcc51c67af941987da19fe7f,f2d73841e2300896fca284277bfc2e79,EVMI2CD,2023/9/1 0:00,175877,,,,,
