customer_name,customer_part_no,manufacture_name,supplier_name,supplier_part_no,site,inventorydt,quantity
d7c9ab1eeb7f99e7bd0f6c79cce0f4f1,2e52134307379f864dabb413f5606ae1,ddafb5a87f20ea6fdf5c12833592c61c,9432e0dfbcc51c67af941987da19fe7f,f2d73841e2300896fca284277bfc2e79,EVMI2CD,2022/9/1 0:00,457778
d7c9ab1eeb7f99e7bd0f6c79cce0f4f1,2e52134307379f864dabb413f5606ae1,ddafb5a87f20ea6fdf5c12833592c61c,9432e0dfbcc51c67af941987da19fe7f,f2d73841e2300896fca284277bfc2e79,EVMI2CD,2022/9/2 0:00,429218
d7c9ab1eeb7f99e7bd0f6c79cce0f4f1,2e52134307379f864dabb413f5606ae1,ddafb5a87f20ea6fdf5c12833592c61c,9432e0dfbcc51c67af941987da19fe7f,f2d73841e2300896fca284277bfc2e79,EVMI2CD,2022/9/3 0:00,565778
d7c9ab1eeb7f99e7bd0f6c79cce0f4f1,2e52134307379f864dabb413f5606ae1,ddafb5a87f20ea6fdf5c12833592c61c,9432e0dfbcc51c67af941987da19fe7f,f2d73841e2300896fca284277bfc2e79,EVMI2CD,2022/9/4 0:00,560778
d7c9ab1eeb7f99e7bd0f6c79cce0f4f1,2e52134307379f864dabb413f5606ae1,ddafb5a87f20ea6fdf5c12833592c61c,9432e0dfbcc51c67af941987da19fe7f,f2d73841e2300896fca284277bfc2e79,EVMI2CD,2022/9/5 0:00,522818
d7c9ab1eeb7f99e7bd0f6c79cce0f4f1,2e52134307379f864dabb413f5606ae1,ddafb5a87f20ea6fdf5c12833592c61c,9432e0dfbcc51c67af941987da19fe7f,f2d73841e2300896fca284277bfc2e79,EVMI2CD,2022/9/6 0:00,503138
d7c9ab1eeb7f99e7bd0f6c79cce0f4f1,2e52134307379f864dabb413f5606ae1,ddafb5a87f20ea6fdf5c12833592c61c,9432e0dfbcc51c67af941987da19fe7f,f2d73841e2300896fca284277bfc2e79,EVMI2CD,2022/9/7 0:00,487298
d7c9ab1eeb7f99e7bd0f6c79cce0f4f1,2e52134307379f864dabb413f5606ae1,ddafb5a87f20ea6fdf5c12833592c61c,9432e0dfbcc51c67af941987da19fe7f,f2d73841e2300896fca284277bfc2e79,EVMI2CD,2022/9/8 0:00,455618
d7c9ab1eeb7f99e7bd0f6c79cce0f4f1,2e52134307379f864dabb413f5606ae1,ddafb5a87f20ea6fdf5c12833592c61c,9432e0dfbcc51c67af941987da19fe7f,f2d73841e2300896fca284277bfc2e79,EVMI2CD,2022/9/9 0:00,418418
d7c9ab1eeb7f99e7bd0f6c79cce0f4f1,2e52134307379f864dabb413f5606ae1,ddafb5a87f20ea6fdf5c12833592c61c,9432e0dfbcc51c67af941987da19fe7f,f2d73841e2300896fca284277bfc2e79,EVMI2CD,2022/9/10 0:00,388418
d7c9ab1eeb7f99e7bd0f6c79cce0f4f1,2e52134307379f864dabb413f5606ae1,ddafb5a87f20ea6fdf5c12833592c61c,9432e0dfbcc51c67af941987da19fe7f,f2d73841e2300896fca284277bfc2e79,EVMI2CD,2022/9/11 0:00,330578
d7c9ab1eeb7f99e7bd0f6c79cce0f4f1,2e52134307379f864dabb413f5606ae1,ddafb5a87f20ea6fdf5c12833592c61c,9432e0dfbcc51c67af941987da19fe7f,f2d73841e2300896fca284277bfc2e79,EVMI2CD,2022/9/12 0:00,330578
d7c9ab1eeb7f99e7bd0f6c79cce0f4f1,2e52134307379f864dabb413f5606ae1,ddafb5a87f20ea6fdf5c12833592c61c,9432e0dfbcc51c67af941987da19fe7f,f2d73841e2300896fca284277bfc2e79,EVMI2CD,2022/9/13 0:00,343778
d7c9ab1eeb7f99e7bd0f6c79cce0f4f1,2e52134307379f864dabb413f5606ae1,ddafb5a87f20ea6fdf5c12833592c61c,9432e0dfbcc51c67af941987da19fe7f,f2d73841e2300896fca284277bfc2e79,EVMI2CD,2022/9/14 0:00,482018
d7c9ab1eeb7f99e7bd0f6c79cce0f4f1,2e52134307379f864dabb413f5606ae1,ddafb5a87f20ea6fdf5c12833592c61c,9432e0dfbcc51c67af941987da19fe7f,f2d73841e2300896fca284277bfc2e79,EVMI2CD,2022/9/15 0:00,511298
d7c9ab1eeb7f99e7bd0f6c79cce0f4f1,2e52134307379f864dabb413f5606ae1,ddafb5a87f20ea6fdf5c12833592c61c,9432e0dfbcc51c67af941987da19fe7f,f2d73841e2300896fca284277bfc2e79,EVMI2CD,2022/9/16 0:00,544178
d7c9ab1eeb7f99e7bd0f6c79cce0f4f1,2e52134307379f864dabb413f5606ae1,ddafb5a87f20ea6fdf5c12833592c61c,9432e0dfbcc51c67af941987da19fe7f,f2d73841e2300896fca284277bfc2e79,EVMI2CD,2022/9/17 0:00,499778
d7c9ab1eeb7f99e7bd0f6c79cce0f4f1,2e52134307379f864dabb413f5606ae1,ddafb5a87f20ea6fdf5c12833592c61c,9432e0dfbcc51c67af941987da19fe7f,f2d73841e2300896fca284277bfc2e79,EVMI2CD,2022/9/18 0:00,424898
d7c9ab1eeb7f99e7bd0f6c79cce0f4f1,2e52134307379f864dabb413f5606ae1,ddafb5a87f20ea6fdf5c12833592c61c,9432e0dfbcc51c67af941987da19fe7f,f2d73841e2300896fca284277bfc2e79,EVMI2CD,2022/9/19 0:00,468098
d7c9ab1eeb7f99e7bd0f6c79cce0f4f1,2e52134307379f864dabb413f5606ae1,ddafb5a87f20ea6fdf5c12833592c61c,9432e0dfbcc51c67af941987da19fe7f,f2d73841e2300896fca284277bfc2e79,EVMI2CD,2022/9/20 0:00,414374
d7c9ab1eeb7f99e7bd0f6c79cce0f4f1,2e52134307379f864dabb413f5606ae1,ddafb5a87f20ea6fdf5c12833592c61c,9432e0dfbcc51c67af941987da19fe7f,f2d73841e2300896fca284277bfc2e79,EVMI2CD,2022/9/21 0:00,339949
d7c9ab1eeb7f99e7bd0f6c79cce0f4f1,2e52134307379f864dabb413f5606ae1,ddafb5a87f20ea6fdf5c12833592c61c,9432e0dfbcc51c67af941987da19fe7f,f2d73841e2300896fca284277bfc2e79,EVMI2CD,2022/9/22 0:00,343309
d7c9ab1eeb7f99e7bd0f6c79cce0f4f1,2e52134307379f864dabb413f5606ae1,ddafb5a87f20ea6fdf5c12833592c61c,9432e0dfbcc51c67af941987da19fe7f,f2d73841e2300896fca284277bfc2e79,EVMI2CD,2022/9/23 0:00,246829
d7c9ab1eeb7f99e7bd0f6c79cce0f4f1,2e52134307379f864dabb413f5606ae1,ddafb5a87f20ea6fdf5c12833592c61c,9432e0dfbcc51c67af941987da19fe7f,f2d73841e2300896fca284277bfc2e79,EVMI2CD,2022/9/24 0:00,236269
d7c9ab1eeb7f99e7bd0f6c79cce0f4f1,2e52134307379f864dabb413f5606ae1,ddafb5a87f20ea6fdf5c12833592c61c,9432e0dfbcc51c67af941987da19fe7f,f2d73841e2300896fca284277bfc2e79,EVMI2CD,2022/9/25 0:00,167389
d7c9ab1eeb7f99e7bd0f6c79cce0f4f1,2e52134307379f864dabb413f5606ae1,ddafb5a87f20ea6fdf5c12833592c61c,9432e0dfbcc51c67af941987da19fe7f,f2d73841e2300896fca284277bfc2e79,EVMI2CD,2022/9/26 0:00,73789
d7c9ab1eeb7f99e7bd0f6c79cce0f4f1,2e52134307379f864dabb413f5606ae1,ddafb5a87f20ea6fdf5c12833592c61c,9432e0dfbcc51c67af941987da19fe7f,f2d73841e2300896fca284277bfc2e79,EVMI2CD,2022/9/27 0:00,7309
d7c9ab1eeb7f99e7bd0f6c79cce0f4f1,2e52134307379f864dabb413f5606ae1,ddafb5a87f20ea6fdf5c12833592c61c,9432e0dfbcc51c67af941987da19fe7f,f2d73841e2300896fca284277bfc2e79,EVMI2CD,2022/9/28 0:00,86510
d7c9ab1eeb7f99e7bd0f6c79cce0f4f1,2e52134307379f864dabb413f5606ae1,ddafb5a87f20ea6fdf5c12833592c61c,9432e0dfbcc51c67af941987da19fe7f,f2d73841e2300896fca284277bfc2e79,EVMI2CD,2022/9/29 0:00,9954
d7c9ab1eeb7f99e7bd0f6c79cce0f4f1,2e52134307379f864dabb413f5606ae1,ddafb5a87f20ea6fdf5c12833592c61c,9432e0dfbcc51c67af941987da19fe7f,f2d73841e2300896fca284277bfc2e79,EVMI2CD,2022/9/30 0:00,9714
d7c9ab1eeb7f99e7bd0f6c79cce0f4f1,2e52134307379f864dabb413f5606ae1,ddafb5a87f20ea6fdf5c12833592c61c,9432e0dfbcc51c67af941987da19fe7f,f2d73841e2300896fca284277bfc2e79,EVMI2CD,2022/10/1 0:00,103794
d7c9ab1eeb7f99e7bd0f6c79cce0f4f1,2e52134307379f864dabb413f5606ae1,ddafb5a87f20ea6fdf5c12833592c61c,9432e0dfbcc51c67af941987da19fe7f,f2d73841e2300896fca284277bfc2e79,EVMI2CD,2022/10/2 0:00,50754
d7c9ab1eeb7f99e7bd0f6c79cce0f4f1,2e52134307379f864dabb413f5606ae1,ddafb5a87f20ea6fdf5c12833592c61c,9432e0dfbcc51c67af941987da19fe7f,f2d73841e2300896fca284277bfc2e79,EVMI2CD,2022/10/3 0:00,50754
d7c9ab1eeb7f99e7bd0f6c79cce0f4f1,2e52134307379f864dabb413f5606ae1,ddafb5a87f20ea6fdf5c12833592c61c,9432e0dfbcc51c67af941987da19fe7f,f2d73841e2300896fca284277bfc2e79,EVMI2CD,2022/10/4 0:00,207714
d7c9ab1eeb7f99e7bd0f6c79cce0f4f1,2e52134307379f864dabb413f5606ae1,ddafb5a87f20ea6fdf5c12833592c61c,9432e0dfbcc51c67af941987da19fe7f,f2d73841e2300896fca284277bfc2e79,EVMI2CD,2022/10/5 0:00,171954
d7c9ab1eeb7f99e7bd0f6c79cce0f4f1,2e52134307379f864dabb413f5606ae1,ddafb5a87f20ea6fdf5c12833592c61c,9432e0dfbcc51c67af941987da19fe7f,f2d73841e2300896fca284277bfc2e79,EVMI2CD,2022/10/6 0:00,200994
d7c9ab1eeb7f99e7bd0f6c79cce0f4f1,2e52134307379f864dabb413f5606ae1,ddafb5a87f20ea6fdf5c12833592c61c,9432e0dfbcc51c67af941987da19fe7f,f2d73841e2300896fca284277bfc2e79,EVMI2CD,2022/10/7 0:00,164514
d7c9ab1eeb7f99e7bd0f6c79cce0f4f1,2e52134307379f864dabb413f5606ae1,ddafb5a87f20ea6fdf5c12833592c61c,9432e0dfbcc51c67af941987da19fe7f,f2d73841e2300896fca284277bfc2e79,EVMI2CD,2022/10/8 0:00,103554
d7c9ab1eeb7f99e7bd0f6c79cce0f4f1,2e52134307379f864dabb413f5606ae1,ddafb5a87f20ea6fdf5c12833592c61c,9432e0dfbcc51c67af941987da19fe7f,f2d73841e2300896fca284277bfc2e79,EVMI2CD,2022/10/9 0:00,48354
d7c9ab1eeb7f99e7bd0f6c79cce0f4f1,2e52134307379f864dabb413f5606ae1,ddafb5a87f20ea6fdf5c12833592c61c,9432e0dfbcc51c67af941987da19fe7f,f2d73841e2300896fca284277bfc2e79,EVMI2CD,2022/10/10 0:00,48354
d7c9ab1eeb7f99e7bd0f6c79cce0f4f1,2e52134307379f864dabb413f5606ae1,ddafb5a87f20ea6fdf5c12833592c61c,9432e0dfbcc51c67af941987da19fe7f,f2d73841e2300896fca284277bfc2e79,EVMI2CD,2022/10/11 0:00,166194
d7c9ab1eeb7f99e7bd0f6c79cce0f4f1,2e52134307379f864dabb413f5606ae1,ddafb5a87f20ea6fdf5c12833592c61c,9432e0dfbcc51c67af941987da19fe7f,f2d73841e2300896fca284277bfc2e79,EVMI2CD,2022/10/12 0:00,99714
d7c9ab1eeb7f99e7bd0f6c79cce0f4f1,2e52134307379f864dabb413f5606ae1,ddafb5a87f20ea6fdf5c12833592c61c,9432e0dfbcc51c67af941987da19fe7f,f2d73841e2300896fca284277bfc2e79,EVMI2CD,2022/10/13 0:00,243474
d7c9ab1eeb7f99e7bd0f6c79cce0f4f1,2e52134307379f864dabb413f5606ae1,ddafb5a87f20ea6fdf5c12833592c61c,9432e0dfbcc51c67af941987da19fe7f,f2d73841e2300896fca284277bfc2e79,EVMI2CD,2022/10/14 0:00,175074
d7c9ab1eeb7f99e7bd0f6c79cce0f4f1,2e52134307379f864dabb413f5606ae1,ddafb5a87f20ea6fdf5c12833592c61c,9432e0dfbcc51c67af941987da19fe7f,f2d73841e2300896fca284277bfc2e79,EVMI2CD,2022/10/15 0:00,110994
d7c9ab1eeb7f99e7bd0f6c79cce0f4f1,2e52134307379f864dabb413f5606ae1,ddafb5a87f20ea6fdf5c12833592c61c,9432e0dfbcc51c67af941987da19fe7f,f2d73841e2300896fca284277bfc2e79,EVMI2CD,2022/10/16 0:00,154434
d7c9ab1eeb7f99e7bd0f6c79cce0f4f1,2e52134307379f864dabb413f5606ae1,ddafb5a87f20ea6fdf5c12833592c61c,9432e0dfbcc51c67af941987da19fe7f,f2d73841e2300896fca284277bfc2e79,EVMI2CD,2022/10/17 0:00,255234
d7c9ab1eeb7f99e7bd0f6c79cce0f4f1,2e52134307379f864dabb413f5606ae1,ddafb5a87f20ea6fdf5c12833592c61c,9432e0dfbcc51c67af941987da19fe7f,f2d73841e2300896fca284277bfc2e79,EVMI2CD,2022/10/18 0:00,212514
d7c9ab1eeb7f99e7bd0f6c79cce0f4f1,2e52134307379f864dabb413f5606ae1,ddafb5a87f20ea6fdf5c12833592c61c,9432e0dfbcc51c67af941987da19fe7f,f2d73841e2300896fca284277bfc2e79,EVMI2CD,2022/10/19 0:00,187554
d7c9ab1eeb7f99e7bd0f6c79cce0f4f1,2e52134307379f864dabb413f5606ae1,ddafb5a87f20ea6fdf5c12833592c61c,9432e0dfbcc51c67af941987da19fe7f,f2d73841e2300896fca284277bfc2e79,EVMI2CD,2022/10/20 0:00,206274
d7c9ab1eeb7f99e7bd0f6c79cce0f4f1,2e52134307379f864dabb413f5606ae1,ddafb5a87f20ea6fdf5c12833592c61c,9432e0dfbcc51c67af941987da19fe7f,f2d73841e2300896fca284277bfc2e79,EVMI2CD,2022/10/21 0:00,190674
d7c9ab1eeb7f99e7bd0f6c79cce0f4f1,2e52134307379f864dabb413f5606ae1,ddafb5a87f20ea6fdf5c12833592c61c,9432e0dfbcc51c67af941987da19fe7f,f2d73841e2300896fca284277bfc2e79,EVMI2CD,2022/10/22 0:00,146274
d7c9ab1eeb7f99e7bd0f6c79cce0f4f1,2e52134307379f864dabb413f5606ae1,ddafb5a87f20ea6fdf5c12833592c61c,9432e0dfbcc51c67af941987da19fe7f,f2d73841e2300896fca284277bfc2e79,EVMI2CD,2022/10/23 0:00,92994
d7c9ab1eeb7f99e7bd0f6c79cce0f4f1,2e52134307379f864dabb413f5606ae1,ddafb5a87f20ea6fdf5c12833592c61c,9432e0dfbcc51c67af941987da19fe7f,f2d73841e2300896fca284277bfc2e79,EVMI2CD,2022/10/24 0:00,244194
d7c9ab1eeb7f99e7bd0f6c79cce0f4f1,2e52134307379f864dabb413f5606ae1,ddafb5a87f20ea6fdf5c12833592c61c,9432e0dfbcc51c67af941987da19fe7f,f2d73841e2300896fca284277bfc2e79,EVMI2CD,2022/10/25 0:00,182034
d7c9ab1eeb7f99e7bd0f6c79cce0f4f1,2e52134307379f864dabb413f5606ae1,ddafb5a87f20ea6fdf5c12833592c61c,9432e0dfbcc51c67af941987da19fe7f,f2d73841e2300896fca284277bfc2e79,EVMI2CD,2022/10/26 0:00,128514
d7c9ab1eeb7f99e7bd0f6c79cce0f4f1,2e52134307379f864dabb413f5606ae1,ddafb5a87f20ea6fdf5c12833592c61c,9432e0dfbcc51c67af941987da19fe7f,f2d73841e2300896fca284277bfc2e79,EVMI2CD,2022/10/27 0:00,163314
d7c9ab1eeb7f99e7bd0f6c79cce0f4f1,2e52134307379f864dabb413f5606ae1,ddafb5a87f20ea6fdf5c12833592c61c,9432e0dfbcc51c67af941987da19fe7f,f2d73841e2300896fca284277bfc2e79,EVMI2CD,2022/10/28 0:00,96834
d7c9ab1eeb7f99e7bd0f6c79cce0f4f1,2e52134307379f864dabb413f5606ae1,ddafb5a87f20ea6fdf5c12833592c61c,9432e0dfbcc51c67af941987da19fe7f,f2d73841e2300896fca284277bfc2e79,EVMI2CD,2022/10/29 0:00,29634
d7c9ab1eeb7f99e7bd0f6c79cce0f4f1,2e52134307379f864dabb413f5606ae1,ddafb5a87f20ea6fdf5c12833592c61c,9432e0dfbcc51c67af941987da19fe7f,f2d73841e2300896fca284277bfc2e79,EVMI2CD,2022/10/30 0:00,123234
d7c9ab1eeb7f99e7bd0f6c79cce0f4f1,2e52134307379f864dabb413f5606ae1,ddafb5a87f20ea6fdf5c12833592c61c,9432e0dfbcc51c67af941987da19fe7f,f2d73841e2300896fca284277bfc2e79,EVMI2CD,2022/10/31 0:00,78355
d7c9ab1eeb7f99e7bd0f6c79cce0f4f1,2e52134307379f864dabb413f5606ae1,ddafb5a87f20ea6fdf5c12833592c61c,9432e0dfbcc51c67af941987da19fe7f,f2d73841e2300896fca284277bfc2e79,EVMI2CD,2022/11/1 0:00,265795
d7c9ab1eeb7f99e7bd0f6c79cce0f4f1,2e52134307379f864dabb413f5606ae1,ddafb5a87f20ea6fdf5c12833592c61c,9432e0dfbcc51c67af941987da19fe7f,f2d73841e2300896fca284277bfc2e79,EVMI2CD,2022/11/2 0:00,194515
d7c9ab1eeb7f99e7bd0f6c79cce0f4f1,2e52134307379f864dabb413f5606ae1,ddafb5a87f20ea6fdf5c12833592c61c,9432e0dfbcc51c67af941987da19fe7f,f2d73841e2300896fca284277bfc2e79,EVMI2CD,2022/11/3 0:00,150356
d7c9ab1eeb7f99e7bd0f6c79cce0f4f1,2e52134307379f864dabb413f5606ae1,ddafb5a87f20ea6fdf5c12833592c61c,9432e0dfbcc51c67af941987da19fe7f,f2d73841e2300896fca284277bfc2e79,EVMI2CD,2022/11/4 0:00,402836
d7c9ab1eeb7f99e7bd0f6c79cce0f4f1,2e52134307379f864dabb413f5606ae1,ddafb5a87f20ea6fdf5c12833592c61c,9432e0dfbcc51c67af941987da19fe7f,f2d73841e2300896fca284277bfc2e79,EVMI2CD,2022/11/5 0:00,326036
d7c9ab1eeb7f99e7bd0f6c79cce0f4f1,2e52134307379f864dabb413f5606ae1,ddafb5a87f20ea6fdf5c12833592c61c,9432e0dfbcc51c67af941987da19fe7f,f2d73841e2300896fca284277bfc2e79,EVMI2CD,2022/11/6 0:00,289081
d7c9ab1eeb7f99e7bd0f6c79cce0f4f1,2e52134307379f864dabb413f5606ae1,ddafb5a87f20ea6fdf5c12833592c61c,9432e0dfbcc51c67af941987da19fe7f,f2d73841e2300896fca284277bfc2e79,EVMI2CD,2022/11/7 0:00,289081
d7c9ab1eeb7f99e7bd0f6c79cce0f4f1,2e52134307379f864dabb413f5606ae1,ddafb5a87f20ea6fdf5c12833592c61c,9432e0dfbcc51c67af941987da19fe7f,f2d73841e2300896fca284277bfc2e79,EVMI2CD,2022/11/8 0:00,273961
d7c9ab1eeb7f99e7bd0f6c79cce0f4f1,2e52134307379f864dabb413f5606ae1,ddafb5a87f20ea6fdf5c12833592c61c,9432e0dfbcc51c67af941987da19fe7f,f2d73841e2300896fca284277bfc2e79,EVMI2CD,2022/11/9 0:00,193561
d7c9ab1eeb7f99e7bd0f6c79cce0f4f1,2e52134307379f864dabb413f5606ae1,ddafb5a87f20ea6fdf5c12833592c61c,9432e0dfbcc51c67af941987da19fe7f,f2d73841e2300896fca284277bfc2e79,EVMI2CD,2022/11/10 0:00,112441
d7c9ab1eeb7f99e7bd0f6c79cce0f4f1,2e52134307379f864dabb413f5606ae1,ddafb5a87f20ea6fdf5c12833592c61c,9432e0dfbcc51c67af941987da19fe7f,f2d73841e2300896fca284277bfc2e79,EVMI2CD,2022/11/11 0:00,40921
d7c9ab1eeb7f99e7bd0f6c79cce0f4f1,2e52134307379f864dabb413f5606ae1,ddafb5a87f20ea6fdf5c12833592c61c,9432e0dfbcc51c67af941987da19fe7f,f2d73841e2300896fca284277bfc2e79,EVMI2CD,2022/11/12 0:00,121
d7c9ab1eeb7f99e7bd0f6c79cce0f4f1,2e52134307379f864dabb413f5606ae1,ddafb5a87f20ea6fdf5c12833592c61c,9432e0dfbcc51c67af941987da19fe7f,f2d73841e2300896fca284277bfc2e79,EVMI2CD,2022/11/13 0:00,98281
d7c9ab1eeb7f99e7bd0f6c79cce0f4f1,2e52134307379f864dabb413f5606ae1,ddafb5a87f20ea6fdf5c12833592c61c,9432e0dfbcc51c67af941987da19fe7f,f2d73841e2300896fca284277bfc2e79,EVMI2CD,2022/11/14 0:00,98281
d7c9ab1eeb7f99e7bd0f6c79cce0f4f1,2e52134307379f864dabb413f5606ae1,ddafb5a87f20ea6fdf5c12833592c61c,9432e0dfbcc51c67af941987da19fe7f,f2d73841e2300896fca284277bfc2e79,EVMI2CD,2022/11/15 0:00,106201
d7c9ab1eeb7f99e7bd0f6c79cce0f4f1,2e52134307379f864dabb413f5606ae1,ddafb5a87f20ea6fdf5c12833592c61c,9432e0dfbcc51c67af941987da19fe7f,f2d73841e2300896fca284277bfc2e79,EVMI2CD,2022/11/16 0:00,166201
d7c9ab1eeb7f99e7bd0f6c79cce0f4f1,2e52134307379f864dabb413f5606ae1,ddafb5a87f20ea6fdf5c12833592c61c,9432e0dfbcc51c67af941987da19fe7f,f2d73841e2300896fca284277bfc2e79,EVMI2CD,2022/11/17 0:00,251641
d7c9ab1eeb7f99e7bd0f6c79cce0f4f1,2e52134307379f864dabb413f5606ae1,ddafb5a87f20ea6fdf5c12833592c61c,9432e0dfbcc51c67af941987da19fe7f,f2d73841e2300896fca284277bfc2e79,EVMI2CD,2022/11/18 0:00,215161
d7c9ab1eeb7f99e7bd0f6c79cce0f4f1,2e52134307379f864dabb413f5606ae1,ddafb5a87f20ea6fdf5c12833592c61c,9432e0dfbcc51c67af941987da19fe7f,f2d73841e2300896fca284277bfc2e79,EVMI2CD,2022/11/19 0:00,119881
d7c9ab1eeb7f99e7bd0f6c79cce0f4f1,2e52134307379f864dabb413f5606ae1,ddafb5a87f20ea6fdf5c12833592c61c,9432e0dfbcc51c67af941987da19fe7f,f2d73841e2300896fca284277bfc2e79,EVMI2CD,2022/11/20 0:00,78601
d7c9ab1eeb7f99e7bd0f6c79cce0f4f1,2e52134307379f864dabb413f5606ae1,ddafb5a87f20ea6fdf5c12833592c61c,9432e0dfbcc51c67af941987da19fe7f,f2d73841e2300896fca284277bfc2e79,EVMI2CD,2022/11/21 0:00,78601
d7c9ab1eeb7f99e7bd0f6c79cce0f4f1,2e52134307379f864dabb413f5606ae1,ddafb5a87f20ea6fdf5c12833592c61c,9432e0dfbcc51c67af941987da19fe7f,f2d73841e2300896fca284277bfc2e79,EVMI2CD,2022/11/22 0:00,7321
d7c9ab1eeb7f99e7bd0f6c79cce0f4f1,2e52134307379f864dabb413f5606ae1,ddafb5a87f20ea6fdf5c12833592c61c,9432e0dfbcc51c67af941987da19fe7f,f2d73841e2300896fca284277bfc2e79,EVMI2CD,2022/11/23 0:00,180121
d7c9ab1eeb7f99e7bd0f6c79cce0f4f1,2e52134307379f864dabb413f5606ae1,ddafb5a87f20ea6fdf5c12833592c61c,9432e0dfbcc51c67af941987da19fe7f,f2d73841e2300896fca284277bfc2e79,EVMI2CD,2022/11/24 0:00,327725
d7c9ab1eeb7f99e7bd0f6c79cce0f4f1,2e52134307379f864dabb413f5606ae1,ddafb5a87f20ea6fdf5c12833592c61c,9432e0dfbcc51c67af941987da19fe7f,f2d73841e2300896fca284277bfc2e79,EVMI2CD,2022/11/25 0:00,277805
d7c9ab1eeb7f99e7bd0f6c79cce0f4f1,2e52134307379f864dabb413f5606ae1,ddafb5a87f20ea6fdf5c12833592c61c,9432e0dfbcc51c67af941987da19fe7f,f2d73841e2300896fca284277bfc2e79,EVMI2CD,2022/11/26 0:00,277805
d7c9ab1eeb7f99e7bd0f6c79cce0f4f1,2e52134307379f864dabb413f5606ae1,ddafb5a87f20ea6fdf5c12833592c61c,9432e0dfbcc51c67af941987da19fe7f,f2d73841e2300896fca284277bfc2e79,EVMI2CD,2022/11/27 0:00,464525
d7c9ab1eeb7f99e7bd0f6c79cce0f4f1,2e52134307379f864dabb413f5606ae1,ddafb5a87f20ea6fdf5c12833592c61c,9432e0dfbcc51c67af941987da19fe7f,f2d73841e2300896fca284277bfc2e79,EVMI2CD,2022/11/28 0:00,496445
d7c9ab1eeb7f99e7bd0f6c79cce0f4f1,2e52134307379f864dabb413f5606ae1,ddafb5a87f20ea6fdf5c12833592c61c,9432e0dfbcc51c67af941987da19fe7f,f2d73841e2300896fca284277bfc2e79,EVMI2CD,2022/11/29 0:00,459485
d7c9ab1eeb7f99e7bd0f6c79cce0f4f1,2e52134307379f864dabb413f5606ae1,ddafb5a87f20ea6fdf5c12833592c61c,9432e0dfbcc51c67af941987da19fe7f,f2d73841e2300896fca284277bfc2e79,EVMI2CD,2022/11/30 0:00,570846
d7c9ab1eeb7f99e7bd0f6c79cce0f4f1,2e52134307379f864dabb413f5606ae1,ddafb5a87f20ea6fdf5c12833592c61c,9432e0dfbcc51c67af941987da19fe7f,f2d73841e2300896fca284277bfc2e79,EVMI2CD,2022/12/1 0:00,733326
d7c9ab1eeb7f99e7bd0f6c79cce0f4f1,2e52134307379f864dabb413f5606ae1,ddafb5a87f20ea6fdf5c12833592c61c,9432e0dfbcc51c67af941987da19fe7f,f2d73841e2300896fca284277bfc2e79,EVMI2CD,2022/12/2 0:00,677166
d7c9ab1eeb7f99e7bd0f6c79cce0f4f1,2e52134307379f864dabb413f5606ae1,ddafb5a87f20ea6fdf5c12833592c61c,9432e0dfbcc51c67af941987da19fe7f,f2d73841e2300896fca284277bfc2e79,EVMI2CD,2022/12/3 0:00,648606
d7c9ab1eeb7f99e7bd0f6c79cce0f4f1,2e52134307379f864dabb413f5606ae1,ddafb5a87f20ea6fdf5c12833592c61c,9432e0dfbcc51c67af941987da19fe7f,f2d73841e2300896fca284277bfc2e79,EVMI2CD,2022/12/4 0:00,732846
d7c9ab1eeb7f99e7bd0f6c79cce0f4f1,2e52134307379f864dabb413f5606ae1,ddafb5a87f20ea6fdf5c12833592c61c,9432e0dfbcc51c67af941987da19fe7f,f2d73841e2300896fca284277bfc2e79,EVMI2CD,2022/12/5 0:00,732846
d7c9ab1eeb7f99e7bd0f6c79cce0f4f1,2e52134307379f864dabb413f5606ae1,ddafb5a87f20ea6fdf5c12833592c61c,9432e0dfbcc51c67af941987da19fe7f,f2d73841e2300896fca284277bfc2e79,EVMI2CD,2022/12/6 0:00,699726
d7c9ab1eeb7f99e7bd0f6c79cce0f4f1,2e52134307379f864dabb413f5606ae1,ddafb5a87f20ea6fdf5c12833592c61c,9432e0dfbcc51c67af941987da19fe7f,f2d73841e2300896fca284277bfc2e79,EVMI2CD,2022/12/7 0:00,1011246
d7c9ab1eeb7f99e7bd0f6c79cce0f4f1,2e52134307379f864dabb413f5606ae1,ddafb5a87f20ea6fdf5c12833592c61c,9432e0dfbcc51c67af941987da19fe7f,f2d73841e2300896fca284277bfc2e79,EVMI2CD,2022/12/8 0:00,979086
d7c9ab1eeb7f99e7bd0f6c79cce0f4f1,2e52134307379f864dabb413f5606ae1,ddafb5a87f20ea6fdf5c12833592c61c,9432e0dfbcc51c67af941987da19fe7f,f2d73841e2300896fca284277bfc2e79,EVMI2CD,2022/12/9 0:00,928206
d7c9ab1eeb7f99e7bd0f6c79cce0f4f1,2e52134307379f864dabb413f5606ae1,ddafb5a87f20ea6fdf5c12833592c61c,9432e0dfbcc51c67af941987da19fe7f,f2d73841e2300896fca284277bfc2e79,EVMI2CD,2022/12/10 0:00,863646
d7c9ab1eeb7f99e7bd0f6c79cce0f4f1,2e52134307379f864dabb413f5606ae1,ddafb5a87f20ea6fdf5c12833592c61c,9432e0dfbcc51c67af941987da19fe7f,f2d73841e2300896fca284277bfc2e79,EVMI2CD,2022/12/11 0:00,856926
d7c9ab1eeb7f99e7bd0f6c79cce0f4f1,2e52134307379f864dabb413f5606ae1,ddafb5a87f20ea6fdf5c12833592c61c,9432e0dfbcc51c67af941987da19fe7f,f2d73841e2300896fca284277bfc2e79,EVMI2CD,2022/12/12 0:00,790686
d7c9ab1eeb7f99e7bd0f6c79cce0f4f1,2e52134307379f864dabb413f5606ae1,ddafb5a87f20ea6fdf5c12833592c61c,9432e0dfbcc51c67af941987da19fe7f,f2d73841e2300896fca284277bfc2e79,EVMI2CD,2022/12/13 0:00,773646
d7c9ab1eeb7f99e7bd0f6c79cce0f4f1,2e52134307379f864dabb413f5606ae1,ddafb5a87f20ea6fdf5c12833592c61c,9432e0dfbcc51c67af941987da19fe7f,f2d73841e2300896fca284277bfc2e79,EVMI2CD,2022/12/14 0:00,661566
d7c9ab1eeb7f99e7bd0f6c79cce0f4f1,2e52134307379f864dabb413f5606ae1,ddafb5a87f20ea6fdf5c12833592c61c,9432e0dfbcc51c67af941987da19fe7f,f2d73841e2300896fca284277bfc2e79,EVMI2CD,2022/12/15 0:00,632526
d7c9ab1eeb7f99e7bd0f6c79cce0f4f1,2e52134307379f864dabb413f5606ae1,ddafb5a87f20ea6fdf5c12833592c61c,9432e0dfbcc51c67af941987da19fe7f,f2d73841e2300896fca284277bfc2e79,EVMI2CD,2022/12/16 0:00,602286
d7c9ab1eeb7f99e7bd0f6c79cce0f4f1,2e52134307379f864dabb413f5606ae1,ddafb5a87f20ea6fdf5c12833592c61c,9432e0dfbcc51c67af941987da19fe7f,f2d73841e2300896fca284277bfc2e79,EVMI2CD,2022/12/17 0:00,546848
d7c9ab1eeb7f99e7bd0f6c79cce0f4f1,2e52134307379f864dabb413f5606ae1,ddafb5a87f20ea6fdf5c12833592c61c,9432e0dfbcc51c67af941987da19fe7f,f2d73841e2300896fca284277bfc2e79,EVMI2CD,2022/12/18 0:00,487568
d7c9ab1eeb7f99e7bd0f6c79cce0f4f1,2e52134307379f864dabb413f5606ae1,ddafb5a87f20ea6fdf5c12833592c61c,9432e0dfbcc51c67af941987da19fe7f,f2d73841e2300896fca284277bfc2e79,EVMI2CD,2022/12/19 0:00,487568
d7c9ab1eeb7f99e7bd0f6c79cce0f4f1,2e52134307379f864dabb413f5606ae1,ddafb5a87f20ea6fdf5c12833592c61c,9432e0dfbcc51c67af941987da19fe7f,f2d73841e2300896fca284277bfc2e79,EVMI2CD,2022/12/20 0:00,445328
d7c9ab1eeb7f99e7bd0f6c79cce0f4f1,2e52134307379f864dabb413f5606ae1,ddafb5a87f20ea6fdf5c12833592c61c,9432e0dfbcc51c67af941987da19fe7f,f2d73841e2300896fca284277bfc2e79,EVMI2CD,2022/12/21 0:00,399497
d7c9ab1eeb7f99e7bd0f6c79cce0f4f1,2e52134307379f864dabb413f5606ae1,ddafb5a87f20ea6fdf5c12833592c61c,9432e0dfbcc51c67af941987da19fe7f,f2d73841e2300896fca284277bfc2e79,EVMI2CD,2022/12/22 0:00,551177
d7c9ab1eeb7f99e7bd0f6c79cce0f4f1,2e52134307379f864dabb413f5606ae1,ddafb5a87f20ea6fdf5c12833592c61c,9432e0dfbcc51c67af941987da19fe7f,f2d73841e2300896fca284277bfc2e79,EVMI2CD,2022/12/23 0:00,511817
d7c9ab1eeb7f99e7bd0f6c79cce0f4f1,2e52134307379f864dabb413f5606ae1,ddafb5a87f20ea6fdf5c12833592c61c,9432e0dfbcc51c67af941987da19fe7f,f2d73841e2300896fca284277bfc2e79,EVMI2CD,2022/12/24 0:00,553577
d7c9ab1eeb7f99e7bd0f6c79cce0f4f1,2e52134307379f864dabb413f5606ae1,ddafb5a87f20ea6fdf5c12833592c61c,9432e0dfbcc51c67af941987da19fe7f,f2d73841e2300896fca284277bfc2e79,EVMI2CD,2022/12/25 0:00,649097
d7c9ab1eeb7f99e7bd0f6c79cce0f4f1,2e52134307379f864dabb413f5606ae1,ddafb5a87f20ea6fdf5c12833592c61c,9432e0dfbcc51c67af941987da19fe7f,f2d73841e2300896fca284277bfc2e79,EVMI2CD,2022/12/26 0:00,649097
d7c9ab1eeb7f99e7bd0f6c79cce0f4f1,2e52134307379f864dabb413f5606ae1,ddafb5a87f20ea6fdf5c12833592c61c,9432e0dfbcc51c67af941987da19fe7f,f2d73841e2300896fca284277bfc2e79,EVMI2CD,2022/12/27 0:00,594617
d7c9ab1eeb7f99e7bd0f6c79cce0f4f1,2e52134307379f864dabb413f5606ae1,ddafb5a87f20ea6fdf5c12833592c61c,9432e0dfbcc51c67af941987da19fe7f,f2d73841e2300896fca284277bfc2e79,EVMI2CD,2022/12/28 0:00,553337
d7c9ab1eeb7f99e7bd0f6c79cce0f4f1,2e52134307379f864dabb413f5606ae1,ddafb5a87f20ea6fdf5c12833592c61c,9432e0dfbcc51c67af941987da19fe7f,f2d73841e2300896fca284277bfc2e79,EVMI2CD,2022/12/29 0:00,506297
d7c9ab1eeb7f99e7bd0f6c79cce0f4f1,2e52134307379f864dabb413f5606ae1,ddafb5a87f20ea6fdf5c12833592c61c,9432e0dfbcc51c67af941987da19fe7f,f2d73841e2300896fca284277bfc2e79,EVMI2CD,2022/12/30 0:00,493577
d7c9ab1eeb7f99e7bd0f6c79cce0f4f1,2e52134307379f864dabb413f5606ae1,ddafb5a87f20ea6fdf5c12833592c61c,9432e0dfbcc51c67af941987da19fe7f,f2d73841e2300896fca284277bfc2e79,EVMI2CD,2022/12/31 0:00,539417
d7c9ab1eeb7f99e7bd0f6c79cce0f4f1,2e52134307379f864dabb413f5606ae1,ddafb5a87f20ea6fdf5c12833592c61c,9432e0dfbcc51c67af941987da19fe7f,f2d73841e2300896fca284277bfc2e79,EVMI2CD,2023/1/1 0:00,539417
d7c9ab1eeb7f99e7bd0f6c79cce0f4f1,2e52134307379f864dabb413f5606ae1,ddafb5a87f20ea6fdf5c12833592c61c,9432e0dfbcc51c67af941987da19fe7f,f2d73841e2300896fca284277bfc2e79,EVMI2CD,2023/1/2 0:00,539417
d7c9ab1eeb7f99e7bd0f6c79cce0f4f1,2e52134307379f864dabb413f5606ae1,ddafb5a87f20ea6fdf5c12833592c61c,9432e0dfbcc51c67af941987da19fe7f,f2d73841e2300896fca284277bfc2e79,EVMI2CD,2023/1/3 0:00,514457
d7c9ab1eeb7f99e7bd0f6c79cce0f4f1,2e52134307379f864dabb413f5606ae1,ddafb5a87f20ea6fdf5c12833592c61c,9432e0dfbcc51c67af941987da19fe7f,f2d73841e2300896fca284277bfc2e79,EVMI2CD,2023/1/4 0:00,465977
d7c9ab1eeb7f99e7bd0f6c79cce0f4f1,2e52134307379f864dabb413f5606ae1,ddafb5a87f20ea6fdf5c12833592c61c,9432e0dfbcc51c67af941987da19fe7f,f2d73841e2300896fca284277bfc2e79,EVMI2CD,2023/1/5 0:00,444137
d7c9ab1eeb7f99e7bd0f6c79cce0f4f1,2e52134307379f864dabb413f5606ae1,ddafb5a87f20ea6fdf5c12833592c61c,9432e0dfbcc51c67af941987da19fe7f,f2d73841e2300896fca284277bfc2e79,EVMI2CD,2023/1/6 0:00,399017
d7c9ab1eeb7f99e7bd0f6c79cce0f4f1,2e52134307379f864dabb413f5606ae1,ddafb5a87f20ea6fdf5c12833592c61c,9432e0dfbcc51c67af941987da19fe7f,f2d73841e2300896fca284277bfc2e79,EVMI2CD,2023/1/7 0:00,338297
d7c9ab1eeb7f99e7bd0f6c79cce0f4f1,2e52134307379f864dabb413f5606ae1,ddafb5a87f20ea6fdf5c12833592c61c,9432e0dfbcc51c67af941987da19fe7f,f2d73841e2300896fca284277bfc2e79,EVMI2CD,2023/1/8 0:00,244217
d7c9ab1eeb7f99e7bd0f6c79cce0f4f1,2e52134307379f864dabb413f5606ae1,ddafb5a87f20ea6fdf5c12833592c61c,9432e0dfbcc51c67af941987da19fe7f,f2d73841e2300896fca284277bfc2e79,EVMI2CD,2023/1/9 0:00,244217
d7c9ab1eeb7f99e7bd0f6c79cce0f4f1,2e52134307379f864dabb413f5606ae1,ddafb5a87f20ea6fdf5c12833592c61c,9432e0dfbcc51c67af941987da19fe7f,f2d73841e2300896fca284277bfc2e79,EVMI2CD,2023/1/10 0:00,231314
d7c9ab1eeb7f99e7bd0f6c79cce0f4f1,2e52134307379f864dabb413f5606ae1,ddafb5a87f20ea6fdf5c12833592c61c,9432e0dfbcc51c67af941987da19fe7f,f2d73841e2300896fca284277bfc2e79,EVMI2CD,2023/1/11 0:00,286994
d7c9ab1eeb7f99e7bd0f6c79cce0f4f1,2e52134307379f864dabb413f5606ae1,ddafb5a87f20ea6fdf5c12833592c61c,9432e0dfbcc51c67af941987da19fe7f,f2d73841e2300896fca284277bfc2e79,EVMI2CD,2023/1/12 0:00,226514
d7c9ab1eeb7f99e7bd0f6c79cce0f4f1,2e52134307379f864dabb413f5606ae1,ddafb5a87f20ea6fdf5c12833592c61c,9432e0dfbcc51c67af941987da19fe7f,f2d73841e2300896fca284277bfc2e79,EVMI2CD,2023/1/13 0:00,342754
d7c9ab1eeb7f99e7bd0f6c79cce0f4f1,2e52134307379f864dabb413f5606ae1,ddafb5a87f20ea6fdf5c12833592c61c,9432e0dfbcc51c67af941987da19fe7f,f2d73841e2300896fca284277bfc2e79,EVMI2CD,2023/1/14 0:00,309041
d7c9ab1eeb7f99e7bd0f6c79cce0f4f1,2e52134307379f864dabb413f5606ae1,ddafb5a87f20ea6fdf5c12833592c61c,9432e0dfbcc51c67af941987da19fe7f,f2d73841e2300896fca284277bfc2e79,EVMI2CD,2023/1/15 0:00,245201
d7c9ab1eeb7f99e7bd0f6c79cce0f4f1,2e52134307379f864dabb413f5606ae1,ddafb5a87f20ea6fdf5c12833592c61c,9432e0dfbcc51c67af941987da19fe7f,f2d73841e2300896fca284277bfc2e79,EVMI2CD,2023/1/16 0:00,244001
d7c9ab1eeb7f99e7bd0f6c79cce0f4f1,2e52134307379f864dabb413f5606ae1,ddafb5a87f20ea6fdf5c12833592c61c,9432e0dfbcc51c67af941987da19fe7f,f2d73841e2300896fca284277bfc2e79,EVMI2CD,2023/1/17 0:00,235601
d7c9ab1eeb7f99e7bd0f6c79cce0f4f1,2e52134307379f864dabb413f5606ae1,ddafb5a87f20ea6fdf5c12833592c61c,9432e0dfbcc51c67af941987da19fe7f,f2d73841e2300896fca284277bfc2e79,EVMI2CD,2023/1/18 0:00,148241
d7c9ab1eeb7f99e7bd0f6c79cce0f4f1,2e52134307379f864dabb413f5606ae1,ddafb5a87f20ea6fdf5c12833592c61c,9432e0dfbcc51c67af941987da19fe7f,f2d73841e2300896fca284277bfc2e79,EVMI2CD,2023/1/19 0:00,493841
d7c9ab1eeb7f99e7bd0f6c79cce0f4f1,2e52134307379f864dabb413f5606ae1,ddafb5a87f20ea6fdf5c12833592c61c,9432e0dfbcc51c67af941987da19fe7f,f2d73841e2300896fca284277bfc2e79,EVMI2CD,2023/1/20 0:00,491441
d7c9ab1eeb7f99e7bd0f6c79cce0f4f1,2e52134307379f864dabb413f5606ae1,ddafb5a87f20ea6fdf5c12833592c61c,9432e0dfbcc51c67af941987da19fe7f,f2d73841e2300896fca284277bfc2e79,EVMI2CD,2023/1/21 0:00,455921
d7c9ab1eeb7f99e7bd0f6c79cce0f4f1,2e52134307379f864dabb413f5606ae1,ddafb5a87f20ea6fdf5c12833592c61c,9432e0dfbcc51c67af941987da19fe7f,f2d73841e2300896fca284277bfc2e79,EVMI2CD,2023/1/22 0:00,447521
d7c9ab1eeb7f99e7bd0f6c79cce0f4f1,2e52134307379f864dabb413f5606ae1,ddafb5a87f20ea6fdf5c12833592c61c,9432e0dfbcc51c67af941987da19fe7f,f2d73841e2300896fca284277bfc2e79,EVMI2CD,2023/1/23 0:00,447521
d7c9ab1eeb7f99e7bd0f6c79cce0f4f1,2e52134307379f864dabb413f5606ae1,ddafb5a87f20ea6fdf5c12833592c61c,9432e0dfbcc51c67af941987da19fe7f,f2d73841e2300896fca284277bfc2e79,EVMI2CD,2023/1/24 0:00,447521
d7c9ab1eeb7f99e7bd0f6c79cce0f4f1,2e52134307379f864dabb413f5606ae1,ddafb5a87f20ea6fdf5c12833592c61c,9432e0dfbcc51c67af941987da19fe7f,f2d73841e2300896fca284277bfc2e79,EVMI2CD,2023/1/25 0:00,447521
d7c9ab1eeb7f99e7bd0f6c79cce0f4f1,2e52134307379f864dabb413f5606ae1,ddafb5a87f20ea6fdf5c12833592c61c,9432e0dfbcc51c67af941987da19fe7f,f2d73841e2300896fca284277bfc2e79,EVMI2CD,2023/1/26 0:00,447521
d7c9ab1eeb7f99e7bd0f6c79cce0f4f1,2e52134307379f864dabb413f5606ae1,ddafb5a87f20ea6fdf5c12833592c61c,9432e0dfbcc51c67af941987da19fe7f,f2d73841e2300896fca284277bfc2e79,EVMI2CD,2023/1/27 0:00,421121
d7c9ab1eeb7f99e7bd0f6c79cce0f4f1,2e52134307379f864dabb413f5606ae1,ddafb5a87f20ea6fdf5c12833592c61c,9432e0dfbcc51c67af941987da19fe7f,f2d73841e2300896fca284277bfc2e79,EVMI2CD,2023/1/28 0:00,416561
d7c9ab1eeb7f99e7bd0f6c79cce0f4f1,2e52134307379f864dabb413f5606ae1,ddafb5a87f20ea6fdf5c12833592c61c,9432e0dfbcc51c67af941987da19fe7f,f2d73841e2300896fca284277bfc2e79,EVMI2CD,2023/1/29 0:00,416561
d7c9ab1eeb7f99e7bd0f6c79cce0f4f1,2e52134307379f864dabb413f5606ae1,ddafb5a87f20ea6fdf5c12833592c61c,9432e0dfbcc51c67af941987da19fe7f,f2d73841e2300896fca284277bfc2e79,EVMI2CD,2023/1/30 0:00,416561
d7c9ab1eeb7f99e7bd0f6c79cce0f4f1,2e52134307379f864dabb413f5606ae1,ddafb5a87f20ea6fdf5c12833592c61c,9432e0dfbcc51c67af941987da19fe7f,f2d73841e2300896fca284277bfc2e79,EVMI2CD,2023/1/31 0:00,401201
d7c9ab1eeb7f99e7bd0f6c79cce0f4f1,2e52134307379f864dabb413f5606ae1,ddafb5a87f20ea6fdf5c12833592c61c,9432e0dfbcc51c67af941987da19fe7f,f2d73841e2300896fca284277bfc2e79,EVMI2CD,2023/2/1 0:00,372881
d7c9ab1eeb7f99e7bd0f6c79cce0f4f1,2e52134307379f864dabb413f5606ae1,ddafb5a87f20ea6fdf5c12833592c61c,9432e0dfbcc51c67af941987da19fe7f,f2d73841e2300896fca284277bfc2e79,EVMI2CD,2023/2/2 0:00,349361
d7c9ab1eeb7f99e7bd0f6c79cce0f4f1,2e52134307379f864dabb413f5606ae1,ddafb5a87f20ea6fdf5c12833592c61c,9432e0dfbcc51c67af941987da19fe7f,f2d73841e2300896fca284277bfc2e79,EVMI2CD,2023/2/3 0:00,483761
d7c9ab1eeb7f99e7bd0f6c79cce0f4f1,2e52134307379f864dabb413f5606ae1,ddafb5a87f20ea6fdf5c12833592c61c,9432e0dfbcc51c67af941987da19fe7f,f2d73841e2300896fca284277bfc2e79,EVMI2CD,2023/2/4 0:00,414161
d7c9ab1eeb7f99e7bd0f6c79cce0f4f1,2e52134307379f864dabb413f5606ae1,ddafb5a87f20ea6fdf5c12833592c61c,9432e0dfbcc51c67af941987da19fe7f,f2d73841e2300896fca284277bfc2e79,EVMI2CD,2023/2/5 0:00,413681
d7c9ab1eeb7f99e7bd0f6c79cce0f4f1,2e52134307379f864dabb413f5606ae1,ddafb5a87f20ea6fdf5c12833592c61c,9432e0dfbcc51c67af941987da19fe7f,f2d73841e2300896fca284277bfc2e79,EVMI2CD,2023/2/6 0:00,375521
d7c9ab1eeb7f99e7bd0f6c79cce0f4f1,2e52134307379f864dabb413f5606ae1,ddafb5a87f20ea6fdf5c12833592c61c,9432e0dfbcc51c67af941987da19fe7f,f2d73841e2300896fca284277bfc2e79,EVMI2CD,2023/2/7 0:00,345281
d7c9ab1eeb7f99e7bd0f6c79cce0f4f1,2e52134307379f864dabb413f5606ae1,ddafb5a87f20ea6fdf5c12833592c61c,9432e0dfbcc51c67af941987da19fe7f,f2d73841e2300896fca284277bfc2e79,EVMI2CD,2023/2/8 0:00,296321
d7c9ab1eeb7f99e7bd0f6c79cce0f4f1,2e52134307379f864dabb413f5606ae1,ddafb5a87f20ea6fdf5c12833592c61c,9432e0dfbcc51c67af941987da19fe7f,f2d73841e2300896fca284277bfc2e79,EVMI2CD,2023/2/9 0:00,254081
d7c9ab1eeb7f99e7bd0f6c79cce0f4f1,2e52134307379f864dabb413f5606ae1,ddafb5a87f20ea6fdf5c12833592c61c,9432e0dfbcc51c67af941987da19fe7f,f2d73841e2300896fca284277bfc2e79,EVMI2CD,2023/2/10 0:00,193121
d7c9ab1eeb7f99e7bd0f6c79cce0f4f1,2e52134307379f864dabb413f5606ae1,ddafb5a87f20ea6fdf5c12833592c61c,9432e0dfbcc51c67af941987da19fe7f,f2d73841e2300896fca284277bfc2e79,EVMI2CD,2023/2/11 0:00,208721
d7c9ab1eeb7f99e7bd0f6c79cce0f4f1,2e52134307379f864dabb413f5606ae1,ddafb5a87f20ea6fdf5c12833592c61c,9432e0dfbcc51c67af941987da19fe7f,f2d73841e2300896fca284277bfc2e79,EVMI2CD,2023/2/12 0:00,179441
d7c9ab1eeb7f99e7bd0f6c79cce0f4f1,2e52134307379f864dabb413f5606ae1,ddafb5a87f20ea6fdf5c12833592c61c,9432e0dfbcc51c67af941987da19fe7f,f2d73841e2300896fca284277bfc2e79,EVMI2CD,2023/2/13 0:00,294641
d7c9ab1eeb7f99e7bd0f6c79cce0f4f1,2e52134307379f864dabb413f5606ae1,ddafb5a87f20ea6fdf5c12833592c61c,9432e0dfbcc51c67af941987da19fe7f,f2d73841e2300896fca284277bfc2e79,EVMI2CD,2023/2/14 0:00,268961
d7c9ab1eeb7f99e7bd0f6c79cce0f4f1,2e52134307379f864dabb413f5606ae1,ddafb5a87f20ea6fdf5c12833592c61c,9432e0dfbcc51c67af941987da19fe7f,f2d73841e2300896fca284277bfc2e79,EVMI2CD,2023/2/15 0:00,214241
d7c9ab1eeb7f99e7bd0f6c79cce0f4f1,2e52134307379f864dabb413f5606ae1,ddafb5a87f20ea6fdf5c12833592c61c,9432e0dfbcc51c67af941987da19fe7f,f2d73841e2300896fca284277bfc2e79,EVMI2CD,2023/2/16 0:00,150161
d7c9ab1eeb7f99e7bd0f6c79cce0f4f1,2e52134307379f864dabb413f5606ae1,ddafb5a87f20ea6fdf5c12833592c61c,9432e0dfbcc51c67af941987da19fe7f,f2d73841e2300896fca284277bfc2e79,EVMI2CD,2023/2/17 0:00,113681
d7c9ab1eeb7f99e7bd0f6c79cce0f4f1,2e52134307379f864dabb413f5606ae1,ddafb5a87f20ea6fdf5c12833592c61c,9432e0dfbcc51c67af941987da19fe7f,f2d73841e2300896fca284277bfc2e79,EVMI2CD,2023/2/18 0:00,244481
d7c9ab1eeb7f99e7bd0f6c79cce0f4f1,2e52134307379f864dabb413f5606ae1,ddafb5a87f20ea6fdf5c12833592c61c,9432e0dfbcc51c67af941987da19fe7f,f2d73841e2300896fca284277bfc2e79,EVMI2CD,2023/2/19 0:00,306161
d7c9ab1eeb7f99e7bd0f6c79cce0f4f1,2e52134307379f864dabb413f5606ae1,ddafb5a87f20ea6fdf5c12833592c61c,9432e0dfbcc51c67af941987da19fe7f,f2d73841e2300896fca284277bfc2e79,EVMI2CD,2023/2/20 0:00,306161
d7c9ab1eeb7f99e7bd0f6c79cce0f4f1,2e52134307379f864dabb413f5606ae1,ddafb5a87f20ea6fdf5c12833592c61c,9432e0dfbcc51c67af941987da19fe7f,f2d73841e2300896fca284277bfc2e79,EVMI2CD,2023/2/21 0:00,274961
d7c9ab1eeb7f99e7bd0f6c79cce0f4f1,2e52134307379f864dabb413f5606ae1,ddafb5a87f20ea6fdf5c12833592c61c,9432e0dfbcc51c67af941987da19fe7f,f2d73841e2300896fca284277bfc2e79,EVMI2CD,2023/2/22 0:00,221441
d7c9ab1eeb7f99e7bd0f6c79cce0f4f1,2e52134307379f864dabb413f5606ae1,ddafb5a87f20ea6fdf5c12833592c61c,9432e0dfbcc51c67af941987da19fe7f,f2d73841e2300896fca284277bfc2e79,EVMI2CD,2023/2/23 0:00,200321
d7c9ab1eeb7f99e7bd0f6c79cce0f4f1,2e52134307379f864dabb413f5606ae1,ddafb5a87f20ea6fdf5c12833592c61c,9432e0dfbcc51c67af941987da19fe7f,f2d73841e2300896fca284277bfc2e79,EVMI2CD,2023/2/24 0:00,328970
d7c9ab1eeb7f99e7bd0f6c79cce0f4f1,2e52134307379f864dabb413f5606ae1,ddafb5a87f20ea6fdf5c12833592c61c,9432e0dfbcc51c67af941987da19fe7f,f2d73841e2300896fca284277bfc2e79,EVMI2CD,2023/2/25 0:00,432890
d7c9ab1eeb7f99e7bd0f6c79cce0f4f1,2e52134307379f864dabb413f5606ae1,ddafb5a87f20ea6fdf5c12833592c61c,9432e0dfbcc51c67af941987da19fe7f,f2d73841e2300896fca284277bfc2e79,EVMI2CD,2023/2/26 0:00,398810
d7c9ab1eeb7f99e7bd0f6c79cce0f4f1,2e52134307379f864dabb413f5606ae1,ddafb5a87f20ea6fdf5c12833592c61c,9432e0dfbcc51c67af941987da19fe7f,f2d73841e2300896fca284277bfc2e79,EVMI2CD,2023/2/27 0:00,398810
d7c9ab1eeb7f99e7bd0f6c79cce0f4f1,2e52134307379f864dabb413f5606ae1,ddafb5a87f20ea6fdf5c12833592c61c,9432e0dfbcc51c67af941987da19fe7f,f2d73841e2300896fca284277bfc2e79,EVMI2CD,2023/2/28 0:00,372890
d7c9ab1eeb7f99e7bd0f6c79cce0f4f1,2e52134307379f864dabb413f5606ae1,ddafb5a87f20ea6fdf5c12833592c61c,9432e0dfbcc51c67af941987da19fe7f,f2d73841e2300896fca284277bfc2e79,EVMI2CD,2023/3/1 0:00,326810
d7c9ab1eeb7f99e7bd0f6c79cce0f4f1,2e52134307379f864dabb413f5606ae1,ddafb5a87f20ea6fdf5c12833592c61c,9432e0dfbcc51c67af941987da19fe7f,f2d73841e2300896fca284277bfc2e79,EVMI2CD,2023/3/2 0:00,405530
d7c9ab1eeb7f99e7bd0f6c79cce0f4f1,2e52134307379f864dabb413f5606ae1,ddafb5a87f20ea6fdf5c12833592c61c,9432e0dfbcc51c67af941987da19fe7f,f2d73841e2300896fca284277bfc2e79,EVMI2CD,2023/3/3 0:00,411770
d7c9ab1eeb7f99e7bd0f6c79cce0f4f1,2e52134307379f864dabb413f5606ae1,ddafb5a87f20ea6fdf5c12833592c61c,9432e0dfbcc51c67af941987da19fe7f,f2d73841e2300896fca284277bfc2e79,EVMI2CD,2023/3/4 0:00,378650
d7c9ab1eeb7f99e7bd0f6c79cce0f4f1,2e52134307379f864dabb413f5606ae1,ddafb5a87f20ea6fdf5c12833592c61c,9432e0dfbcc51c67af941987da19fe7f,f2d73841e2300896fca284277bfc2e79,EVMI2CD,2023/3/5 0:00,372411
d7c9ab1eeb7f99e7bd0f6c79cce0f4f1,2e52134307379f864dabb413f5606ae1,ddafb5a87f20ea6fdf5c12833592c61c,9432e0dfbcc51c67af941987da19fe7f,f2d73841e2300896fca284277bfc2e79,EVMI2CD,2023/3/6 0:00,316011
d7c9ab1eeb7f99e7bd0f6c79cce0f4f1,2e52134307379f864dabb413f5606ae1,ddafb5a87f20ea6fdf5c12833592c61c,9432e0dfbcc51c67af941987da19fe7f,f2d73841e2300896fca284277bfc2e79,EVMI2CD,2023/3/7 0:00,241371
d7c9ab1eeb7f99e7bd0f6c79cce0f4f1,2e52134307379f864dabb413f5606ae1,ddafb5a87f20ea6fdf5c12833592c61c,9432e0dfbcc51c67af941987da19fe7f,f2d73841e2300896fca284277bfc2e79,EVMI2CD,2023/3/8 0:00,181131
d7c9ab1eeb7f99e7bd0f6c79cce0f4f1,2e52134307379f864dabb413f5606ae1,ddafb5a87f20ea6fdf5c12833592c61c,9432e0dfbcc51c67af941987da19fe7f,f2d73841e2300896fca284277bfc2e79,EVMI2CD,2023/3/9 0:00,284091
d7c9ab1eeb7f99e7bd0f6c79cce0f4f1,2e52134307379f864dabb413f5606ae1,ddafb5a87f20ea6fdf5c12833592c61c,9432e0dfbcc51c67af941987da19fe7f,f2d73841e2300896fca284277bfc2e79,EVMI2CD,2023/3/10 0:00,412251
d7c9ab1eeb7f99e7bd0f6c79cce0f4f1,2e52134307379f864dabb413f5606ae1,ddafb5a87f20ea6fdf5c12833592c61c,9432e0dfbcc51c67af941987da19fe7f,f2d73841e2300896fca284277bfc2e79,EVMI2CD,2023/3/11 0:00,346491
d7c9ab1eeb7f99e7bd0f6c79cce0f4f1,2e52134307379f864dabb413f5606ae1,ddafb5a87f20ea6fdf5c12833592c61c,9432e0dfbcc51c67af941987da19fe7f,f2d73841e2300896fca284277bfc2e79,EVMI2CD,2023/3/12 0:00,330411
d7c9ab1eeb7f99e7bd0f6c79cce0f4f1,2e52134307379f864dabb413f5606ae1,ddafb5a87f20ea6fdf5c12833592c61c,9432e0dfbcc51c67af941987da19fe7f,f2d73841e2300896fca284277bfc2e79,EVMI2CD,2023/3/13 0:00,330411
d7c9ab1eeb7f99e7bd0f6c79cce0f4f1,2e52134307379f864dabb413f5606ae1,ddafb5a87f20ea6fdf5c12833592c61c,9432e0dfbcc51c67af941987da19fe7f,f2d73841e2300896fca284277bfc2e79,EVMI2CD,2023/3/14 0:00,463611
d7c9ab1eeb7f99e7bd0f6c79cce0f4f1,2e52134307379f864dabb413f5606ae1,ddafb5a87f20ea6fdf5c12833592c61c,9432e0dfbcc51c67af941987da19fe7f,f2d73841e2300896fca284277bfc2e79,EVMI2CD,2023/3/15 0:00,417291
d7c9ab1eeb7f99e7bd0f6c79cce0f4f1,2e52134307379f864dabb413f5606ae1,ddafb5a87f20ea6fdf5c12833592c61c,9432e0dfbcc51c67af941987da19fe7f,f2d73841e2300896fca284277bfc2e79,EVMI2CD,2023/3/16 0:00,373851
d7c9ab1eeb7f99e7bd0f6c79cce0f4f1,2e52134307379f864dabb413f5606ae1,ddafb5a87f20ea6fdf5c12833592c61c,9432e0dfbcc51c67af941987da19fe7f,f2d73841e2300896fca284277bfc2e79,EVMI2CD,2023/3/17 0:00,312891
d7c9ab1eeb7f99e7bd0f6c79cce0f4f1,2e52134307379f864dabb413f5606ae1,ddafb5a87f20ea6fdf5c12833592c61c,9432e0dfbcc51c67af941987da19fe7f,f2d73841e2300896fca284277bfc2e79,EVMI2CD,2023/3/18 0:00,406011
d7c9ab1eeb7f99e7bd0f6c79cce0f4f1,2e52134307379f864dabb413f5606ae1,ddafb5a87f20ea6fdf5c12833592c61c,9432e0dfbcc51c67af941987da19fe7f,f2d73841e2300896fca284277bfc2e79,EVMI2CD,2023/3/19 0:00,406011
d7c9ab1eeb7f99e7bd0f6c79cce0f4f1,2e52134307379f864dabb413f5606ae1,ddafb5a87f20ea6fdf5c12833592c61c,9432e0dfbcc51c67af941987da19fe7f,f2d73841e2300896fca284277bfc2e79,EVMI2CD,2023/3/20 0:00,406011
d7c9ab1eeb7f99e7bd0f6c79cce0f4f1,2e52134307379f864dabb413f5606ae1,ddafb5a87f20ea6fdf5c12833592c61c,9432e0dfbcc51c67af941987da19fe7f,f2d73841e2300896fca284277bfc2e79,EVMI2CD,2023/3/21 0:00,351291
d7c9ab1eeb7f99e7bd0f6c79cce0f4f1,2e52134307379f864dabb413f5606ae1,ddafb5a87f20ea6fdf5c12833592c61c,9432e0dfbcc51c67af941987da19fe7f,f2d73841e2300896fca284277bfc2e79,EVMI2CD,2023/3/22 0:00,297291
d7c9ab1eeb7f99e7bd0f6c79cce0f4f1,2e52134307379f864dabb413f5606ae1,ddafb5a87f20ea6fdf5c12833592c61c,9432e0dfbcc51c67af941987da19fe7f,f2d73841e2300896fca284277bfc2e79,EVMI2CD,2023/3/23 0:00,423051
d7c9ab1eeb7f99e7bd0f6c79cce0f4f1,2e52134307379f864dabb413f5606ae1,ddafb5a87f20ea6fdf5c12833592c61c,9432e0dfbcc51c67af941987da19fe7f,f2d73841e2300896fca284277bfc2e79,EVMI2CD,2023/3/24 0:00,374331
d7c9ab1eeb7f99e7bd0f6c79cce0f4f1,2e52134307379f864dabb413f5606ae1,ddafb5a87f20ea6fdf5c12833592c61c,9432e0dfbcc51c67af941987da19fe7f,f2d73841e2300896fca284277bfc2e79,EVMI2CD,2023/3/25 0:00,320571
d7c9ab1eeb7f99e7bd0f6c79cce0f4f1,2e52134307379f864dabb413f5606ae1,ddafb5a87f20ea6fdf5c12833592c61c,9432e0dfbcc51c67af941987da19fe7f,f2d73841e2300896fca284277bfc2e79,EVMI2CD,2023/3/26 0:00,493371
d7c9ab1eeb7f99e7bd0f6c79cce0f4f1,2e52134307379f864dabb413f5606ae1,ddafb5a87f20ea6fdf5c12833592c61c,9432e0dfbcc51c67af941987da19fe7f,f2d73841e2300896fca284277bfc2e79,EVMI2CD,2023/3/27 0:00,493371
d7c9ab1eeb7f99e7bd0f6c79cce0f4f1,2e52134307379f864dabb413f5606ae1,ddafb5a87f20ea6fdf5c12833592c61c,9432e0dfbcc51c67af941987da19fe7f,f2d73841e2300896fca284277bfc2e79,EVMI2CD,2023/3/28 0:00,465771
d7c9ab1eeb7f99e7bd0f6c79cce0f4f1,2e52134307379f864dabb413f5606ae1,ddafb5a87f20ea6fdf5c12833592c61c,9432e0dfbcc51c67af941987da19fe7f,f2d73841e2300896fca284277bfc2e79,EVMI2CD,2023/3/29 0:00,421131
d7c9ab1eeb7f99e7bd0f6c79cce0f4f1,2e52134307379f864dabb413f5606ae1,ddafb5a87f20ea6fdf5c12833592c61c,9432e0dfbcc51c67af941987da19fe7f,f2d73841e2300896fca284277bfc2e79,EVMI2CD,2023/3/30 0:00,574015
d7c9ab1eeb7f99e7bd0f6c79cce0f4f1,2e52134307379f864dabb413f5606ae1,ddafb5a87f20ea6fdf5c12833592c61c,9432e0dfbcc51c67af941987da19fe7f,f2d73841e2300896fca284277bfc2e79,EVMI2CD,2023/3/31 0:00,535860
d7c9ab1eeb7f99e7bd0f6c79cce0f4f1,2e52134307379f864dabb413f5606ae1,ddafb5a87f20ea6fdf5c12833592c61c,9432e0dfbcc51c67af941987da19fe7f,f2d73841e2300896fca284277bfc2e79,EVMI2CD,2023/4/1 0:00,519540
d7c9ab1eeb7f99e7bd0f6c79cce0f4f1,2e52134307379f864dabb413f5606ae1,ddafb5a87f20ea6fdf5c12833592c61c,9432e0dfbcc51c67af941987da19fe7f,f2d73841e2300896fca284277bfc2e79,EVMI2CD,2023/4/2 0:00,519540
d7c9ab1eeb7f99e7bd0f6c79cce0f4f1,2e52134307379f864dabb413f5606ae1,ddafb5a87f20ea6fdf5c12833592c61c,9432e0dfbcc51c67af941987da19fe7f,f2d73841e2300896fca284277bfc2e79,EVMI2CD,2023/4/3 0:00,487860
d7c9ab1eeb7f99e7bd0f6c79cce0f4f1,2e52134307379f864dabb413f5606ae1,ddafb5a87f20ea6fdf5c12833592c61c,9432e0dfbcc51c67af941987da19fe7f,f2d73841e2300896fca284277bfc2e79,EVMI2CD,2023/4/4 0:00,445380
d7c9ab1eeb7f99e7bd0f6c79cce0f4f1,2e52134307379f864dabb413f5606ae1,ddafb5a87f20ea6fdf5c12833592c61c,9432e0dfbcc51c67af941987da19fe7f,f2d73841e2300896fca284277bfc2e79,EVMI2CD,2023/4/5 0:00,422820
d7c9ab1eeb7f99e7bd0f6c79cce0f4f1,2e52134307379f864dabb413f5606ae1,ddafb5a87f20ea6fdf5c12833592c61c,9432e0dfbcc51c67af941987da19fe7f,f2d73841e2300896fca284277bfc2e79,EVMI2CD,2023/4/6 0:00,422820
d7c9ab1eeb7f99e7bd0f6c79cce0f4f1,2e52134307379f864dabb413f5606ae1,ddafb5a87f20ea6fdf5c12833592c61c,9432e0dfbcc51c67af941987da19fe7f,f2d73841e2300896fca284277bfc2e79,EVMI2CD,2023/4/7 0:00,375300
d7c9ab1eeb7f99e7bd0f6c79cce0f4f1,2e52134307379f864dabb413f5606ae1,ddafb5a87f20ea6fdf5c12833592c61c,9432e0dfbcc51c67af941987da19fe7f,f2d73841e2300896fca284277bfc2e79,EVMI2CD,2023/4/8 0:00,275940
d7c9ab1eeb7f99e7bd0f6c79cce0f4f1,2e52134307379f864dabb413f5606ae1,ddafb5a87f20ea6fdf5c12833592c61c,9432e0dfbcc51c67af941987da19fe7f,f2d73841e2300896fca284277bfc2e79,EVMI2CD,2023/4/9 0:00,266100
d7c9ab1eeb7f99e7bd0f6c79cce0f4f1,2e52134307379f864dabb413f5606ae1,ddafb5a87f20ea6fdf5c12833592c61c,9432e0dfbcc51c67af941987da19fe7f,f2d73841e2300896fca284277bfc2e79,EVMI2CD,2023/4/10 0:00,266100
d7c9ab1eeb7f99e7bd0f6c79cce0f4f1,2e52134307379f864dabb413f5606ae1,ddafb5a87f20ea6fdf5c12833592c61c,9432e0dfbcc51c67af941987da19fe7f,f2d73841e2300896fca284277bfc2e79,EVMI2CD,2023/4/11 0:00,247140
d7c9ab1eeb7f99e7bd0f6c79cce0f4f1,2e52134307379f864dabb413f5606ae1,ddafb5a87f20ea6fdf5c12833592c61c,9432e0dfbcc51c67af941987da19fe7f,f2d73841e2300896fca284277bfc2e79,EVMI2CD,2023/4/12 0:00,207060
d7c9ab1eeb7f99e7bd0f6c79cce0f4f1,2e52134307379f864dabb413f5606ae1,ddafb5a87f20ea6fdf5c12833592c61c,9432e0dfbcc51c67af941987da19fe7f,f2d73841e2300896fca284277bfc2e79,EVMI2CD,2023/4/13 0:00,171540
d7c9ab1eeb7f99e7bd0f6c79cce0f4f1,2e52134307379f864dabb413f5606ae1,ddafb5a87f20ea6fdf5c12833592c61c,9432e0dfbcc51c67af941987da19fe7f,f2d73841e2300896fca284277bfc2e79,EVMI2CD,2023/4/14 0:00,355140
d7c9ab1eeb7f99e7bd0f6c79cce0f4f1,2e52134307379f864dabb413f5606ae1,ddafb5a87f20ea6fdf5c12833592c61c,9432e0dfbcc51c67af941987da19fe7f,f2d73841e2300896fca284277bfc2e79,EVMI2CD,2023/4/15 0:00,275700
d7c9ab1eeb7f99e7bd0f6c79cce0f4f1,2e52134307379f864dabb413f5606ae1,ddafb5a87f20ea6fdf5c12833592c61c,9432e0dfbcc51c67af941987da19fe7f,f2d73841e2300896fca284277bfc2e79,EVMI2CD,2023/4/16 0:00,275700
d7c9ab1eeb7f99e7bd0f6c79cce0f4f1,2e52134307379f864dabb413f5606ae1,ddafb5a87f20ea6fdf5c12833592c61c,9432e0dfbcc51c67af941987da19fe7f,f2d73841e2300896fca284277bfc2e79,EVMI2CD,2023/4/17 0:00,275700
d7c9ab1eeb7f99e7bd0f6c79cce0f4f1,2e52134307379f864dabb413f5606ae1,ddafb5a87f20ea6fdf5c12833592c61c,9432e0dfbcc51c67af941987da19fe7f,f2d73841e2300896fca284277bfc2e79,EVMI2CD,2023/4/18 0:00,395220
d7c9ab1eeb7f99e7bd0f6c79cce0f4f1,2e52134307379f864dabb413f5606ae1,ddafb5a87f20ea6fdf5c12833592c61c,9432e0dfbcc51c67af941987da19fe7f,f2d73841e2300896fca284277bfc2e79,EVMI2CD,2023/4/19 0:00,378180
d7c9ab1eeb7f99e7bd0f6c79cce0f4f1,2e52134307379f864dabb413f5606ae1,ddafb5a87f20ea6fdf5c12833592c61c,9432e0dfbcc51c67af941987da19fe7f,f2d73841e2300896fca284277bfc2e79,EVMI2CD,2023/4/20 0:00,417300
d7c9ab1eeb7f99e7bd0f6c79cce0f4f1,2e52134307379f864dabb413f5606ae1,ddafb5a87f20ea6fdf5c12833592c61c,9432e0dfbcc51c67af941987da19fe7f,f2d73841e2300896fca284277bfc2e79,EVMI2CD,2023/4/21 0:00,342180
d7c9ab1eeb7f99e7bd0f6c79cce0f4f1,2e52134307379f864dabb413f5606ae1,ddafb5a87f20ea6fdf5c12833592c61c,9432e0dfbcc51c67af941987da19fe7f,f2d73841e2300896fca284277bfc2e79,EVMI2CD,2023/4/22 0:00,315540
d7c9ab1eeb7f99e7bd0f6c79cce0f4f1,2e52134307379f864dabb413f5606ae1,ddafb5a87f20ea6fdf5c12833592c61c,9432e0dfbcc51c67af941987da19fe7f,f2d73841e2300896fca284277bfc2e79,EVMI2CD,2023/4/23 0:00,312420
d7c9ab1eeb7f99e7bd0f6c79cce0f4f1,2e52134307379f864dabb413f5606ae1,ddafb5a87f20ea6fdf5c12833592c61c,9432e0dfbcc51c67af941987da19fe7f,f2d73841e2300896fca284277bfc2e79,EVMI2CD,2023/4/24 0:00,499620
d7c9ab1eeb7f99e7bd0f6c79cce0f4f1,2e52134307379f864dabb413f5606ae1,ddafb5a87f20ea6fdf5c12833592c61c,9432e0dfbcc51c67af941987da19fe7f,f2d73841e2300896fca284277bfc2e79,EVMI2CD,2023/4/25 0:00,468420
d7c9ab1eeb7f99e7bd0f6c79cce0f4f1,2e52134307379f864dabb413f5606ae1,ddafb5a87f20ea6fdf5c12833592c61c,9432e0dfbcc51c67af941987da19fe7f,f2d73841e2300896fca284277bfc2e79,EVMI2CD,2023/4/26 0:00,469620
d7c9ab1eeb7f99e7bd0f6c79cce0f4f1,2e52134307379f864dabb413f5606ae1,ddafb5a87f20ea6fdf5c12833592c61c,9432e0dfbcc51c67af941987da19fe7f,f2d73841e2300896fca284277bfc2e79,EVMI2CD,2023/4/27 0:00,576180
d7c9ab1eeb7f99e7bd0f6c79cce0f4f1,2e52134307379f864dabb413f5606ae1,ddafb5a87f20ea6fdf5c12833592c61c,9432e0dfbcc51c67af941987da19fe7f,f2d73841e2300896fca284277bfc2e79,EVMI2CD,2023/4/28 0:00,522180
d7c9ab1eeb7f99e7bd0f6c79cce0f4f1,2e52134307379f864dabb413f5606ae1,ddafb5a87f20ea6fdf5c12833592c61c,9432e0dfbcc51c67af941987da19fe7f,f2d73841e2300896fca284277bfc2e79,EVMI2CD,2023/4/29 0:00,693060
d7c9ab1eeb7f99e7bd0f6c79cce0f4f1,2e52134307379f864dabb413f5606ae1,ddafb5a87f20ea6fdf5c12833592c61c,9432e0dfbcc51c67af941987da19fe7f,f2d73841e2300896fca284277bfc2e79,EVMI2CD,2023/4/30 0:00,744900
d7c9ab1eeb7f99e7bd0f6c79cce0f4f1,2e52134307379f864dabb413f5606ae1,ddafb5a87f20ea6fdf5c12833592c61c,9432e0dfbcc51c67af941987da19fe7f,f2d73841e2300896fca284277bfc2e79,EVMI2CD,2023/5/1 0:00,744900
d7c9ab1eeb7f99e7bd0f6c79cce0f4f1,2e52134307379f864dabb413f5606ae1,ddafb5a87f20ea6fdf5c12833592c61c,9432e0dfbcc51c67af941987da19fe7f,f2d73841e2300896fca284277bfc2e79,EVMI2CD,2023/5/2 0:00,744900
d7c9ab1eeb7f99e7bd0f6c79cce0f4f1,2e52134307379f864dabb413f5606ae1,ddafb5a87f20ea6fdf5c12833592c61c,9432e0dfbcc51c67af941987da19fe7f,f2d73841e2300896fca284277bfc2e79,EVMI2CD,2023/5/3 0:00,723300
d7c9ab1eeb7f99e7bd0f6c79cce0f4f1,2e52134307379f864dabb413f5606ae1,ddafb5a87f20ea6fdf5c12833592c61c,9432e0dfbcc51c67af941987da19fe7f,f2d73841e2300896fca284277bfc2e79,EVMI2CD,2023/5/4 0:00,850500
d7c9ab1eeb7f99e7bd0f6c79cce0f4f1,2e52134307379f864dabb413f5606ae1,ddafb5a87f20ea6fdf5c12833592c61c,9432e0dfbcc51c67af941987da19fe7f,f2d73841e2300896fca284277bfc2e79,EVMI2CD,2023/5/5 0:00,1037460
d7c9ab1eeb7f99e7bd0f6c79cce0f4f1,2e52134307379f864dabb413f5606ae1,ddafb5a87f20ea6fdf5c12833592c61c,9432e0dfbcc51c67af941987da19fe7f,f2d73841e2300896fca284277bfc2e79,EVMI2CD,2023/5/6 0:00,1027620
d7c9ab1eeb7f99e7bd0f6c79cce0f4f1,2e52134307379f864dabb413f5606ae1,ddafb5a87f20ea6fdf5c12833592c61c,9432e0dfbcc51c67af941987da19fe7f,f2d73841e2300896fca284277bfc2e79,EVMI2CD,2023/5/7 0:00,1373220
d7c9ab1eeb7f99e7bd0f6c79cce0f4f1,2e52134307379f864dabb413f5606ae1,ddafb5a87f20ea6fdf5c12833592c61c,9432e0dfbcc51c67af941987da19fe7f,f2d73841e2300896fca284277bfc2e79,EVMI2CD,2023/5/8 0:00,1319940
d7c9ab1eeb7f99e7bd0f6c79cce0f4f1,2e52134307379f864dabb413f5606ae1,ddafb5a87f20ea6fdf5c12833592c61c,9432e0dfbcc51c67af941987da19fe7f,f2d73841e2300896fca284277bfc2e79,EVMI2CD,2023/5/9 0:00,1319220
d7c9ab1eeb7f99e7bd0f6c79cce0f4f1,2e52134307379f864dabb413f5606ae1,ddafb5a87f20ea6fdf5c12833592c61c,9432e0dfbcc51c67af941987da19fe7f,f2d73841e2300896fca284277bfc2e79,EVMI2CD,2023/5/10 0:00,1438507
d7c9ab1eeb7f99e7bd0f6c79cce0f4f1,2e52134307379f864dabb413f5606ae1,ddafb5a87f20ea6fdf5c12833592c61c,9432e0dfbcc51c67af941987da19fe7f,f2d73841e2300896fca284277bfc2e79,EVMI2CD,2023/5/11 0:00,1408987
d7c9ab1eeb7f99e7bd0f6c79cce0f4f1,2e52134307379f864dabb413f5606ae1,ddafb5a87f20ea6fdf5c12833592c61c,9432e0dfbcc51c67af941987da19fe7f,f2d73841e2300896fca284277bfc2e79,EVMI2CD,2023/5/12 0:00,1343227
d7c9ab1eeb7f99e7bd0f6c79cce0f4f1,2e52134307379f864dabb413f5606ae1,ddafb5a87f20ea6fdf5c12833592c61c,9432e0dfbcc51c67af941987da19fe7f,f2d73841e2300896fca284277bfc2e79,EVMI2CD,2023/5/13 0:00,1343227
d7c9ab1eeb7f99e7bd0f6c79cce0f4f1,2e52134307379f864dabb413f5606ae1,ddafb5a87f20ea6fdf5c12833592c61c,9432e0dfbcc51c67af941987da19fe7f,f2d73841e2300896fca284277bfc2e79,EVMI2CD,2023/5/14 0:00,1291147
d7c9ab1eeb7f99e7bd0f6c79cce0f4f1,2e52134307379f864dabb413f5606ae1,ddafb5a87f20ea6fdf5c12833592c61c,9432e0dfbcc51c67af941987da19fe7f,f2d73841e2300896fca284277bfc2e79,EVMI2CD,2023/5/15 0:00,1291147
d7c9ab1eeb7f99e7bd0f6c79cce0f4f1,2e52134307379f864dabb413f5606ae1,ddafb5a87f20ea6fdf5c12833592c61c,9432e0dfbcc51c67af941987da19fe7f,f2d73841e2300896fca284277bfc2e79,EVMI2CD,2023/5/16 0:00,1291147
d7c9ab1eeb7f99e7bd0f6c79cce0f4f1,2e52134307379f864dabb413f5606ae1,ddafb5a87f20ea6fdf5c12833592c61c,9432e0dfbcc51c67af941987da19fe7f,f2d73841e2300896fca284277bfc2e79,EVMI2CD,2023/5/17 0:00,1242907
d7c9ab1eeb7f99e7bd0f6c79cce0f4f1,2e52134307379f864dabb413f5606ae1,ddafb5a87f20ea6fdf5c12833592c61c,9432e0dfbcc51c67af941987da19fe7f,f2d73841e2300896fca284277bfc2e79,EVMI2CD,2023/5/18 0:00,1230907
d7c9ab1eeb7f99e7bd0f6c79cce0f4f1,2e52134307379f864dabb413f5606ae1,ddafb5a87f20ea6fdf5c12833592c61c,9432e0dfbcc51c67af941987da19fe7f,f2d73841e2300896fca284277bfc2e79,EVMI2CD,2023/5/19 0:00,1175467
d7c9ab1eeb7f99e7bd0f6c79cce0f4f1,2e52134307379f864dabb413f5606ae1,ddafb5a87f20ea6fdf5c12833592c61c,9432e0dfbcc51c67af941987da19fe7f,f2d73841e2300896fca284277bfc2e79,EVMI2CD,2023/5/20 0:00,1168507
d7c9ab1eeb7f99e7bd0f6c79cce0f4f1,2e52134307379f864dabb413f5606ae1,ddafb5a87f20ea6fdf5c12833592c61c,9432e0dfbcc51c67af941987da19fe7f,f2d73841e2300896fca284277bfc2e79,EVMI2CD,2023/5/21 0:00,1131787
d7c9ab1eeb7f99e7bd0f6c79cce0f4f1,2e52134307379f864dabb413f5606ae1,ddafb5a87f20ea6fdf5c12833592c61c,9432e0dfbcc51c67af941987da19fe7f,f2d73841e2300896fca284277bfc2e79,EVMI2CD,2023/5/22 0:00,1131787
d7c9ab1eeb7f99e7bd0f6c79cce0f4f1,2e52134307379f864dabb413f5606ae1,ddafb5a87f20ea6fdf5c12833592c61c,9432e0dfbcc51c67af941987da19fe7f,f2d73841e2300896fca284277bfc2e79,EVMI2CD,2023/5/23 0:00,1120027
d7c9ab1eeb7f99e7bd0f6c79cce0f4f1,2e52134307379f864dabb413f5606ae1,ddafb5a87f20ea6fdf5c12833592c61c,9432e0dfbcc51c67af941987da19fe7f,f2d73841e2300896fca284277bfc2e79,EVMI2CD,2023/5/24 0:00,1075627
d7c9ab1eeb7f99e7bd0f6c79cce0f4f1,2e52134307379f864dabb413f5606ae1,ddafb5a87f20ea6fdf5c12833592c61c,9432e0dfbcc51c67af941987da19fe7f,f2d73841e2300896fca284277bfc2e79,EVMI2CD,2023/5/25 0:00,1041307
d7c9ab1eeb7f99e7bd0f6c79cce0f4f1,2e52134307379f864dabb413f5606ae1,ddafb5a87f20ea6fdf5c12833592c61c,9432e0dfbcc51c67af941987da19fe7f,f2d73841e2300896fca284277bfc2e79,EVMI2CD,2023/5/26 0:00,982267
d7c9ab1eeb7f99e7bd0f6c79cce0f4f1,2e52134307379f864dabb413f5606ae1,ddafb5a87f20ea6fdf5c12833592c61c,9432e0dfbcc51c67af941987da19fe7f,f2d73841e2300896fca284277bfc2e79,EVMI2CD,2023/5/27 0:00,976027
d7c9ab1eeb7f99e7bd0f6c79cce0f4f1,2e52134307379f864dabb413f5606ae1,ddafb5a87f20ea6fdf5c12833592c61c,9432e0dfbcc51c67af941987da19fe7f,f2d73841e2300896fca284277bfc2e79,EVMI2CD,2023/5/28 0:00,944827
d7c9ab1eeb7f99e7bd0f6c79cce0f4f1,2e52134307379f864dabb413f5606ae1,ddafb5a87f20ea6fdf5c12833592c61c,9432e0dfbcc51c67af941987da19fe7f,f2d73841e2300896fca284277bfc2e79,EVMI2CD,2023/5/29 0:00,944827
d7c9ab1eeb7f99e7bd0f6c79cce0f4f1,2e52134307379f864dabb413f5606ae1,ddafb5a87f20ea6fdf5c12833592c61c,9432e0dfbcc51c67af941987da19fe7f,f2d73841e2300896fca284277bfc2e79,EVMI2CD,2023/5/30 0:00,924187
d7c9ab1eeb7f99e7bd0f6c79cce0f4f1,2e52134307379f864dabb413f5606ae1,ddafb5a87f20ea6fdf5c12833592c61c,9432e0dfbcc51c67af941987da19fe7f,f2d73841e2300896fca284277bfc2e79,EVMI2CD,2023/5/31 0:00,891547
d7c9ab1eeb7f99e7bd0f6c79cce0f4f1,2e52134307379f864dabb413f5606ae1,ddafb5a87f20ea6fdf5c12833592c61c,9432e0dfbcc51c67af941987da19fe7f,f2d73841e2300896fca284277bfc2e79,EVMI2CD,2023/6/1 0:00,843787
d7c9ab1eeb7f99e7bd0f6c79cce0f4f1,2e52134307379f864dabb413f5606ae1,ddafb5a87f20ea6fdf5c12833592c61c,9432e0dfbcc51c67af941987da19fe7f,f2d73841e2300896fca284277bfc2e79,EVMI2CD,2023/6/2 0:00,825787
d7c9ab1eeb7f99e7bd0f6c79cce0f4f1,2e52134307379f864dabb413f5606ae1,ddafb5a87f20ea6fdf5c12833592c61c,9432e0dfbcc51c67af941987da19fe7f,f2d73841e2300896fca284277bfc2e79,EVMI2CD,2023/6/3 0:00,825067
d7c9ab1eeb7f99e7bd0f6c79cce0f4f1,2e52134307379f864dabb413f5606ae1,ddafb5a87f20ea6fdf5c12833592c61c,9432e0dfbcc51c67af941987da19fe7f,f2d73841e2300896fca284277bfc2e79,EVMI2CD,2023/6/4 0:00,825067
d7c9ab1eeb7f99e7bd0f6c79cce0f4f1,2e52134307379f864dabb413f5606ae1,ddafb5a87f20ea6fdf5c12833592c61c,9432e0dfbcc51c67af941987da19fe7f,f2d73841e2300896fca284277bfc2e79,EVMI2CD,2023/6/5 0:00,779947
d7c9ab1eeb7f99e7bd0f6c79cce0f4f1,2e52134307379f864dabb413f5606ae1,ddafb5a87f20ea6fdf5c12833592c61c,9432e0dfbcc51c67af941987da19fe7f,f2d73841e2300896fca284277bfc2e79,EVMI2CD,2023/6/6 0:00,757867
d7c9ab1eeb7f99e7bd0f6c79cce0f4f1,2e52134307379f864dabb413f5606ae1,ddafb5a87f20ea6fdf5c12833592c61c,9432e0dfbcc51c67af941987da19fe7f,f2d73841e2300896fca284277bfc2e79,EVMI2CD,2023/6/7 0:00,723067
d7c9ab1eeb7f99e7bd0f6c79cce0f4f1,2e52134307379f864dabb413f5606ae1,ddafb5a87f20ea6fdf5c12833592c61c,9432e0dfbcc51c67af941987da19fe7f,f2d73841e2300896fca284277bfc2e79,EVMI2CD,2023/6/8 0:00,666667
d7c9ab1eeb7f99e7bd0f6c79cce0f4f1,2e52134307379f864dabb413f5606ae1,ddafb5a87f20ea6fdf5c12833592c61c,9432e0dfbcc51c67af941987da19fe7f,f2d73841e2300896fca284277bfc2e79,EVMI2CD,2023/6/9 0:00,648907
d7c9ab1eeb7f99e7bd0f6c79cce0f4f1,2e52134307379f864dabb413f5606ae1,ddafb5a87f20ea6fdf5c12833592c61c,9432e0dfbcc51c67af941987da19fe7f,f2d73841e2300896fca284277bfc2e79,EVMI2CD,2023/6/10 0:00,616747
d7c9ab1eeb7f99e7bd0f6c79cce0f4f1,2e52134307379f864dabb413f5606ae1,ddafb5a87f20ea6fdf5c12833592c61c,9432e0dfbcc51c67af941987da19fe7f,f2d73841e2300896fca284277bfc2e79,EVMI2CD,2023/6/11 0:00,612187
d7c9ab1eeb7f99e7bd0f6c79cce0f4f1,2e52134307379f864dabb413f5606ae1,ddafb5a87f20ea6fdf5c12833592c61c,9432e0dfbcc51c67af941987da19fe7f,f2d73841e2300896fca284277bfc2e79,EVMI2CD,2023/6/12 0:00,612187
d7c9ab1eeb7f99e7bd0f6c79cce0f4f1,2e52134307379f864dabb413f5606ae1,ddafb5a87f20ea6fdf5c12833592c61c,9432e0dfbcc51c67af941987da19fe7f,f2d73841e2300896fca284277bfc2e79,EVMI2CD,2023/6/13 0:00,611467
d7c9ab1eeb7f99e7bd0f6c79cce0f4f1,2e52134307379f864dabb413f5606ae1,ddafb5a87f20ea6fdf5c12833592c61c,9432e0dfbcc51c67af941987da19fe7f,f2d73841e2300896fca284277bfc2e79,EVMI2CD,2023/6/14 0:00,581227
d7c9ab1eeb7f99e7bd0f6c79cce0f4f1,2e52134307379f864dabb413f5606ae1,ddafb5a87f20ea6fdf5c12833592c61c,9432e0dfbcc51c67af941987da19fe7f,f2d73841e2300896fca284277bfc2e79,EVMI2CD,2023/6/15 0:00,555547
d7c9ab1eeb7f99e7bd0f6c79cce0f4f1,2e52134307379f864dabb413f5606ae1,ddafb5a87f20ea6fdf5c12833592c61c,9432e0dfbcc51c67af941987da19fe7f,f2d73841e2300896fca284277bfc2e79,EVMI2CD,2023/6/16 0:00,512587
d7c9ab1eeb7f99e7bd0f6c79cce0f4f1,2e52134307379f864dabb413f5606ae1,ddafb5a87f20ea6fdf5c12833592c61c,9432e0dfbcc51c67af941987da19fe7f,f2d73841e2300896fca284277bfc2e79,EVMI2CD,2023/6/17 0:00,487387
d7c9ab1eeb7f99e7bd0f6c79cce0f4f1,2e52134307379f864dabb413f5606ae1,ddafb5a87f20ea6fdf5c12833592c61c,9432e0dfbcc51c67af941987da19fe7f,f2d73841e2300896fca284277bfc2e79,EVMI2CD,2023/6/18 0:00,478507
d7c9ab1eeb7f99e7bd0f6c79cce0f4f1,2e52134307379f864dabb413f5606ae1,ddafb5a87f20ea6fdf5c12833592c61c,9432e0dfbcc51c67af941987da19fe7f,f2d73841e2300896fca284277bfc2e79,EVMI2CD,2023/6/19 0:00,478507
d7c9ab1eeb7f99e7bd0f6c79cce0f4f1,2e52134307379f864dabb413f5606ae1,ddafb5a87f20ea6fdf5c12833592c61c,9432e0dfbcc51c67af941987da19fe7f,f2d73841e2300896fca284277bfc2e79,EVMI2CD,2023/6/20 0:00,470587
d7c9ab1eeb7f99e7bd0f6c79cce0f4f1,2e52134307379f864dabb413f5606ae1,ddafb5a87f20ea6fdf5c12833592c61c,9432e0dfbcc51c67af941987da19fe7f,f2d73841e2300896fca284277bfc2e79,EVMI2CD,2023/6/21 0:00,436267
d7c9ab1eeb7f99e7bd0f6c79cce0f4f1,2e52134307379f864dabb413f5606ae1,ddafb5a87f20ea6fdf5c12833592c61c,9432e0dfbcc51c67af941987da19fe7f,f2d73841e2300896fca284277bfc2e79,EVMI2CD,2023/6/22 0:00,435067
d7c9ab1eeb7f99e7bd0f6c79cce0f4f1,2e52134307379f864dabb413f5606ae1,ddafb5a87f20ea6fdf5c12833592c61c,9432e0dfbcc51c67af941987da19fe7f,f2d73841e2300896fca284277bfc2e79,EVMI2CD,2023/6/23 0:00,435067
d7c9ab1eeb7f99e7bd0f6c79cce0f4f1,2e52134307379f864dabb413f5606ae1,ddafb5a87f20ea6fdf5c12833592c61c,9432e0dfbcc51c67af941987da19fe7f,f2d73841e2300896fca284277bfc2e79,EVMI2CD,2023/6/24 0:00,406987
d7c9ab1eeb7f99e7bd0f6c79cce0f4f1,2e52134307379f864dabb413f5606ae1,ddafb5a87f20ea6fdf5c12833592c61c,9432e0dfbcc51c67af941987da19fe7f,f2d73841e2300896fca284277bfc2e79,EVMI2CD,2023/6/25 0:00,406987
d7c9ab1eeb7f99e7bd0f6c79cce0f4f1,2e52134307379f864dabb413f5606ae1,ddafb5a87f20ea6fdf5c12833592c61c,9432e0dfbcc51c67af941987da19fe7f,f2d73841e2300896fca284277bfc2e79,EVMI2CD,2023/6/26 0:00,406987
d7c9ab1eeb7f99e7bd0f6c79cce0f4f1,2e52134307379f864dabb413f5606ae1,ddafb5a87f20ea6fdf5c12833592c61c,9432e0dfbcc51c67af941987da19fe7f,f2d73841e2300896fca284277bfc2e79,EVMI2CD,2023/6/27 0:00,403627
d7c9ab1eeb7f99e7bd0f6c79cce0f4f1,2e52134307379f864dabb413f5606ae1,ddafb5a87f20ea6fdf5c12833592c61c,9432e0dfbcc51c67af941987da19fe7f,f2d73841e2300896fca284277bfc2e79,EVMI2CD,2023/6/28 0:00,395947
d7c9ab1eeb7f99e7bd0f6c79cce0f4f1,2e52134307379f864dabb413f5606ae1,ddafb5a87f20ea6fdf5c12833592c61c,9432e0dfbcc51c67af941987da19fe7f,f2d73841e2300896fca284277bfc2e79,EVMI2CD,2023/6/29 0:00,379387
d7c9ab1eeb7f99e7bd0f6c79cce0f4f1,2e52134307379f864dabb413f5606ae1,ddafb5a87f20ea6fdf5c12833592c61c,9432e0dfbcc51c67af941987da19fe7f,f2d73841e2300896fca284277bfc2e79,EVMI2CD,2023/6/30 0:00,369787
d7c9ab1eeb7f99e7bd0f6c79cce0f4f1,2e52134307379f864dabb413f5606ae1,ddafb5a87f20ea6fdf5c12833592c61c,9432e0dfbcc51c67af941987da19fe7f,f2d73841e2300896fca284277bfc2e79,EVMI2CD,2023/7/1 0:00,347227
d7c9ab1eeb7f99e7bd0f6c79cce0f4f1,2e52134307379f864dabb413f5606ae1,ddafb5a87f20ea6fdf5c12833592c61c,9432e0dfbcc51c67af941987da19fe7f,f2d73841e2300896fca284277bfc2e79,EVMI2CD,2023/7/2 0:00,334027
d7c9ab1eeb7f99e7bd0f6c79cce0f4f1,2e52134307379f864dabb413f5606ae1,ddafb5a87f20ea6fdf5c12833592c61c,9432e0dfbcc51c67af941987da19fe7f,f2d73841e2300896fca284277bfc2e79,EVMI2CD,2023/7/3 0:00,303307
d7c9ab1eeb7f99e7bd0f6c79cce0f4f1,2e52134307379f864dabb413f5606ae1,ddafb5a87f20ea6fdf5c12833592c61c,9432e0dfbcc51c67af941987da19fe7f,f2d73841e2300896fca284277bfc2e79,EVMI2CD,2023/7/4 0:00,293467
d7c9ab1eeb7f99e7bd0f6c79cce0f4f1,2e52134307379f864dabb413f5606ae1,ddafb5a87f20ea6fdf5c12833592c61c,9432e0dfbcc51c67af941987da19fe7f,f2d73841e2300896fca284277bfc2e79,EVMI2CD,2023/7/5 0:00,365227
d7c9ab1eeb7f99e7bd0f6c79cce0f4f1,2e52134307379f864dabb413f5606ae1,ddafb5a87f20ea6fdf5c12833592c61c,9432e0dfbcc51c67af941987da19fe7f,f2d73841e2300896fca284277bfc2e79,EVMI2CD,2023/7/6 0:00,315067
d7c9ab1eeb7f99e7bd0f6c79cce0f4f1,2e52134307379f864dabb413f5606ae1,ddafb5a87f20ea6fdf5c12833592c61c,9432e0dfbcc51c67af941987da19fe7f,f2d73841e2300896fca284277bfc2e79,EVMI2CD,2023/7/7 0:00,283147
d7c9ab1eeb7f99e7bd0f6c79cce0f4f1,2e52134307379f864dabb413f5606ae1,ddafb5a87f20ea6fdf5c12833592c61c,9432e0dfbcc51c67af941987da19fe7f,f2d73841e2300896fca284277bfc2e79,EVMI2CD,2023/7/8 0:00,215947
d7c9ab1eeb7f99e7bd0f6c79cce0f4f1,2e52134307379f864dabb413f5606ae1,ddafb5a87f20ea6fdf5c12833592c61c,9432e0dfbcc51c67af941987da19fe7f,f2d73841e2300896fca284277bfc2e79,EVMI2CD,2023/7/9 0:00,215947
d7c9ab1eeb7f99e7bd0f6c79cce0f4f1,2e52134307379f864dabb413f5606ae1,ddafb5a87f20ea6fdf5c12833592c61c,9432e0dfbcc51c67af941987da19fe7f,f2d73841e2300896fca284277bfc2e79,EVMI2CD,2023/7/10 0:00,215947
d7c9ab1eeb7f99e7bd0f6c79cce0f4f1,2e52134307379f864dabb413f5606ae1,ddafb5a87f20ea6fdf5c12833592c61c,9432e0dfbcc51c67af941987da19fe7f,f2d73841e2300896fca284277bfc2e79,EVMI2CD,2023/7/11 0:00,215947
d7c9ab1eeb7f99e7bd0f6c79cce0f4f1,2e52134307379f864dabb413f5606ae1,ddafb5a87f20ea6fdf5c12833592c61c,9432e0dfbcc51c67af941987da19fe7f,f2d73841e2300896fca284277bfc2e79,EVMI2CD,2023/7/12 0:00,197467
d7c9ab1eeb7f99e7bd0f6c79cce0f4f1,2e52134307379f864dabb413f5606ae1,ddafb5a87f20ea6fdf5c12833592c61c,9432e0dfbcc51c67af941987da19fe7f,f2d73841e2300896fca284277bfc2e79,EVMI2CD,2023/7/13 0:00,162907
d7c9ab1eeb7f99e7bd0f6c79cce0f4f1,2e52134307379f864dabb413f5606ae1,ddafb5a87f20ea6fdf5c12833592c61c,9432e0dfbcc51c67af941987da19fe7f,f2d73841e2300896fca284277bfc2e79,EVMI2CD,2023/7/14 0:00,136507
d7c9ab1eeb7f99e7bd0f6c79cce0f4f1,2e52134307379f864dabb413f5606ae1,ddafb5a87f20ea6fdf5c12833592c61c,9432e0dfbcc51c67af941987da19fe7f,f2d73841e2300896fca284277bfc2e79,EVMI2CD,2023/7/15 0:00,135787
d7c9ab1eeb7f99e7bd0f6c79cce0f4f1,2e52134307379f864dabb413f5606ae1,ddafb5a87f20ea6fdf5c12833592c61c,9432e0dfbcc51c67af941987da19fe7f,f2d73841e2300896fca284277bfc2e79,EVMI2CD,2023/7/16 0:00,244027
d7c9ab1eeb7f99e7bd0f6c79cce0f4f1,2e52134307379f864dabb413f5606ae1,ddafb5a87f20ea6fdf5c12833592c61c,9432e0dfbcc51c67af941987da19fe7f,f2d73841e2300896fca284277bfc2e79,EVMI2CD,2023/7/17 0:00,244027
d7c9ab1eeb7f99e7bd0f6c79cce0f4f1,2e52134307379f864dabb413f5606ae1,ddafb5a87f20ea6fdf5c12833592c61c,9432e0dfbcc51c67af941987da19fe7f,f2d73841e2300896fca284277bfc2e79,EVMI2CD,2023/7/18 0:00,225067
d7c9ab1eeb7f99e7bd0f6c79cce0f4f1,2e52134307379f864dabb413f5606ae1,ddafb5a87f20ea6fdf5c12833592c61c,9432e0dfbcc51c67af941987da19fe7f,f2d73841e2300896fca284277bfc2e79,EVMI2CD,2023/7/19 0:00,206827
d7c9ab1eeb7f99e7bd0f6c79cce0f4f1,2e52134307379f864dabb413f5606ae1,ddafb5a87f20ea6fdf5c12833592c61c,9432e0dfbcc51c67af941987da19fe7f,f2d73841e2300896fca284277bfc2e79,EVMI2CD,2023/7/20 0:00,179947
d7c9ab1eeb7f99e7bd0f6c79cce0f4f1,2e52134307379f864dabb413f5606ae1,ddafb5a87f20ea6fdf5c12833592c61c,9432e0dfbcc51c67af941987da19fe7f,f2d73841e2300896fca284277bfc2e79,EVMI2CD,2023/7/21 0:00,160027
d7c9ab1eeb7f99e7bd0f6c79cce0f4f1,2e52134307379f864dabb413f5606ae1,ddafb5a87f20ea6fdf5c12833592c61c,9432e0dfbcc51c67af941987da19fe7f,f2d73841e2300896fca284277bfc2e79,EVMI2CD,2023/7/22 0:00,159307
d7c9ab1eeb7f99e7bd0f6c79cce0f4f1,2e52134307379f864dabb413f5606ae1,ddafb5a87f20ea6fdf5c12833592c61c,9432e0dfbcc51c67af941987da19fe7f,f2d73841e2300896fca284277bfc2e79,EVMI2CD,2023/7/23 0:00,133867
d7c9ab1eeb7f99e7bd0f6c79cce0f4f1,2e52134307379f864dabb413f5606ae1,ddafb5a87f20ea6fdf5c12833592c61c,9432e0dfbcc51c67af941987da19fe7f,f2d73841e2300896fca284277bfc2e79,EVMI2CD,2023/7/24 0:00,133867
d7c9ab1eeb7f99e7bd0f6c79cce0f4f1,2e52134307379f864dabb413f5606ae1,ddafb5a87f20ea6fdf5c12833592c61c,9432e0dfbcc51c67af941987da19fe7f,f2d73841e2300896fca284277bfc2e79,EVMI2CD,2023/7/25 0:00,133627
d7c9ab1eeb7f99e7bd0f6c79cce0f4f1,2e52134307379f864dabb413f5606ae1,ddafb5a87f20ea6fdf5c12833592c61c,9432e0dfbcc51c67af941987da19fe7f,f2d73841e2300896fca284277bfc2e79,EVMI2CD,2023/7/26 0:00,103387
d7c9ab1eeb7f99e7bd0f6c79cce0f4f1,2e52134307379f864dabb413f5606ae1,ddafb5a87f20ea6fdf5c12833592c61c,9432e0dfbcc51c67af941987da19fe7f,f2d73841e2300896fca284277bfc2e79,EVMI2CD,2023/7/27 0:00,160267
d7c9ab1eeb7f99e7bd0f6c79cce0f4f1,2e52134307379f864dabb413f5606ae1,ddafb5a87f20ea6fdf5c12833592c61c,9432e0dfbcc51c67af941987da19fe7f,f2d73841e2300896fca284277bfc2e79,EVMI2CD,2023/7/28 0:00,251707
d7c9ab1eeb7f99e7bd0f6c79cce0f4f1,2e52134307379f864dabb413f5606ae1,ddafb5a87f20ea6fdf5c12833592c61c,9432e0dfbcc51c67af941987da19fe7f,f2d73841e2300896fca284277bfc2e79,EVMI2CD,2023/7/29 0:00,214747
d7c9ab1eeb7f99e7bd0f6c79cce0f4f1,2e52134307379f864dabb413f5606ae1,ddafb5a87f20ea6fdf5c12833592c61c,9432e0dfbcc51c67af941987da19fe7f,f2d73841e2300896fca284277bfc2e79,EVMI2CD,2023/7/30 0:00,214267
d7c9ab1eeb7f99e7bd0f6c79cce0f4f1,2e52134307379f864dabb413f5606ae1,ddafb5a87f20ea6fdf5c12833592c61c,9432e0dfbcc51c67af941987da19fe7f,f2d73841e2300896fca284277bfc2e79,EVMI2CD,2023/7/31 0:00,214267
d7c9ab1eeb7f99e7bd0f6c79cce0f4f1,2e52134307379f864dabb413f5606ae1,ddafb5a87f20ea6fdf5c12833592c61c,9432e0dfbcc51c67af941987da19fe7f,f2d73841e2300896fca284277bfc2e79,EVMI2CD,2023/8/1 0:00,189547
d7c9ab1eeb7f99e7bd0f6c79cce0f4f1,2e52134307379f864dabb413f5606ae1,ddafb5a87f20ea6fdf5c12833592c61c,9432e0dfbcc51c67af941987da19fe7f,f2d73841e2300896fca284277bfc2e79,EVMI2CD,2023/8/2 0:00,286267
d7c9ab1eeb7f99e7bd0f6c79cce0f4f1,2e52134307379f864dabb413f5606ae1,ddafb5a87f20ea6fdf5c12833592c61c,9432e0dfbcc51c67af941987da19fe7f,f2d73841e2300896fca284277bfc2e79,EVMI2CD,2023/8/3 0:00,245947
d7c9ab1eeb7f99e7bd0f6c79cce0f4f1,2e52134307379f864dabb413f5606ae1,ddafb5a87f20ea6fdf5c12833592c61c,9432e0dfbcc51c67af941987da19fe7f,f2d73841e2300896fca284277bfc2e79,EVMI2CD,2023/8/4 0:00,242347
d7c9ab1eeb7f99e7bd0f6c79cce0f4f1,2e52134307379f864dabb413f5606ae1,ddafb5a87f20ea6fdf5c12833592c61c,9432e0dfbcc51c67af941987da19fe7f,f2d73841e2300896fca284277bfc2e79,EVMI2CD,2023/8/5 0:00,233947
d7c9ab1eeb7f99e7bd0f6c79cce0f4f1,2e52134307379f864dabb413f5606ae1,ddafb5a87f20ea6fdf5c12833592c61c,9432e0dfbcc51c67af941987da19fe7f,f2d73841e2300896fca284277bfc2e79,EVMI2CD,2023/8/6 0:00,233947
d7c9ab1eeb7f99e7bd0f6c79cce0f4f1,2e52134307379f864dabb413f5606ae1,ddafb5a87f20ea6fdf5c12833592c61c,9432e0dfbcc51c67af941987da19fe7f,f2d73841e2300896fca284277bfc2e79,EVMI2CD,2023/8/7 0:00,202267
d7c9ab1eeb7f99e7bd0f6c79cce0f4f1,2e52134307379f864dabb413f5606ae1,ddafb5a87f20ea6fdf5c12833592c61c,9432e0dfbcc51c67af941987da19fe7f,f2d73841e2300896fca284277bfc2e79,EVMI2CD,2023/8/8 0:00,192427
d7c9ab1eeb7f99e7bd0f6c79cce0f4f1,2e52134307379f864dabb413f5606ae1,ddafb5a87f20ea6fdf5c12833592c61c,9432e0dfbcc51c67af941987da19fe7f,f2d73841e2300896fca284277bfc2e79,EVMI2CD,2023/8/9 0:00,174667
d7c9ab1eeb7f99e7bd0f6c79cce0f4f1,2e52134307379f864dabb413f5606ae1,ddafb5a87f20ea6fdf5c12833592c61c,9432e0dfbcc51c67af941987da19fe7f,f2d73841e2300896fca284277bfc2e79,EVMI2CD,2023/8/10 0:00,146833
d7c9ab1eeb7f99e7bd0f6c79cce0f4f1,2e52134307379f864dabb413f5606ae1,ddafb5a87f20ea6fdf5c12833592c61c,9432e0dfbcc51c67af941987da19fe7f,f2d73841e2300896fca284277bfc2e79,EVMI2CD,2023/8/11 0:00,132193
d7c9ab1eeb7f99e7bd0f6c79cce0f4f1,2e52134307379f864dabb413f5606ae1,ddafb5a87f20ea6fdf5c12833592c61c,9432e0dfbcc51c67af941987da19fe7f,f2d73841e2300896fca284277bfc2e79,EVMI2CD,2023/8/12 0:00,124033
d7c9ab1eeb7f99e7bd0f6c79cce0f4f1,2e52134307379f864dabb413f5606ae1,ddafb5a87f20ea6fdf5c12833592c61c,9432e0dfbcc51c67af941987da19fe7f,f2d73841e2300896fca284277bfc2e79,EVMI2CD,2023/8/13 0:00,77233
d7c9ab1eeb7f99e7bd0f6c79cce0f4f1,2e52134307379f864dabb413f5606ae1,ddafb5a87f20ea6fdf5c12833592c61c,9432e0dfbcc51c67af941987da19fe7f,f2d73841e2300896fca284277bfc2e79,EVMI2CD,2023/8/14 0:00,77233
d7c9ab1eeb7f99e7bd0f6c79cce0f4f1,2e52134307379f864dabb413f5606ae1,ddafb5a87f20ea6fdf5c12833592c61c,9432e0dfbcc51c67af941987da19fe7f,f2d73841e2300896fca284277bfc2e79,EVMI2CD,2023/8/15 0:00,70513
d7c9ab1eeb7f99e7bd0f6c79cce0f4f1,2e52134307379f864dabb413f5606ae1,ddafb5a87f20ea6fdf5c12833592c61c,9432e0dfbcc51c67af941987da19fe7f,f2d73841e2300896fca284277bfc2e79,EVMI2CD,2023/8/16 0:00,60673
d7c9ab1eeb7f99e7bd0f6c79cce0f4f1,2e52134307379f864dabb413f5606ae1,ddafb5a87f20ea6fdf5c12833592c61c,9432e0dfbcc51c67af941987da19fe7f,f2d73841e2300896fca284277bfc2e79,EVMI2CD,2023/8/17 0:00,31153
d7c9ab1eeb7f99e7bd0f6c79cce0f4f1,2e52134307379f864dabb413f5606ae1,ddafb5a87f20ea6fdf5c12833592c61c,9432e0dfbcc51c67af941987da19fe7f,f2d73841e2300896fca284277bfc2e79,EVMI2CD,2023/8/18 0:00,134597
d7c9ab1eeb7f99e7bd0f6c79cce0f4f1,2e52134307379f864dabb413f5606ae1,ddafb5a87f20ea6fdf5c12833592c61c,9432e0dfbcc51c67af941987da19fe7f,f2d73841e2300896fca284277bfc2e79,EVMI2CD,2023/8/19 0:00,125237
d7c9ab1eeb7f99e7bd0f6c79cce0f4f1,2e52134307379f864dabb413f5606ae1,ddafb5a87f20ea6fdf5c12833592c61c,9432e0dfbcc51c67af941987da19fe7f,f2d73841e2300896fca284277bfc2e79,EVMI2CD,2023/8/20 0:00,111077
d7c9ab1eeb7f99e7bd0f6c79cce0f4f1,2e52134307379f864dabb413f5606ae1,ddafb5a87f20ea6fdf5c12833592c61c,9432e0dfbcc51c67af941987da19fe7f,f2d73841e2300896fca284277bfc2e79,EVMI2CD,2023/8/21 0:00,111077
d7c9ab1eeb7f99e7bd0f6c79cce0f4f1,2e52134307379f864dabb413f5606ae1,ddafb5a87f20ea6fdf5c12833592c61c,9432e0dfbcc51c67af941987da19fe7f,f2d73841e2300896fca284277bfc2e79,EVMI2CD,2023/8/22 0:00,101477
d7c9ab1eeb7f99e7bd0f6c79cce0f4f1,2e52134307379f864dabb413f5606ae1,ddafb5a87f20ea6fdf5c12833592c61c,9432e0dfbcc51c67af941987da19fe7f,f2d73841e2300896fca284277bfc2e79,EVMI2CD,2023/8/23 0:00,76277
d7c9ab1eeb7f99e7bd0f6c79cce0f4f1,2e52134307379f864dabb413f5606ae1,ddafb5a87f20ea6fdf5c12833592c61c,9432e0dfbcc51c67af941987da19fe7f,f2d73841e2300896fca284277bfc2e79,EVMI2CD,2023/8/24 0:00,353957
d7c9ab1eeb7f99e7bd0f6c79cce0f4f1,2e52134307379f864dabb413f5606ae1,ddafb5a87f20ea6fdf5c12833592c61c,9432e0dfbcc51c67af941987da19fe7f,f2d73841e2300896fca284277bfc2e79,EVMI2CD,2023/8/25 0:00,341237
d7c9ab1eeb7f99e7bd0f6c79cce0f4f1,2e52134307379f864dabb413f5606ae1,ddafb5a87f20ea6fdf5c12833592c61c,9432e0dfbcc51c67af941987da19fe7f,f2d73841e2300896fca284277bfc2e79,EVMI2CD,2023/8/26 0:00,333077
d7c9ab1eeb7f99e7bd0f6c79cce0f4f1,2e52134307379f864dabb413f5606ae1,ddafb5a87f20ea6fdf5c12833592c61c,9432e0dfbcc51c67af941987da19fe7f,f2d73841e2300896fca284277bfc2e79,EVMI2CD,2023/8/27 0:00,288677
d7c9ab1eeb7f99e7bd0f6c79cce0f4f1,2e52134307379f864dabb413f5606ae1,ddafb5a87f20ea6fdf5c12833592c61c,9432e0dfbcc51c67af941987da19fe7f,f2d73841e2300896fca284277bfc2e79,EVMI2CD,2023/8/28 0:00,288677
d7c9ab1eeb7f99e7bd0f6c79cce0f4f1,2e52134307379f864dabb413f5606ae1,ddafb5a87f20ea6fdf5c12833592c61c,9432e0dfbcc51c67af941987da19fe7f,f2d73841e2300896fca284277bfc2e79,EVMI2CD,2023/8/29 0:00,265877
d7c9ab1eeb7f99e7bd0f6c79cce0f4f1,2e52134307379f864dabb413f5606ae1,ddafb5a87f20ea6fdf5c12833592c61c,9432e0dfbcc51c67af941987da19fe7f,f2d73841e2300896fca284277bfc2e79,EVMI2CD,2023/8/30 0:00,250997
d7c9ab1eeb7f99e7bd0f6c79cce0f4f1,2e52134307379f864dabb413f5606ae1,ddafb5a87f20ea6fdf5c12833592c61c,9432e0dfbcc51c67af941987da19fe7f,f2d73841e2300896fca284277bfc2e79,EVMI2CD,2023/8/31 0:00,218357
d7c9ab1eeb7f99e7bd0f6c79cce0f4f1,2e52134307379f864dabb413f5606ae1,ddafb5a87f20ea6fdf5c12833592c61c,9432e0dfbcc51c67af941987da19fe7f,f2d73841e2300896fca284277bfc2e79,EVMI2CD,2023/9/1 0:00,175877
