customer_name,customer_part_no,eta,quantity,time_idx
d7c9ab1eeb7f99e7bd0f6c79cce0f4f1,2e52134307379f864dabb413f5606ae1,2020/5/27,5329,0
d7c9ab1eeb7f99e7bd0f6c79cce0f4f1,2e52134307379f864dabb413f5606ae1,2020/5/28,0,1
d7c9ab1eeb7f99e7bd0f6c79cce0f4f1,2e52134307379f864dabb413f5606ae1,2020/5/29,0,2
d7c9ab1eeb7f99e7bd0f6c79cce0f4f1,2e52134307379f864dabb413f5606ae1,2020/5/30,0,3
d7c9ab1eeb7f99e7bd0f6c79cce0f4f1,2e52134307379f864dabb413f5606ae1,2020/5/31,0,4
d7c9ab1eeb7f99e7bd0f6c79cce0f4f1,2e52134307379f864dabb413f5606ae1,2020/6/1,0,5
d7c9ab1eeb7f99e7bd0f6c79cce0f4f1,2e52134307379f864dabb413f5606ae1,2020/6/2,0,6
d7c9ab1eeb7f99e7bd0f6c79cce0f4f1,2e52134307379f864dabb413f5606ae1,2020/6/3,0,7
d7c9ab1eeb7f99e7bd0f6c79cce0f4f1,2e52134307379f864dabb413f5606ae1,2020/6/4,0,8
d7c9ab1eeb7f99e7bd0f6c79cce0f4f1,2e52134307379f864dabb413f5606ae1,2020/6/5,0,9
d7c9ab1eeb7f99e7bd0f6c79cce0f4f1,2e52134307379f864dabb413f5606ae1,2020/6/6,0,10
d7c9ab1eeb7f99e7bd0f6c79cce0f4f1,2e52134307379f864dabb413f5606ae1,2020/6/7,0,11
d7c9ab1eeb7f99e7bd0f6c79cce0f4f1,2e52134307379f864dabb413f5606ae1,2020/6/8,0,12
d7c9ab1eeb7f99e7bd0f6c79cce0f4f1,2e52134307379f864dabb413f5606ae1,2020/6/9,0,13
d7c9ab1eeb7f99e7bd0f6c79cce0f4f1,2e52134307379f864dabb413f5606ae1,2020/6/10,0,14
d7c9ab1eeb7f99e7bd0f6c79cce0f4f1,2e52134307379f864dabb413f5606ae1,2020/6/11,0,15
d7c9ab1eeb7f99e7bd0f6c79cce0f4f1,2e52134307379f864dabb413f5606ae1,2020/6/12,0,16
d7c9ab1eeb7f99e7bd0f6c79cce0f4f1,2e52134307379f864dabb413f5606ae1,2020/6/13,0,17
d7c9ab1eeb7f99e7bd0f6c79cce0f4f1,2e52134307379f864dabb413f5606ae1,2020/6/14,0,18
d7c9ab1eeb7f99e7bd0f6c79cce0f4f1,2e52134307379f864dabb413f5606ae1,2020/6/15,0,19
d7c9ab1eeb7f99e7bd0f6c79cce0f4f1,2e52134307379f864dabb413f5606ae1,2020/6/16,0,20
d7c9ab1eeb7f99e7bd0f6c79cce0f4f1,2e52134307379f864dabb413f5606ae1,2020/6/17,0,21
d7c9ab1eeb7f99e7bd0f6c79cce0f4f1,2e52134307379f864dabb413f5606ae1,2020/6/18,0,22
d7c9ab1eeb7f99e7bd0f6c79cce0f4f1,2e52134307379f864dabb413f5606ae1,2020/6/19,0,23
d7c9ab1eeb7f99e7bd0f6c79cce0f4f1,2e52134307379f864dabb413f5606ae1,2020/6/20,0,24
d7c9ab1eeb7f99e7bd0f6c79cce0f4f1,2e52134307379f864dabb413f5606ae1,2020/6/21,0,25
d7c9ab1eeb7f99e7bd0f6c79cce0f4f1,2e52134307379f864dabb413f5606ae1,2020/6/22,0,26
d7c9ab1eeb7f99e7bd0f6c79cce0f4f1,2e52134307379f864dabb413f5606ae1,2020/6/23,0,27
d7c9ab1eeb7f99e7bd0f6c79cce0f4f1,2e52134307379f864dabb413f5606ae1,2020/6/24,0,28
d7c9ab1eeb7f99e7bd0f6c79cce0f4f1,2e52134307379f864dabb413f5606ae1,2020/6/25,0,29
d7c9ab1eeb7f99e7bd0f6c79cce0f4f1,2e52134307379f864dabb413f5606ae1,2020/6/26,0,30
d7c9ab1eeb7f99e7bd0f6c79cce0f4f1,2e52134307379f864dabb413f5606ae1,2020/6/27,0,31
d7c9ab1eeb7f99e7bd0f6c79cce0f4f1,2e52134307379f864dabb413f5606ae1,2020/6/28,0,32
d7c9ab1eeb7f99e7bd0f6c79cce0f4f1,2e52134307379f864dabb413f5606ae1,2020/6/29,0,33
d7c9ab1eeb7f99e7bd0f6c79cce0f4f1,2e52134307379f864dabb413f5606ae1,2020/6/30,0,34
d7c9ab1eeb7f99e7bd0f6c79cce0f4f1,2e52134307379f864dabb413f5606ae1,2020/7/1,0,35
d7c9ab1eeb7f99e7bd0f6c79cce0f4f1,2e52134307379f864dabb413f5606ae1,2020/7/2,0,36
d7c9ab1eeb7f99e7bd0f6c79cce0f4f1,2e52134307379f864dabb413f5606ae1,2020/7/3,0,37
d7c9ab1eeb7f99e7bd0f6c79cce0f4f1,2e52134307379f864dabb413f5606ae1,2020/7/4,0,38
d7c9ab1eeb7f99e7bd0f6c79cce0f4f1,2e52134307379f864dabb413f5606ae1,2020/7/5,0,39
d7c9ab1eeb7f99e7bd0f6c79cce0f4f1,2e52134307379f864dabb413f5606ae1,2020/7/6,0,40
d7c9ab1eeb7f99e7bd0f6c79cce0f4f1,2e52134307379f864dabb413f5606ae1,2020/7/7,0,41
d7c9ab1eeb7f99e7bd0f6c79cce0f4f1,2e52134307379f864dabb413f5606ae1,2020/7/8,0,42
d7c9ab1eeb7f99e7bd0f6c79cce0f4f1,2e52134307379f864dabb413f5606ae1,2020/7/9,0,43
d7c9ab1eeb7f99e7bd0f6c79cce0f4f1,2e52134307379f864dabb413f5606ae1,2020/7/10,0,44
d7c9ab1eeb7f99e7bd0f6c79cce0f4f1,2e52134307379f864dabb413f5606ae1,2020/7/11,0,45
d7c9ab1eeb7f99e7bd0f6c79cce0f4f1,2e52134307379f864dabb413f5606ae1,2020/7/12,0,46
d7c9ab1eeb7f99e7bd0f6c79cce0f4f1,2e52134307379f864dabb413f5606ae1,2020/7/13,0,47
d7c9ab1eeb7f99e7bd0f6c79cce0f4f1,2e52134307379f864dabb413f5606ae1,2020/7/14,0,48
d7c9ab1eeb7f99e7bd0f6c79cce0f4f1,2e52134307379f864dabb413f5606ae1,2020/7/15,0,49
d7c9ab1eeb7f99e7bd0f6c79cce0f4f1,2e52134307379f864dabb413f5606ae1,2020/7/16,0,50
d7c9ab1eeb7f99e7bd0f6c79cce0f4f1,2e52134307379f864dabb413f5606ae1,2020/7/17,0,51
d7c9ab1eeb7f99e7bd0f6c79cce0f4f1,2e52134307379f864dabb413f5606ae1,2020/7/18,0,52
d7c9ab1eeb7f99e7bd0f6c79cce0f4f1,2e52134307379f864dabb413f5606ae1,2020/7/19,0,53
d7c9ab1eeb7f99e7bd0f6c79cce0f4f1,2e52134307379f864dabb413f5606ae1,2020/7/20,0,54
d7c9ab1eeb7f99e7bd0f6c79cce0f4f1,2e52134307379f864dabb413f5606ae1,2020/7/21,0,55
d7c9ab1eeb7f99e7bd0f6c79cce0f4f1,2e52134307379f864dabb413f5606ae1,2020/7/22,0,56
d7c9ab1eeb7f99e7bd0f6c79cce0f4f1,2e52134307379f864dabb413f5606ae1,2020/7/23,0,57
d7c9ab1eeb7f99e7bd0f6c79cce0f4f1,2e52134307379f864dabb413f5606ae1,2020/7/24,0,58
d7c9ab1eeb7f99e7bd0f6c79cce0f4f1,2e52134307379f864dabb413f5606ae1,2020/7/25,0,59
d7c9ab1eeb7f99e7bd0f6c79cce0f4f1,2e52134307379f864dabb413f5606ae1,2020/7/26,0,60
d7c9ab1eeb7f99e7bd0f6c79cce0f4f1,2e52134307379f864dabb413f5606ae1,2020/7/27,0,61
d7c9ab1eeb7f99e7bd0f6c79cce0f4f1,2e52134307379f864dabb413f5606ae1,2020/7/28,0,62
d7c9ab1eeb7f99e7bd0f6c79cce0f4f1,2e52134307379f864dabb413f5606ae1,2020/7/29,0,63
d7c9ab1eeb7f99e7bd0f6c79cce0f4f1,2e52134307379f864dabb413f5606ae1,2020/7/30,0,64
d7c9ab1eeb7f99e7bd0f6c79cce0f4f1,2e52134307379f864dabb413f5606ae1,2020/7/31,0,65
d7c9ab1eeb7f99e7bd0f6c79cce0f4f1,2e52134307379f864dabb413f5606ae1,2020/8/1,0,66
d7c9ab1eeb7f99e7bd0f6c79cce0f4f1,2e52134307379f864dabb413f5606ae1,2020/8/2,0,67
d7c9ab1eeb7f99e7bd0f6c79cce0f4f1,2e52134307379f864dabb413f5606ae1,2020/8/3,0,68
d7c9ab1eeb7f99e7bd0f6c79cce0f4f1,2e52134307379f864dabb413f5606ae1,2020/8/4,0,69
d7c9ab1eeb7f99e7bd0f6c79cce0f4f1,2e52134307379f864dabb413f5606ae1,2020/8/5,0,70
d7c9ab1eeb7f99e7bd0f6c79cce0f4f1,2e52134307379f864dabb413f5606ae1,2020/8/6,0,71
d7c9ab1eeb7f99e7bd0f6c79cce0f4f1,2e52134307379f864dabb413f5606ae1,2020/8/7,0,72
d7c9ab1eeb7f99e7bd0f6c79cce0f4f1,2e52134307379f864dabb413f5606ae1,2020/8/8,0,73
d7c9ab1eeb7f99e7bd0f6c79cce0f4f1,2e52134307379f864dabb413f5606ae1,2020/8/9,0,74
d7c9ab1eeb7f99e7bd0f6c79cce0f4f1,2e52134307379f864dabb413f5606ae1,2020/8/10,0,75
d7c9ab1eeb7f99e7bd0f6c79cce0f4f1,2e52134307379f864dabb413f5606ae1,2020/8/11,0,76
d7c9ab1eeb7f99e7bd0f6c79cce0f4f1,2e52134307379f864dabb413f5606ae1,2020/8/12,0,77
d7c9ab1eeb7f99e7bd0f6c79cce0f4f1,2e52134307379f864dabb413f5606ae1,2020/8/13,0,78
d7c9ab1eeb7f99e7bd0f6c79cce0f4f1,2e52134307379f864dabb413f5606ae1,2020/8/14,0,79
d7c9ab1eeb7f99e7bd0f6c79cce0f4f1,2e52134307379f864dabb413f5606ae1,2020/8/15,0,80
d7c9ab1eeb7f99e7bd0f6c79cce0f4f1,2e52134307379f864dabb413f5606ae1,2020/8/16,0,81
d7c9ab1eeb7f99e7bd0f6c79cce0f4f1,2e52134307379f864dabb413f5606ae1,2020/8/17,0,82
d7c9ab1eeb7f99e7bd0f6c79cce0f4f1,2e52134307379f864dabb413f5606ae1,2020/8/18,0,83
d7c9ab1eeb7f99e7bd0f6c79cce0f4f1,2e52134307379f864dabb413f5606ae1,2020/8/19,0,84
d7c9ab1eeb7f99e7bd0f6c79cce0f4f1,2e52134307379f864dabb413f5606ae1,2020/8/20,0,85
d7c9ab1eeb7f99e7bd0f6c79cce0f4f1,2e52134307379f864dabb413f5606ae1,2020/8/21,0,86
d7c9ab1eeb7f99e7bd0f6c79cce0f4f1,2e52134307379f864dabb413f5606ae1,2020/8/22,0,87
d7c9ab1eeb7f99e7bd0f6c79cce0f4f1,2e52134307379f864dabb413f5606ae1,2020/8/23,0,88
d7c9ab1eeb7f99e7bd0f6c79cce0f4f1,2e52134307379f864dabb413f5606ae1,2020/8/24,0,89
d7c9ab1eeb7f99e7bd0f6c79cce0f4f1,2e52134307379f864dabb413f5606ae1,2020/8/25,0,90
d7c9ab1eeb7f99e7bd0f6c79cce0f4f1,2e52134307379f864dabb413f5606ae1,2020/8/26,0,91
d7c9ab1eeb7f99e7bd0f6c79cce0f4f1,2e52134307379f864dabb413f5606ae1,2020/8/27,0,92
d7c9ab1eeb7f99e7bd0f6c79cce0f4f1,2e52134307379f864dabb413f5606ae1,2020/8/28,0,93
d7c9ab1eeb7f99e7bd0f6c79cce0f4f1,2e52134307379f864dabb413f5606ae1,2020/8/29,0,94
d7c9ab1eeb7f99e7bd0f6c79cce0f4f1,2e52134307379f864dabb413f5606ae1,2020/8/30,0,95
d7c9ab1eeb7f99e7bd0f6c79cce0f4f1,2e52134307379f864dabb413f5606ae1,2020/8/31,0,96
d7c9ab1eeb7f99e7bd0f6c79cce0f4f1,2e52134307379f864dabb413f5606ae1,2020/9/1,0,97
d7c9ab1eeb7f99e7bd0f6c79cce0f4f1,2e52134307379f864dabb413f5606ae1,2020/9/2,0,98
d7c9ab1eeb7f99e7bd0f6c79cce0f4f1,2e52134307379f864dabb413f5606ae1,2020/9/3,0,99
d7c9ab1eeb7f99e7bd0f6c79cce0f4f1,2e52134307379f864dabb413f5606ae1,2020/9/4,0,100
d7c9ab1eeb7f99e7bd0f6c79cce0f4f1,2e52134307379f864dabb413f5606ae1,2020/9/5,0,101
d7c9ab1eeb7f99e7bd0f6c79cce0f4f1,2e52134307379f864dabb413f5606ae1,2020/9/6,0,102
d7c9ab1eeb7f99e7bd0f6c79cce0f4f1,2e52134307379f864dabb413f5606ae1,2020/9/7,0,103
d7c9ab1eeb7f99e7bd0f6c79cce0f4f1,2e52134307379f864dabb413f5606ae1,2020/9/8,0,104
d7c9ab1eeb7f99e7bd0f6c79cce0f4f1,2e52134307379f864dabb413f5606ae1,2020/9/9,0,105
d7c9ab1eeb7f99e7bd0f6c79cce0f4f1,2e52134307379f864dabb413f5606ae1,2020/9/10,0,106
d7c9ab1eeb7f99e7bd0f6c79cce0f4f1,2e52134307379f864dabb413f5606ae1,2020/9/11,0,107
d7c9ab1eeb7f99e7bd0f6c79cce0f4f1,2e52134307379f864dabb413f5606ae1,2020/9/12,0,108
d7c9ab1eeb7f99e7bd0f6c79cce0f4f1,2e52134307379f864dabb413f5606ae1,2020/9/13,0,109
d7c9ab1eeb7f99e7bd0f6c79cce0f4f1,2e52134307379f864dabb413f5606ae1,2020/9/14,0,110
d7c9ab1eeb7f99e7bd0f6c79cce0f4f1,2e52134307379f864dabb413f5606ae1,2020/9/15,0,111
d7c9ab1eeb7f99e7bd0f6c79cce0f4f1,2e52134307379f864dabb413f5606ae1,2020/9/16,0,112
d7c9ab1eeb7f99e7bd0f6c79cce0f4f1,2e52134307379f864dabb413f5606ae1,2020/9/17,0,113
d7c9ab1eeb7f99e7bd0f6c79cce0f4f1,2e52134307379f864dabb413f5606ae1,2020/9/18,0,114
d7c9ab1eeb7f99e7bd0f6c79cce0f4f1,2e52134307379f864dabb413f5606ae1,2020/9/19,0,115
d7c9ab1eeb7f99e7bd0f6c79cce0f4f1,2e52134307379f864dabb413f5606ae1,2020/9/20,0,116
d7c9ab1eeb7f99e7bd0f6c79cce0f4f1,2e52134307379f864dabb413f5606ae1,2020/9/21,0,117
d7c9ab1eeb7f99e7bd0f6c79cce0f4f1,2e52134307379f864dabb413f5606ae1,2020/9/22,0,118
d7c9ab1eeb7f99e7bd0f6c79cce0f4f1,2e52134307379f864dabb413f5606ae1,2020/9/23,0,119
d7c9ab1eeb7f99e7bd0f6c79cce0f4f1,2e52134307379f864dabb413f5606ae1,2020/9/24,0,120
d7c9ab1eeb7f99e7bd0f6c79cce0f4f1,2e52134307379f864dabb413f5606ae1,2020/9/25,0,121
d7c9ab1eeb7f99e7bd0f6c79cce0f4f1,2e52134307379f864dabb413f5606ae1,2020/9/26,0,122
d7c9ab1eeb7f99e7bd0f6c79cce0f4f1,2e52134307379f864dabb413f5606ae1,2020/9/27,0,123
d7c9ab1eeb7f99e7bd0f6c79cce0f4f1,2e52134307379f864dabb413f5606ae1,2020/9/28,0,124
d7c9ab1eeb7f99e7bd0f6c79cce0f4f1,2e52134307379f864dabb413f5606ae1,2020/9/29,0,125
d7c9ab1eeb7f99e7bd0f6c79cce0f4f1,2e52134307379f864dabb413f5606ae1,2020/9/30,0,126
d7c9ab1eeb7f99e7bd0f6c79cce0f4f1,2e52134307379f864dabb413f5606ae1,2020/10/1,0,127
d7c9ab1eeb7f99e7bd0f6c79cce0f4f1,2e52134307379f864dabb413f5606ae1,2020/10/2,0,128
d7c9ab1eeb7f99e7bd0f6c79cce0f4f1,2e52134307379f864dabb413f5606ae1,2020/10/3,0,129
d7c9ab1eeb7f99e7bd0f6c79cce0f4f1,2e52134307379f864dabb413f5606ae1,2020/10/4,0,130
d7c9ab1eeb7f99e7bd0f6c79cce0f4f1,2e52134307379f864dabb413f5606ae1,2020/10/5,0,131
d7c9ab1eeb7f99e7bd0f6c79cce0f4f1,2e52134307379f864dabb413f5606ae1,2020/10/6,0,132
d7c9ab1eeb7f99e7bd0f6c79cce0f4f1,2e52134307379f864dabb413f5606ae1,2020/10/7,0,133
d7c9ab1eeb7f99e7bd0f6c79cce0f4f1,2e52134307379f864dabb413f5606ae1,2020/10/8,0,134
d7c9ab1eeb7f99e7bd0f6c79cce0f4f1,2e52134307379f864dabb413f5606ae1,2020/10/9,0,135
d7c9ab1eeb7f99e7bd0f6c79cce0f4f1,2e52134307379f864dabb413f5606ae1,2020/10/10,0,136
d7c9ab1eeb7f99e7bd0f6c79cce0f4f1,2e52134307379f864dabb413f5606ae1,2020/10/11,0,137
d7c9ab1eeb7f99e7bd0f6c79cce0f4f1,2e52134307379f864dabb413f5606ae1,2020/10/12,0,138
d7c9ab1eeb7f99e7bd0f6c79cce0f4f1,2e52134307379f864dabb413f5606ae1,2020/10/13,0,139
d7c9ab1eeb7f99e7bd0f6c79cce0f4f1,2e52134307379f864dabb413f5606ae1,2020/10/14,0,140
d7c9ab1eeb7f99e7bd0f6c79cce0f4f1,2e52134307379f864dabb413f5606ae1,2020/10/15,0,141
d7c9ab1eeb7f99e7bd0f6c79cce0f4f1,2e52134307379f864dabb413f5606ae1,2020/10/16,0,142
d7c9ab1eeb7f99e7bd0f6c79cce0f4f1,2e52134307379f864dabb413f5606ae1,2020/10/17,0,143
d7c9ab1eeb7f99e7bd0f6c79cce0f4f1,2e52134307379f864dabb413f5606ae1,2020/10/18,0,144
d7c9ab1eeb7f99e7bd0f6c79cce0f4f1,2e52134307379f864dabb413f5606ae1,2020/10/19,0,145
d7c9ab1eeb7f99e7bd0f6c79cce0f4f1,2e52134307379f864dabb413f5606ae1,2020/10/20,0,146
d7c9ab1eeb7f99e7bd0f6c79cce0f4f1,2e52134307379f864dabb413f5606ae1,2020/10/21,0,147
d7c9ab1eeb7f99e7bd0f6c79cce0f4f1,2e52134307379f864dabb413f5606ae1,2020/10/22,0,148
d7c9ab1eeb7f99e7bd0f6c79cce0f4f1,2e52134307379f864dabb413f5606ae1,2020/10/23,0,149
d7c9ab1eeb7f99e7bd0f6c79cce0f4f1,2e52134307379f864dabb413f5606ae1,2020/10/24,0,150
d7c9ab1eeb7f99e7bd0f6c79cce0f4f1,2e52134307379f864dabb413f5606ae1,2020/10/25,0,151
d7c9ab1eeb7f99e7bd0f6c79cce0f4f1,2e52134307379f864dabb413f5606ae1,2020/10/26,0,152
d7c9ab1eeb7f99e7bd0f6c79cce0f4f1,2e52134307379f864dabb413f5606ae1,2020/10/27,0,153
d7c9ab1eeb7f99e7bd0f6c79cce0f4f1,2e52134307379f864dabb413f5606ae1,2020/10/28,0,154
d7c9ab1eeb7f99e7bd0f6c79cce0f4f1,2e52134307379f864dabb413f5606ae1,2020/10/29,0,155
d7c9ab1eeb7f99e7bd0f6c79cce0f4f1,2e52134307379f864dabb413f5606ae1,2020/10/30,0,156
d7c9ab1eeb7f99e7bd0f6c79cce0f4f1,2e52134307379f864dabb413f5606ae1,2020/10/31,0,157
d7c9ab1eeb7f99e7bd0f6c79cce0f4f1,2e52134307379f864dabb413f5606ae1,2020/11/1,0,158
d7c9ab1eeb7f99e7bd0f6c79cce0f4f1,2e52134307379f864dabb413f5606ae1,2020/11/2,0,159
d7c9ab1eeb7f99e7bd0f6c79cce0f4f1,2e52134307379f864dabb413f5606ae1,2020/11/3,0,160
d7c9ab1eeb7f99e7bd0f6c79cce0f4f1,2e52134307379f864dabb413f5606ae1,2020/11/4,0,161
d7c9ab1eeb7f99e7bd0f6c79cce0f4f1,2e52134307379f864dabb413f5606ae1,2020/11/5,0,162
d7c9ab1eeb7f99e7bd0f6c79cce0f4f1,2e52134307379f864dabb413f5606ae1,2020/11/6,0,163
d7c9ab1eeb7f99e7bd0f6c79cce0f4f1,2e52134307379f864dabb413f5606ae1,2020/11/7,0,164
d7c9ab1eeb7f99e7bd0f6c79cce0f4f1,2e52134307379f864dabb413f5606ae1,2020/11/8,0,165
d7c9ab1eeb7f99e7bd0f6c79cce0f4f1,2e52134307379f864dabb413f5606ae1,2020/11/9,0,166
d7c9ab1eeb7f99e7bd0f6c79cce0f4f1,2e52134307379f864dabb413f5606ae1,2020/11/10,0,167
d7c9ab1eeb7f99e7bd0f6c79cce0f4f1,2e52134307379f864dabb413f5606ae1,2020/11/11,0,168
d7c9ab1eeb7f99e7bd0f6c79cce0f4f1,2e52134307379f864dabb413f5606ae1,2020/11/12,0,169
d7c9ab1eeb7f99e7bd0f6c79cce0f4f1,2e52134307379f864dabb413f5606ae1,2020/11/13,0,170
d7c9ab1eeb7f99e7bd0f6c79cce0f4f1,2e52134307379f864dabb413f5606ae1,2020/11/14,0,171
d7c9ab1eeb7f99e7bd0f6c79cce0f4f1,2e52134307379f864dabb413f5606ae1,2020/11/15,0,172
d7c9ab1eeb7f99e7bd0f6c79cce0f4f1,2e52134307379f864dabb413f5606ae1,2020/11/16,0,173
d7c9ab1eeb7f99e7bd0f6c79cce0f4f1,2e52134307379f864dabb413f5606ae1,2020/11/17,0,174
d7c9ab1eeb7f99e7bd0f6c79cce0f4f1,2e52134307379f864dabb413f5606ae1,2020/11/18,0,175
d7c9ab1eeb7f99e7bd0f6c79cce0f4f1,2e52134307379f864dabb413f5606ae1,2020/11/19,0,176
d7c9ab1eeb7f99e7bd0f6c79cce0f4f1,2e52134307379f864dabb413f5606ae1,2020/11/20,0,177
d7c9ab1eeb7f99e7bd0f6c79cce0f4f1,2e52134307379f864dabb413f5606ae1,2020/11/21,0,178
d7c9ab1eeb7f99e7bd0f6c79cce0f4f1,2e52134307379f864dabb413f5606ae1,2020/11/22,0,179
d7c9ab1eeb7f99e7bd0f6c79cce0f4f1,2e52134307379f864dabb413f5606ae1,2020/11/23,0,180
d7c9ab1eeb7f99e7bd0f6c79cce0f4f1,2e52134307379f864dabb413f5606ae1,2020/11/24,0,181
d7c9ab1eeb7f99e7bd0f6c79cce0f4f1,2e52134307379f864dabb413f5606ae1,2020/11/25,0,182
d7c9ab1eeb7f99e7bd0f6c79cce0f4f1,2e52134307379f864dabb413f5606ae1,2020/11/26,0,183
d7c9ab1eeb7f99e7bd0f6c79cce0f4f1,2e52134307379f864dabb413f5606ae1,2020/11/27,0,184
d7c9ab1eeb7f99e7bd0f6c79cce0f4f1,2e52134307379f864dabb413f5606ae1,2020/11/28,0,185
d7c9ab1eeb7f99e7bd0f6c79cce0f4f1,2e52134307379f864dabb413f5606ae1,2020/11/29,0,186
d7c9ab1eeb7f99e7bd0f6c79cce0f4f1,2e52134307379f864dabb413f5606ae1,2020/11/30,0,187
d7c9ab1eeb7f99e7bd0f6c79cce0f4f1,2e52134307379f864dabb413f5606ae1,2020/12/1,0,188
d7c9ab1eeb7f99e7bd0f6c79cce0f4f1,2e52134307379f864dabb413f5606ae1,2020/12/2,0,189
d7c9ab1eeb7f99e7bd0f6c79cce0f4f1,2e52134307379f864dabb413f5606ae1,2020/12/3,0,190
d7c9ab1eeb7f99e7bd0f6c79cce0f4f1,2e52134307379f864dabb413f5606ae1,2020/12/4,0,191
d7c9ab1eeb7f99e7bd0f6c79cce0f4f1,2e52134307379f864dabb413f5606ae1,2020/12/5,0,192
d7c9ab1eeb7f99e7bd0f6c79cce0f4f1,2e52134307379f864dabb413f5606ae1,2020/12/6,0,193
d7c9ab1eeb7f99e7bd0f6c79cce0f4f1,2e52134307379f864dabb413f5606ae1,2020/12/7,0,194
d7c9ab1eeb7f99e7bd0f6c79cce0f4f1,2e52134307379f864dabb413f5606ae1,2020/12/8,0,195
d7c9ab1eeb7f99e7bd0f6c79cce0f4f1,2e52134307379f864dabb413f5606ae1,2020/12/9,0,196
d7c9ab1eeb7f99e7bd0f6c79cce0f4f1,2e52134307379f864dabb413f5606ae1,2020/12/10,0,197
d7c9ab1eeb7f99e7bd0f6c79cce0f4f1,2e52134307379f864dabb413f5606ae1,2020/12/11,0,198
d7c9ab1eeb7f99e7bd0f6c79cce0f4f1,2e52134307379f864dabb413f5606ae1,2020/12/12,0,199
d7c9ab1eeb7f99e7bd0f6c79cce0f4f1,2e52134307379f864dabb413f5606ae1,2020/12/13,0,200
d7c9ab1eeb7f99e7bd0f6c79cce0f4f1,2e52134307379f864dabb413f5606ae1,2020/12/14,0,201
d7c9ab1eeb7f99e7bd0f6c79cce0f4f1,2e52134307379f864dabb413f5606ae1,2020/12/15,0,202
d7c9ab1eeb7f99e7bd0f6c79cce0f4f1,2e52134307379f864dabb413f5606ae1,2020/12/16,0,203
d7c9ab1eeb7f99e7bd0f6c79cce0f4f1,2e52134307379f864dabb413f5606ae1,2020/12/17,0,204
d7c9ab1eeb7f99e7bd0f6c79cce0f4f1,2e52134307379f864dabb413f5606ae1,2020/12/18,0,205
d7c9ab1eeb7f99e7bd0f6c79cce0f4f1,2e52134307379f864dabb413f5606ae1,2020/12/19,0,206
d7c9ab1eeb7f99e7bd0f6c79cce0f4f1,2e52134307379f864dabb413f5606ae1,2020/12/20,0,207
d7c9ab1eeb7f99e7bd0f6c79cce0f4f1,2e52134307379f864dabb413f5606ae1,2020/12/21,0,208
d7c9ab1eeb7f99e7bd0f6c79cce0f4f1,2e52134307379f864dabb413f5606ae1,2020/12/22,0,209
d7c9ab1eeb7f99e7bd0f6c79cce0f4f1,2e52134307379f864dabb413f5606ae1,2020/12/23,0,210
d7c9ab1eeb7f99e7bd0f6c79cce0f4f1,2e52134307379f864dabb413f5606ae1,2020/12/24,0,211
d7c9ab1eeb7f99e7bd0f6c79cce0f4f1,2e52134307379f864dabb413f5606ae1,2020/12/25,0,212
d7c9ab1eeb7f99e7bd0f6c79cce0f4f1,2e52134307379f864dabb413f5606ae1,2020/12/26,0,213
d7c9ab1eeb7f99e7bd0f6c79cce0f4f1,2e52134307379f864dabb413f5606ae1,2020/12/27,0,214
d7c9ab1eeb7f99e7bd0f6c79cce0f4f1,2e52134307379f864dabb413f5606ae1,2020/12/28,0,215
d7c9ab1eeb7f99e7bd0f6c79cce0f4f1,2e52134307379f864dabb413f5606ae1,2020/12/29,0,216
d7c9ab1eeb7f99e7bd0f6c79cce0f4f1,2e52134307379f864dabb413f5606ae1,2020/12/30,0,217
d7c9ab1eeb7f99e7bd0f6c79cce0f4f1,2e52134307379f864dabb413f5606ae1,2020/12/31,0,218
d7c9ab1eeb7f99e7bd0f6c79cce0f4f1,2e52134307379f864dabb413f5606ae1,2021/1/1,0,219
d7c9ab1eeb7f99e7bd0f6c79cce0f4f1,2e52134307379f864dabb413f5606ae1,2021/1/2,0,220
d7c9ab1eeb7f99e7bd0f6c79cce0f4f1,2e52134307379f864dabb413f5606ae1,2021/1/3,0,221
d7c9ab1eeb7f99e7bd0f6c79cce0f4f1,2e52134307379f864dabb413f5606ae1,2021/1/4,0,222
d7c9ab1eeb7f99e7bd0f6c79cce0f4f1,2e52134307379f864dabb413f5606ae1,2021/1/5,0,223
d7c9ab1eeb7f99e7bd0f6c79cce0f4f1,2e52134307379f864dabb413f5606ae1,2021/1/6,0,224
d7c9ab1eeb7f99e7bd0f6c79cce0f4f1,2e52134307379f864dabb413f5606ae1,2021/1/7,0,225
d7c9ab1eeb7f99e7bd0f6c79cce0f4f1,2e52134307379f864dabb413f5606ae1,2021/1/8,0,226
d7c9ab1eeb7f99e7bd0f6c79cce0f4f1,2e52134307379f864dabb413f5606ae1,2021/1/9,0,227
d7c9ab1eeb7f99e7bd0f6c79cce0f4f1,2e52134307379f864dabb413f5606ae1,2021/1/10,0,228
d7c9ab1eeb7f99e7bd0f6c79cce0f4f1,2e52134307379f864dabb413f5606ae1,2021/1/11,14085,229
d7c9ab1eeb7f99e7bd0f6c79cce0f4f1,2e52134307379f864dabb413f5606ae1,2021/1/12,0,230
d7c9ab1eeb7f99e7bd0f6c79cce0f4f1,2e52134307379f864dabb413f5606ae1,2021/1/13,6429,231
d7c9ab1eeb7f99e7bd0f6c79cce0f4f1,2e52134307379f864dabb413f5606ae1,2021/1/14,45623,232
d7c9ab1eeb7f99e7bd0f6c79cce0f4f1,2e52134307379f864dabb413f5606ae1,2021/1/15,7741,233
d7c9ab1eeb7f99e7bd0f6c79cce0f4f1,2e52134307379f864dabb413f5606ae1,2021/1/16,9259,234
d7c9ab1eeb7f99e7bd0f6c79cce0f4f1,2e52134307379f864dabb413f5606ae1,2021/1/17,0,235
d7c9ab1eeb7f99e7bd0f6c79cce0f4f1,2e52134307379f864dabb413f5606ae1,2021/1/18,0,236
d7c9ab1eeb7f99e7bd0f6c79cce0f4f1,2e52134307379f864dabb413f5606ae1,2021/1/19,0,237
d7c9ab1eeb7f99e7bd0f6c79cce0f4f1,2e52134307379f864dabb413f5606ae1,2021/1/20,0,238
d7c9ab1eeb7f99e7bd0f6c79cce0f4f1,2e52134307379f864dabb413f5606ae1,2021/1/21,0,239
d7c9ab1eeb7f99e7bd0f6c79cce0f4f1,2e52134307379f864dabb413f5606ae1,2021/1/22,15095,240
d7c9ab1eeb7f99e7bd0f6c79cce0f4f1,2e52134307379f864dabb413f5606ae1,2021/1/23,21830,241
d7c9ab1eeb7f99e7bd0f6c79cce0f4f1,2e52134307379f864dabb413f5606ae1,2021/1/24,0,242
d7c9ab1eeb7f99e7bd0f6c79cce0f4f1,2e52134307379f864dabb413f5606ae1,2021/1/25,0,243
d7c9ab1eeb7f99e7bd0f6c79cce0f4f1,2e52134307379f864dabb413f5606ae1,2021/1/26,0,244
d7c9ab1eeb7f99e7bd0f6c79cce0f4f1,2e52134307379f864dabb413f5606ae1,2021/1/27,9522,245
d7c9ab1eeb7f99e7bd0f6c79cce0f4f1,2e52134307379f864dabb413f5606ae1,2021/1/28,1195,246
d7c9ab1eeb7f99e7bd0f6c79cce0f4f1,2e52134307379f864dabb413f5606ae1,2021/1/29,15377,247
d7c9ab1eeb7f99e7bd0f6c79cce0f4f1,2e52134307379f864dabb413f5606ae1,2021/1/30,0,248
d7c9ab1eeb7f99e7bd0f6c79cce0f4f1,2e52134307379f864dabb413f5606ae1,2021/1/31,0,249
d7c9ab1eeb7f99e7bd0f6c79cce0f4f1,2e52134307379f864dabb413f5606ae1,2021/2/1,6336,250
d7c9ab1eeb7f99e7bd0f6c79cce0f4f1,2e52134307379f864dabb413f5606ae1,2021/2/2,17361,251
d7c9ab1eeb7f99e7bd0f6c79cce0f4f1,2e52134307379f864dabb413f5606ae1,2021/2/3,20466,252
d7c9ab1eeb7f99e7bd0f6c79cce0f4f1,2e52134307379f864dabb413f5606ae1,2021/2/4,9269,253
d7c9ab1eeb7f99e7bd0f6c79cce0f4f1,2e52134307379f864dabb413f5606ae1,2021/2/5,16239,254
d7c9ab1eeb7f99e7bd0f6c79cce0f4f1,2e52134307379f864dabb413f5606ae1,2021/2/6,41470,255
d7c9ab1eeb7f99e7bd0f6c79cce0f4f1,2e52134307379f864dabb413f5606ae1,2021/2/7,0,256
d7c9ab1eeb7f99e7bd0f6c79cce0f4f1,2e52134307379f864dabb413f5606ae1,2021/2/8,0,257
d7c9ab1eeb7f99e7bd0f6c79cce0f4f1,2e52134307379f864dabb413f5606ae1,2021/2/9,10240,258
d7c9ab1eeb7f99e7bd0f6c79cce0f4f1,2e52134307379f864dabb413f5606ae1,2021/2/10,1000,259
d7c9ab1eeb7f99e7bd0f6c79cce0f4f1,2e52134307379f864dabb413f5606ae1,2021/2/11,0,260
d7c9ab1eeb7f99e7bd0f6c79cce0f4f1,2e52134307379f864dabb413f5606ae1,2021/2/12,0,261
d7c9ab1eeb7f99e7bd0f6c79cce0f4f1,2e52134307379f864dabb413f5606ae1,2021/2/13,0,262
d7c9ab1eeb7f99e7bd0f6c79cce0f4f1,2e52134307379f864dabb413f5606ae1,2021/2/14,0,263
d7c9ab1eeb7f99e7bd0f6c79cce0f4f1,2e52134307379f864dabb413f5606ae1,2021/2/15,0,264
d7c9ab1eeb7f99e7bd0f6c79cce0f4f1,2e52134307379f864dabb413f5606ae1,2021/2/16,515,265
d7c9ab1eeb7f99e7bd0f6c79cce0f4f1,2e52134307379f864dabb413f5606ae1,2021/2/17,0,266
d7c9ab1eeb7f99e7bd0f6c79cce0f4f1,2e52134307379f864dabb413f5606ae1,2021/2/18,7950,267
d7c9ab1eeb7f99e7bd0f6c79cce0f4f1,2e52134307379f864dabb413f5606ae1,2021/2/19,3510,268
d7c9ab1eeb7f99e7bd0f6c79cce0f4f1,2e52134307379f864dabb413f5606ae1,2021/2/20,0,269
d7c9ab1eeb7f99e7bd0f6c79cce0f4f1,2e52134307379f864dabb413f5606ae1,2021/2/21,0,270
d7c9ab1eeb7f99e7bd0f6c79cce0f4f1,2e52134307379f864dabb413f5606ae1,2021/2/22,14785,271
d7c9ab1eeb7f99e7bd0f6c79cce0f4f1,2e52134307379f864dabb413f5606ae1,2021/2/23,2190,272
d7c9ab1eeb7f99e7bd0f6c79cce0f4f1,2e52134307379f864dabb413f5606ae1,2021/2/24,14740,273
d7c9ab1eeb7f99e7bd0f6c79cce0f4f1,2e52134307379f864dabb413f5606ae1,2021/2/25,0,274
d7c9ab1eeb7f99e7bd0f6c79cce0f4f1,2e52134307379f864dabb413f5606ae1,2021/2/26,25311,275
d7c9ab1eeb7f99e7bd0f6c79cce0f4f1,2e52134307379f864dabb413f5606ae1,2021/2/27,4865,276
d7c9ab1eeb7f99e7bd0f6c79cce0f4f1,2e52134307379f864dabb413f5606ae1,2021/2/28,0,277
d7c9ab1eeb7f99e7bd0f6c79cce0f4f1,2e52134307379f864dabb413f5606ae1,2021/3/1,0,278
d7c9ab1eeb7f99e7bd0f6c79cce0f4f1,2e52134307379f864dabb413f5606ae1,2021/3/2,4117,279
d7c9ab1eeb7f99e7bd0f6c79cce0f4f1,2e52134307379f864dabb413f5606ae1,2021/3/3,10,280
d7c9ab1eeb7f99e7bd0f6c79cce0f4f1,2e52134307379f864dabb413f5606ae1,2021/3/4,37690,281
d7c9ab1eeb7f99e7bd0f6c79cce0f4f1,2e52134307379f864dabb413f5606ae1,2021/3/5,40959,282
d7c9ab1eeb7f99e7bd0f6c79cce0f4f1,2e52134307379f864dabb413f5606ae1,2021/3/6,5410,283
d7c9ab1eeb7f99e7bd0f6c79cce0f4f1,2e52134307379f864dabb413f5606ae1,2021/3/7,0,284
d7c9ab1eeb7f99e7bd0f6c79cce0f4f1,2e52134307379f864dabb413f5606ae1,2021/3/8,10923,285
d7c9ab1eeb7f99e7bd0f6c79cce0f4f1,2e52134307379f864dabb413f5606ae1,2021/3/9,0,286
d7c9ab1eeb7f99e7bd0f6c79cce0f4f1,2e52134307379f864dabb413f5606ae1,2021/3/10,6630,287
d7c9ab1eeb7f99e7bd0f6c79cce0f4f1,2e52134307379f864dabb413f5606ae1,2021/3/11,21426,288
d7c9ab1eeb7f99e7bd0f6c79cce0f4f1,2e52134307379f864dabb413f5606ae1,2021/3/12,28934,289
d7c9ab1eeb7f99e7bd0f6c79cce0f4f1,2e52134307379f864dabb413f5606ae1,2021/3/13,29860,290
d7c9ab1eeb7f99e7bd0f6c79cce0f4f1,2e52134307379f864dabb413f5606ae1,2021/3/14,0,291
d7c9ab1eeb7f99e7bd0f6c79cce0f4f1,2e52134307379f864dabb413f5606ae1,2021/3/15,13095,292
d7c9ab1eeb7f99e7bd0f6c79cce0f4f1,2e52134307379f864dabb413f5606ae1,2021/3/16,14946,293
d7c9ab1eeb7f99e7bd0f6c79cce0f4f1,2e52134307379f864dabb413f5606ae1,2021/3/17,1200,294
d7c9ab1eeb7f99e7bd0f6c79cce0f4f1,2e52134307379f864dabb413f5606ae1,2021/3/18,57495,295
d7c9ab1eeb7f99e7bd0f6c79cce0f4f1,2e52134307379f864dabb413f5606ae1,2021/3/19,51446,296
d7c9ab1eeb7f99e7bd0f6c79cce0f4f1,2e52134307379f864dabb413f5606ae1,2021/3/20,4206,297
d7c9ab1eeb7f99e7bd0f6c79cce0f4f1,2e52134307379f864dabb413f5606ae1,2021/3/21,0,298
d7c9ab1eeb7f99e7bd0f6c79cce0f4f1,2e52134307379f864dabb413f5606ae1,2021/3/22,0,299
d7c9ab1eeb7f99e7bd0f6c79cce0f4f1,2e52134307379f864dabb413f5606ae1,2021/3/23,21848,300
d7c9ab1eeb7f99e7bd0f6c79cce0f4f1,2e52134307379f864dabb413f5606ae1,2021/3/24,7423,301
d7c9ab1eeb7f99e7bd0f6c79cce0f4f1,2e52134307379f864dabb413f5606ae1,2021/3/25,6093,302
d7c9ab1eeb7f99e7bd0f6c79cce0f4f1,2e52134307379f864dabb413f5606ae1,2021/3/26,19379,303
d7c9ab1eeb7f99e7bd0f6c79cce0f4f1,2e52134307379f864dabb413f5606ae1,2021/3/27,6110,304
d7c9ab1eeb7f99e7bd0f6c79cce0f4f1,2e52134307379f864dabb413f5606ae1,2021/3/28,0,305
d7c9ab1eeb7f99e7bd0f6c79cce0f4f1,2e52134307379f864dabb413f5606ae1,2021/3/29,21024,306
d7c9ab1eeb7f99e7bd0f6c79cce0f4f1,2e52134307379f864dabb413f5606ae1,2021/3/30,9753,307
d7c9ab1eeb7f99e7bd0f6c79cce0f4f1,2e52134307379f864dabb413f5606ae1,2021/3/31,5934,308
d7c9ab1eeb7f99e7bd0f6c79cce0f4f1,2e52134307379f864dabb413f5606ae1,2021/4/1,2800,309
d7c9ab1eeb7f99e7bd0f6c79cce0f4f1,2e52134307379f864dabb413f5606ae1,2021/4/2,0,310
d7c9ab1eeb7f99e7bd0f6c79cce0f4f1,2e52134307379f864dabb413f5606ae1,2021/4/3,0,311
d7c9ab1eeb7f99e7bd0f6c79cce0f4f1,2e52134307379f864dabb413f5606ae1,2021/4/4,0,312
d7c9ab1eeb7f99e7bd0f6c79cce0f4f1,2e52134307379f864dabb413f5606ae1,2021/4/5,0,313
d7c9ab1eeb7f99e7bd0f6c79cce0f4f1,2e52134307379f864dabb413f5606ae1,2021/4/6,0,314
d7c9ab1eeb7f99e7bd0f6c79cce0f4f1,2e52134307379f864dabb413f5606ae1,2021/4/7,21170,315
d7c9ab1eeb7f99e7bd0f6c79cce0f4f1,2e52134307379f864dabb413f5606ae1,2021/4/8,0,316
d7c9ab1eeb7f99e7bd0f6c79cce0f4f1,2e52134307379f864dabb413f5606ae1,2021/4/9,0,317
d7c9ab1eeb7f99e7bd0f6c79cce0f4f1,2e52134307379f864dabb413f5606ae1,2021/4/10,0,318
d7c9ab1eeb7f99e7bd0f6c79cce0f4f1,2e52134307379f864dabb413f5606ae1,2021/4/11,0,319
d7c9ab1eeb7f99e7bd0f6c79cce0f4f1,2e52134307379f864dabb413f5606ae1,2021/4/12,0,320
d7c9ab1eeb7f99e7bd0f6c79cce0f4f1,2e52134307379f864dabb413f5606ae1,2021/4/13,0,321
d7c9ab1eeb7f99e7bd0f6c79cce0f4f1,2e52134307379f864dabb413f5606ae1,2021/4/14,0,322
d7c9ab1eeb7f99e7bd0f6c79cce0f4f1,2e52134307379f864dabb413f5606ae1,2021/4/15,0,323
d7c9ab1eeb7f99e7bd0f6c79cce0f4f1,2e52134307379f864dabb413f5606ae1,2021/4/16,0,324
d7c9ab1eeb7f99e7bd0f6c79cce0f4f1,2e52134307379f864dabb413f5606ae1,2021/4/17,0,325
d7c9ab1eeb7f99e7bd0f6c79cce0f4f1,2e52134307379f864dabb413f5606ae1,2021/4/18,0,326
d7c9ab1eeb7f99e7bd0f6c79cce0f4f1,2e52134307379f864dabb413f5606ae1,2021/4/19,17708,327
d7c9ab1eeb7f99e7bd0f6c79cce0f4f1,2e52134307379f864dabb413f5606ae1,2021/4/20,436,328
d7c9ab1eeb7f99e7bd0f6c79cce0f4f1,2e52134307379f864dabb413f5606ae1,2021/4/21,9250,329
d7c9ab1eeb7f99e7bd0f6c79cce0f4f1,2e52134307379f864dabb413f5606ae1,2021/4/22,50849,330
d7c9ab1eeb7f99e7bd0f6c79cce0f4f1,2e52134307379f864dabb413f5606ae1,2021/4/23,6869,331
d7c9ab1eeb7f99e7bd0f6c79cce0f4f1,2e52134307379f864dabb413f5606ae1,2021/4/24,22888,332
d7c9ab1eeb7f99e7bd0f6c79cce0f4f1,2e52134307379f864dabb413f5606ae1,2021/4/25,16,333
d7c9ab1eeb7f99e7bd0f6c79cce0f4f1,2e52134307379f864dabb413f5606ae1,2021/4/26,7850,334
d7c9ab1eeb7f99e7bd0f6c79cce0f4f1,2e52134307379f864dabb413f5606ae1,2021/4/27,5080,335
d7c9ab1eeb7f99e7bd0f6c79cce0f4f1,2e52134307379f864dabb413f5606ae1,2021/4/28,27676,336
d7c9ab1eeb7f99e7bd0f6c79cce0f4f1,2e52134307379f864dabb413f5606ae1,2021/4/29,5230,337
d7c9ab1eeb7f99e7bd0f6c79cce0f4f1,2e52134307379f864dabb413f5606ae1,2021/4/30,36070,338
d7c9ab1eeb7f99e7bd0f6c79cce0f4f1,2e52134307379f864dabb413f5606ae1,2021/5/1,6664,339
d7c9ab1eeb7f99e7bd0f6c79cce0f4f1,2e52134307379f864dabb413f5606ae1,2021/5/2,0,340
d7c9ab1eeb7f99e7bd0f6c79cce0f4f1,2e52134307379f864dabb413f5606ae1,2021/5/3,6102,341
d7c9ab1eeb7f99e7bd0f6c79cce0f4f1,2e52134307379f864dabb413f5606ae1,2021/5/4,45619,342
d7c9ab1eeb7f99e7bd0f6c79cce0f4f1,2e52134307379f864dabb413f5606ae1,2021/5/5,39484,343
d7c9ab1eeb7f99e7bd0f6c79cce0f4f1,2e52134307379f864dabb413f5606ae1,2021/5/6,12153,344
d7c9ab1eeb7f99e7bd0f6c79cce0f4f1,2e52134307379f864dabb413f5606ae1,2021/5/7,11749,345
d7c9ab1eeb7f99e7bd0f6c79cce0f4f1,2e52134307379f864dabb413f5606ae1,2021/5/8,17219,346
d7c9ab1eeb7f99e7bd0f6c79cce0f4f1,2e52134307379f864dabb413f5606ae1,2021/5/9,0,347
d7c9ab1eeb7f99e7bd0f6c79cce0f4f1,2e52134307379f864dabb413f5606ae1,2021/5/10,6346,348
d7c9ab1eeb7f99e7bd0f6c79cce0f4f1,2e52134307379f864dabb413f5606ae1,2021/5/11,0,349
d7c9ab1eeb7f99e7bd0f6c79cce0f4f1,2e52134307379f864dabb413f5606ae1,2021/5/12,18113,350
d7c9ab1eeb7f99e7bd0f6c79cce0f4f1,2e52134307379f864dabb413f5606ae1,2021/5/13,22149,351
d7c9ab1eeb7f99e7bd0f6c79cce0f4f1,2e52134307379f864dabb413f5606ae1,2021/5/14,5524,352
d7c9ab1eeb7f99e7bd0f6c79cce0f4f1,2e52134307379f864dabb413f5606ae1,2021/5/15,5350,353
d7c9ab1eeb7f99e7bd0f6c79cce0f4f1,2e52134307379f864dabb413f5606ae1,2021/5/16,0,354
d7c9ab1eeb7f99e7bd0f6c79cce0f4f1,2e52134307379f864dabb413f5606ae1,2021/5/17,10580,355
d7c9ab1eeb7f99e7bd0f6c79cce0f4f1,2e52134307379f864dabb413f5606ae1,2021/5/18,13,356
d7c9ab1eeb7f99e7bd0f6c79cce0f4f1,2e52134307379f864dabb413f5606ae1,2021/5/19,51323,357
d7c9ab1eeb7f99e7bd0f6c79cce0f4f1,2e52134307379f864dabb413f5606ae1,2021/5/20,13091,358
d7c9ab1eeb7f99e7bd0f6c79cce0f4f1,2e52134307379f864dabb413f5606ae1,2021/5/21,18599,359
d7c9ab1eeb7f99e7bd0f6c79cce0f4f1,2e52134307379f864dabb413f5606ae1,2021/5/22,13632,360
d7c9ab1eeb7f99e7bd0f6c79cce0f4f1,2e52134307379f864dabb413f5606ae1,2021/5/23,0,361
d7c9ab1eeb7f99e7bd0f6c79cce0f4f1,2e52134307379f864dabb413f5606ae1,2021/5/24,0,362
d7c9ab1eeb7f99e7bd0f6c79cce0f4f1,2e52134307379f864dabb413f5606ae1,2021/5/25,641,363
d7c9ab1eeb7f99e7bd0f6c79cce0f4f1,2e52134307379f864dabb413f5606ae1,2021/5/26,5870,364
d7c9ab1eeb7f99e7bd0f6c79cce0f4f1,2e52134307379f864dabb413f5606ae1,2021/5/27,60227,365
d7c9ab1eeb7f99e7bd0f6c79cce0f4f1,2e52134307379f864dabb413f5606ae1,2021/5/28,25090,366
d7c9ab1eeb7f99e7bd0f6c79cce0f4f1,2e52134307379f864dabb413f5606ae1,2021/5/29,2783,367
d7c9ab1eeb7f99e7bd0f6c79cce0f4f1,2e52134307379f864dabb413f5606ae1,2021/5/30,0,368
d7c9ab1eeb7f99e7bd0f6c79cce0f4f1,2e52134307379f864dabb413f5606ae1,2021/5/31,12633,369
d7c9ab1eeb7f99e7bd0f6c79cce0f4f1,2e52134307379f864dabb413f5606ae1,2021/6/1,7625,370
d7c9ab1eeb7f99e7bd0f6c79cce0f4f1,2e52134307379f864dabb413f5606ae1,2021/6/2,2269,371
d7c9ab1eeb7f99e7bd0f6c79cce0f4f1,2e52134307379f864dabb413f5606ae1,2021/6/3,4275,372
d7c9ab1eeb7f99e7bd0f6c79cce0f4f1,2e52134307379f864dabb413f5606ae1,2021/6/4,10855,373
d7c9ab1eeb7f99e7bd0f6c79cce0f4f1,2e52134307379f864dabb413f5606ae1,2021/6/5,0,374
d7c9ab1eeb7f99e7bd0f6c79cce0f4f1,2e52134307379f864dabb413f5606ae1,2021/6/6,0,375
d7c9ab1eeb7f99e7bd0f6c79cce0f4f1,2e52134307379f864dabb413f5606ae1,2021/6/7,20287,376
d7c9ab1eeb7f99e7bd0f6c79cce0f4f1,2e52134307379f864dabb413f5606ae1,2021/6/8,12002,377
d7c9ab1eeb7f99e7bd0f6c79cce0f4f1,2e52134307379f864dabb413f5606ae1,2021/6/9,11065,378
d7c9ab1eeb7f99e7bd0f6c79cce0f4f1,2e52134307379f864dabb413f5606ae1,2021/6/10,6900,379
d7c9ab1eeb7f99e7bd0f6c79cce0f4f1,2e52134307379f864dabb413f5606ae1,2021/6/11,300,380
d7c9ab1eeb7f99e7bd0f6c79cce0f4f1,2e52134307379f864dabb413f5606ae1,2021/6/12,8300,381
d7c9ab1eeb7f99e7bd0f6c79cce0f4f1,2e52134307379f864dabb413f5606ae1,2021/6/13,9778,382
d7c9ab1eeb7f99e7bd0f6c79cce0f4f1,2e52134307379f864dabb413f5606ae1,2021/6/14,0,383
d7c9ab1eeb7f99e7bd0f6c79cce0f4f1,2e52134307379f864dabb413f5606ae1,2021/6/15,0,384
d7c9ab1eeb7f99e7bd0f6c79cce0f4f1,2e52134307379f864dabb413f5606ae1,2021/6/16,15393,385
d7c9ab1eeb7f99e7bd0f6c79cce0f4f1,2e52134307379f864dabb413f5606ae1,2021/6/17,20870,386
d7c9ab1eeb7f99e7bd0f6c79cce0f4f1,2e52134307379f864dabb413f5606ae1,2021/6/18,0,387
d7c9ab1eeb7f99e7bd0f6c79cce0f4f1,2e52134307379f864dabb413f5606ae1,2021/6/19,16197,388
d7c9ab1eeb7f99e7bd0f6c79cce0f4f1,2e52134307379f864dabb413f5606ae1,2021/6/20,0,389
d7c9ab1eeb7f99e7bd0f6c79cce0f4f1,2e52134307379f864dabb413f5606ae1,2021/6/21,0,390
d7c9ab1eeb7f99e7bd0f6c79cce0f4f1,2e52134307379f864dabb413f5606ae1,2021/6/22,0,391
d7c9ab1eeb7f99e7bd0f6c79cce0f4f1,2e52134307379f864dabb413f5606ae1,2021/6/23,27623,392
d7c9ab1eeb7f99e7bd0f6c79cce0f4f1,2e52134307379f864dabb413f5606ae1,2021/6/24,13217,393
d7c9ab1eeb7f99e7bd0f6c79cce0f4f1,2e52134307379f864dabb413f5606ae1,2021/6/25,16799,394
d7c9ab1eeb7f99e7bd0f6c79cce0f4f1,2e52134307379f864dabb413f5606ae1,2021/6/26,5571,395
d7c9ab1eeb7f99e7bd0f6c79cce0f4f1,2e52134307379f864dabb413f5606ae1,2021/6/27,0,396
d7c9ab1eeb7f99e7bd0f6c79cce0f4f1,2e52134307379f864dabb413f5606ae1,2021/6/28,9300,397
d7c9ab1eeb7f99e7bd0f6c79cce0f4f1,2e52134307379f864dabb413f5606ae1,2021/6/29,9670,398
d7c9ab1eeb7f99e7bd0f6c79cce0f4f1,2e52134307379f864dabb413f5606ae1,2021/6/30,10540,399
d7c9ab1eeb7f99e7bd0f6c79cce0f4f1,2e52134307379f864dabb413f5606ae1,2021/7/1,2017,400
d7c9ab1eeb7f99e7bd0f6c79cce0f4f1,2e52134307379f864dabb413f5606ae1,2021/7/2,19882,401
d7c9ab1eeb7f99e7bd0f6c79cce0f4f1,2e52134307379f864dabb413f5606ae1,2021/7/3,7758,402
d7c9ab1eeb7f99e7bd0f6c79cce0f4f1,2e52134307379f864dabb413f5606ae1,2021/7/4,0,403
d7c9ab1eeb7f99e7bd0f6c79cce0f4f1,2e52134307379f864dabb413f5606ae1,2021/7/5,18085,404
d7c9ab1eeb7f99e7bd0f6c79cce0f4f1,2e52134307379f864dabb413f5606ae1,2021/7/6,17424,405
d7c9ab1eeb7f99e7bd0f6c79cce0f4f1,2e52134307379f864dabb413f5606ae1,2021/7/7,4181,406
d7c9ab1eeb7f99e7bd0f6c79cce0f4f1,2e52134307379f864dabb413f5606ae1,2021/7/8,15933,407
d7c9ab1eeb7f99e7bd0f6c79cce0f4f1,2e52134307379f864dabb413f5606ae1,2021/7/9,8740,408
d7c9ab1eeb7f99e7bd0f6c79cce0f4f1,2e52134307379f864dabb413f5606ae1,2021/7/10,4282,409
d7c9ab1eeb7f99e7bd0f6c79cce0f4f1,2e52134307379f864dabb413f5606ae1,2021/7/11,0,410
d7c9ab1eeb7f99e7bd0f6c79cce0f4f1,2e52134307379f864dabb413f5606ae1,2021/7/12,10020,411
d7c9ab1eeb7f99e7bd0f6c79cce0f4f1,2e52134307379f864dabb413f5606ae1,2021/7/13,5286,412
d7c9ab1eeb7f99e7bd0f6c79cce0f4f1,2e52134307379f864dabb413f5606ae1,2021/7/14,160,413
d7c9ab1eeb7f99e7bd0f6c79cce0f4f1,2e52134307379f864dabb413f5606ae1,2021/7/15,17686,414
d7c9ab1eeb7f99e7bd0f6c79cce0f4f1,2e52134307379f864dabb413f5606ae1,2021/7/16,21100,415
d7c9ab1eeb7f99e7bd0f6c79cce0f4f1,2e52134307379f864dabb413f5606ae1,2021/7/17,5000,416
d7c9ab1eeb7f99e7bd0f6c79cce0f4f1,2e52134307379f864dabb413f5606ae1,2021/7/18,13605,417
d7c9ab1eeb7f99e7bd0f6c79cce0f4f1,2e52134307379f864dabb413f5606ae1,2021/7/19,0,418
d7c9ab1eeb7f99e7bd0f6c79cce0f4f1,2e52134307379f864dabb413f5606ae1,2021/7/20,11315,419
d7c9ab1eeb7f99e7bd0f6c79cce0f4f1,2e52134307379f864dabb413f5606ae1,2021/7/21,11370,420
d7c9ab1eeb7f99e7bd0f6c79cce0f4f1,2e52134307379f864dabb413f5606ae1,2021/7/22,11900,421
d7c9ab1eeb7f99e7bd0f6c79cce0f4f1,2e52134307379f864dabb413f5606ae1,2021/7/23,21354,422
d7c9ab1eeb7f99e7bd0f6c79cce0f4f1,2e52134307379f864dabb413f5606ae1,2021/7/24,5065,423
d7c9ab1eeb7f99e7bd0f6c79cce0f4f1,2e52134307379f864dabb413f5606ae1,2021/7/25,24723,424
d7c9ab1eeb7f99e7bd0f6c79cce0f4f1,2e52134307379f864dabb413f5606ae1,2021/7/26,0,425
d7c9ab1eeb7f99e7bd0f6c79cce0f4f1,2e52134307379f864dabb413f5606ae1,2021/7/27,24116,426
d7c9ab1eeb7f99e7bd0f6c79cce0f4f1,2e52134307379f864dabb413f5606ae1,2021/7/28,44506,427
d7c9ab1eeb7f99e7bd0f6c79cce0f4f1,2e52134307379f864dabb413f5606ae1,2021/7/29,5855,428
d7c9ab1eeb7f99e7bd0f6c79cce0f4f1,2e52134307379f864dabb413f5606ae1,2021/7/30,5666,429
d7c9ab1eeb7f99e7bd0f6c79cce0f4f1,2e52134307379f864dabb413f5606ae1,2021/7/31,13040,430
d7c9ab1eeb7f99e7bd0f6c79cce0f4f1,2e52134307379f864dabb413f5606ae1,2021/8/1,12993,431
d7c9ab1eeb7f99e7bd0f6c79cce0f4f1,2e52134307379f864dabb413f5606ae1,2021/8/2,0,432
d7c9ab1eeb7f99e7bd0f6c79cce0f4f1,2e52134307379f864dabb413f5606ae1,2021/8/3,5722,433
d7c9ab1eeb7f99e7bd0f6c79cce0f4f1,2e52134307379f864dabb413f5606ae1,2021/8/4,7713,434
d7c9ab1eeb7f99e7bd0f6c79cce0f4f1,2e52134307379f864dabb413f5606ae1,2021/8/5,10220,435
d7c9ab1eeb7f99e7bd0f6c79cce0f4f1,2e52134307379f864dabb413f5606ae1,2021/8/6,4610,436
d7c9ab1eeb7f99e7bd0f6c79cce0f4f1,2e52134307379f864dabb413f5606ae1,2021/8/7,6742,437
d7c9ab1eeb7f99e7bd0f6c79cce0f4f1,2e52134307379f864dabb413f5606ae1,2021/8/8,2255,438
d7c9ab1eeb7f99e7bd0f6c79cce0f4f1,2e52134307379f864dabb413f5606ae1,2021/8/9,0,439
d7c9ab1eeb7f99e7bd0f6c79cce0f4f1,2e52134307379f864dabb413f5606ae1,2021/8/10,5268,440
d7c9ab1eeb7f99e7bd0f6c79cce0f4f1,2e52134307379f864dabb413f5606ae1,2021/8/11,1229,441
d7c9ab1eeb7f99e7bd0f6c79cce0f4f1,2e52134307379f864dabb413f5606ae1,2021/8/12,6932,442
d7c9ab1eeb7f99e7bd0f6c79cce0f4f1,2e52134307379f864dabb413f5606ae1,2021/8/13,10785,443
d7c9ab1eeb7f99e7bd0f6c79cce0f4f1,2e52134307379f864dabb413f5606ae1,2021/8/14,12305,444
d7c9ab1eeb7f99e7bd0f6c79cce0f4f1,2e52134307379f864dabb413f5606ae1,2021/8/15,0,445
d7c9ab1eeb7f99e7bd0f6c79cce0f4f1,2e52134307379f864dabb413f5606ae1,2021/8/16,0,446
d7c9ab1eeb7f99e7bd0f6c79cce0f4f1,2e52134307379f864dabb413f5606ae1,2021/8/17,0,447
d7c9ab1eeb7f99e7bd0f6c79cce0f4f1,2e52134307379f864dabb413f5606ae1,2021/8/18,104,448
d7c9ab1eeb7f99e7bd0f6c79cce0f4f1,2e52134307379f864dabb413f5606ae1,2021/8/19,11324,449
d7c9ab1eeb7f99e7bd0f6c79cce0f4f1,2e52134307379f864dabb413f5606ae1,2021/8/20,155,450
d7c9ab1eeb7f99e7bd0f6c79cce0f4f1,2e52134307379f864dabb413f5606ae1,2021/8/21,9573,451
d7c9ab1eeb7f99e7bd0f6c79cce0f4f1,2e52134307379f864dabb413f5606ae1,2021/8/22,0,452
d7c9ab1eeb7f99e7bd0f6c79cce0f4f1,2e52134307379f864dabb413f5606ae1,2021/8/23,0,453
d7c9ab1eeb7f99e7bd0f6c79cce0f4f1,2e52134307379f864dabb413f5606ae1,2021/8/24,0,454
d7c9ab1eeb7f99e7bd0f6c79cce0f4f1,2e52134307379f864dabb413f5606ae1,2021/8/25,4630,455
d7c9ab1eeb7f99e7bd0f6c79cce0f4f1,2e52134307379f864dabb413f5606ae1,2021/8/26,3715,456
d7c9ab1eeb7f99e7bd0f6c79cce0f4f1,2e52134307379f864dabb413f5606ae1,2021/8/27,9096,457
d7c9ab1eeb7f99e7bd0f6c79cce0f4f1,2e52134307379f864dabb413f5606ae1,2021/8/28,19438,458
d7c9ab1eeb7f99e7bd0f6c79cce0f4f1,2e52134307379f864dabb413f5606ae1,2021/8/29,40894,459
d7c9ab1eeb7f99e7bd0f6c79cce0f4f1,2e52134307379f864dabb413f5606ae1,2021/8/30,0,460
d7c9ab1eeb7f99e7bd0f6c79cce0f4f1,2e52134307379f864dabb413f5606ae1,2021/8/31,18700,461
d7c9ab1eeb7f99e7bd0f6c79cce0f4f1,2e52134307379f864dabb413f5606ae1,2021/9/1,29573,462
d7c9ab1eeb7f99e7bd0f6c79cce0f4f1,2e52134307379f864dabb413f5606ae1,2021/9/2,40972,463
d7c9ab1eeb7f99e7bd0f6c79cce0f4f1,2e52134307379f864dabb413f5606ae1,2021/9/3,108340,464
d7c9ab1eeb7f99e7bd0f6c79cce0f4f1,2e52134307379f864dabb413f5606ae1,2021/9/4,25380,465
d7c9ab1eeb7f99e7bd0f6c79cce0f4f1,2e52134307379f864dabb413f5606ae1,2021/9/5,44100,466
d7c9ab1eeb7f99e7bd0f6c79cce0f4f1,2e52134307379f864dabb413f5606ae1,2021/9/6,0,467
d7c9ab1eeb7f99e7bd0f6c79cce0f4f1,2e52134307379f864dabb413f5606ae1,2021/9/7,18382,468
d7c9ab1eeb7f99e7bd0f6c79cce0f4f1,2e52134307379f864dabb413f5606ae1,2021/9/8,6445,469
d7c9ab1eeb7f99e7bd0f6c79cce0f4f1,2e52134307379f864dabb413f5606ae1,2021/9/9,9744,470
d7c9ab1eeb7f99e7bd0f6c79cce0f4f1,2e52134307379f864dabb413f5606ae1,2021/9/10,4423,471
d7c9ab1eeb7f99e7bd0f6c79cce0f4f1,2e52134307379f864dabb413f5606ae1,2021/9/11,5614,472
d7c9ab1eeb7f99e7bd0f6c79cce0f4f1,2e52134307379f864dabb413f5606ae1,2021/9/12,3167,473
d7c9ab1eeb7f99e7bd0f6c79cce0f4f1,2e52134307379f864dabb413f5606ae1,2021/9/13,0,474
d7c9ab1eeb7f99e7bd0f6c79cce0f4f1,2e52134307379f864dabb413f5606ae1,2021/9/14,18792,475
d7c9ab1eeb7f99e7bd0f6c79cce0f4f1,2e52134307379f864dabb413f5606ae1,2021/9/15,7483,476
d7c9ab1eeb7f99e7bd0f6c79cce0f4f1,2e52134307379f864dabb413f5606ae1,2021/9/16,4520,477
d7c9ab1eeb7f99e7bd0f6c79cce0f4f1,2e52134307379f864dabb413f5606ae1,2021/9/17,18707,478
d7c9ab1eeb7f99e7bd0f6c79cce0f4f1,2e52134307379f864dabb413f5606ae1,2021/9/18,5680,479
d7c9ab1eeb7f99e7bd0f6c79cce0f4f1,2e52134307379f864dabb413f5606ae1,2021/9/19,25793,480
d7c9ab1eeb7f99e7bd0f6c79cce0f4f1,2e52134307379f864dabb413f5606ae1,2021/9/20,0,481
d7c9ab1eeb7f99e7bd0f6c79cce0f4f1,2e52134307379f864dabb413f5606ae1,2021/9/21,27140,482
d7c9ab1eeb7f99e7bd0f6c79cce0f4f1,2e52134307379f864dabb413f5606ae1,2021/9/22,0,483
d7c9ab1eeb7f99e7bd0f6c79cce0f4f1,2e52134307379f864dabb413f5606ae1,2021/9/23,12664,484
d7c9ab1eeb7f99e7bd0f6c79cce0f4f1,2e52134307379f864dabb413f5606ae1,2021/9/24,34181,485
d7c9ab1eeb7f99e7bd0f6c79cce0f4f1,2e52134307379f864dabb413f5606ae1,2021/9/25,16862,486
d7c9ab1eeb7f99e7bd0f6c79cce0f4f1,2e52134307379f864dabb413f5606ae1,2021/9/26,3830,487
d7c9ab1eeb7f99e7bd0f6c79cce0f4f1,2e52134307379f864dabb413f5606ae1,2021/9/27,5799,488
d7c9ab1eeb7f99e7bd0f6c79cce0f4f1,2e52134307379f864dabb413f5606ae1,2021/9/28,15442,489
d7c9ab1eeb7f99e7bd0f6c79cce0f4f1,2e52134307379f864dabb413f5606ae1,2021/9/29,5595,490
d7c9ab1eeb7f99e7bd0f6c79cce0f4f1,2e52134307379f864dabb413f5606ae1,2021/9/30,41923,491
d7c9ab1eeb7f99e7bd0f6c79cce0f4f1,2e52134307379f864dabb413f5606ae1,2021/10/1,16480,492
d7c9ab1eeb7f99e7bd0f6c79cce0f4f1,2e52134307379f864dabb413f5606ae1,2021/10/2,12630,493
d7c9ab1eeb7f99e7bd0f6c79cce0f4f1,2e52134307379f864dabb413f5606ae1,2021/10/3,0,494
d7c9ab1eeb7f99e7bd0f6c79cce0f4f1,2e52134307379f864dabb413f5606ae1,2021/10/4,0,495
d7c9ab1eeb7f99e7bd0f6c79cce0f4f1,2e52134307379f864dabb413f5606ae1,2021/10/5,0,496
d7c9ab1eeb7f99e7bd0f6c79cce0f4f1,2e52134307379f864dabb413f5606ae1,2021/10/6,0,497
d7c9ab1eeb7f99e7bd0f6c79cce0f4f1,2e52134307379f864dabb413f5606ae1,2021/10/7,6950,498
d7c9ab1eeb7f99e7bd0f6c79cce0f4f1,2e52134307379f864dabb413f5606ae1,2021/10/8,22809,499
d7c9ab1eeb7f99e7bd0f6c79cce0f4f1,2e52134307379f864dabb413f5606ae1,2021/10/9,14404,500
d7c9ab1eeb7f99e7bd0f6c79cce0f4f1,2e52134307379f864dabb413f5606ae1,2021/10/10,13532,501
d7c9ab1eeb7f99e7bd0f6c79cce0f4f1,2e52134307379f864dabb413f5606ae1,2021/10/11,0,502
d7c9ab1eeb7f99e7bd0f6c79cce0f4f1,2e52134307379f864dabb413f5606ae1,2021/10/12,19130,503
d7c9ab1eeb7f99e7bd0f6c79cce0f4f1,2e52134307379f864dabb413f5606ae1,2021/10/13,26,504
d7c9ab1eeb7f99e7bd0f6c79cce0f4f1,2e52134307379f864dabb413f5606ae1,2021/10/14,22080,505
d7c9ab1eeb7f99e7bd0f6c79cce0f4f1,2e52134307379f864dabb413f5606ae1,2021/10/15,9500,506
d7c9ab1eeb7f99e7bd0f6c79cce0f4f1,2e52134307379f864dabb413f5606ae1,2021/10/16,19653,507
d7c9ab1eeb7f99e7bd0f6c79cce0f4f1,2e52134307379f864dabb413f5606ae1,2021/10/17,24,508
d7c9ab1eeb7f99e7bd0f6c79cce0f4f1,2e52134307379f864dabb413f5606ae1,2021/10/18,0,509
d7c9ab1eeb7f99e7bd0f6c79cce0f4f1,2e52134307379f864dabb413f5606ae1,2021/10/19,21252,510
d7c9ab1eeb7f99e7bd0f6c79cce0f4f1,2e52134307379f864dabb413f5606ae1,2021/10/20,13056,511
d7c9ab1eeb7f99e7bd0f6c79cce0f4f1,2e52134307379f864dabb413f5606ae1,2021/10/21,13055,512
d7c9ab1eeb7f99e7bd0f6c79cce0f4f1,2e52134307379f864dabb413f5606ae1,2021/10/22,14270,513
d7c9ab1eeb7f99e7bd0f6c79cce0f4f1,2e52134307379f864dabb413f5606ae1,2021/10/23,18882,514
d7c9ab1eeb7f99e7bd0f6c79cce0f4f1,2e52134307379f864dabb413f5606ae1,2021/10/24,0,515
d7c9ab1eeb7f99e7bd0f6c79cce0f4f1,2e52134307379f864dabb413f5606ae1,2021/10/25,0,516
d7c9ab1eeb7f99e7bd0f6c79cce0f4f1,2e52134307379f864dabb413f5606ae1,2021/10/26,15956,517
d7c9ab1eeb7f99e7bd0f6c79cce0f4f1,2e52134307379f864dabb413f5606ae1,2021/10/27,15353,518
d7c9ab1eeb7f99e7bd0f6c79cce0f4f1,2e52134307379f864dabb413f5606ae1,2021/10/28,22410,519
d7c9ab1eeb7f99e7bd0f6c79cce0f4f1,2e52134307379f864dabb413f5606ae1,2021/10/29,11177,520
d7c9ab1eeb7f99e7bd0f6c79cce0f4f1,2e52134307379f864dabb413f5606ae1,2021/10/30,1455,521
d7c9ab1eeb7f99e7bd0f6c79cce0f4f1,2e52134307379f864dabb413f5606ae1,2021/10/31,5420,522
d7c9ab1eeb7f99e7bd0f6c79cce0f4f1,2e52134307379f864dabb413f5606ae1,2021/11/1,0,523
d7c9ab1eeb7f99e7bd0f6c79cce0f4f1,2e52134307379f864dabb413f5606ae1,2021/11/2,12000,524
d7c9ab1eeb7f99e7bd0f6c79cce0f4f1,2e52134307379f864dabb413f5606ae1,2021/11/3,18287,525
d7c9ab1eeb7f99e7bd0f6c79cce0f4f1,2e52134307379f864dabb413f5606ae1,2021/11/4,27675,526
d7c9ab1eeb7f99e7bd0f6c79cce0f4f1,2e52134307379f864dabb413f5606ae1,2021/11/5,11077,527
d7c9ab1eeb7f99e7bd0f6c79cce0f4f1,2e52134307379f864dabb413f5606ae1,2021/11/6,56123,528
d7c9ab1eeb7f99e7bd0f6c79cce0f4f1,2e52134307379f864dabb413f5606ae1,2021/11/7,7360,529
d7c9ab1eeb7f99e7bd0f6c79cce0f4f1,2e52134307379f864dabb413f5606ae1,2021/11/8,0,530
d7c9ab1eeb7f99e7bd0f6c79cce0f4f1,2e52134307379f864dabb413f5606ae1,2021/11/9,51623,531
d7c9ab1eeb7f99e7bd0f6c79cce0f4f1,2e52134307379f864dabb413f5606ae1,2021/11/10,7125,532
d7c9ab1eeb7f99e7bd0f6c79cce0f4f1,2e52134307379f864dabb413f5606ae1,2021/11/11,31983,533
d7c9ab1eeb7f99e7bd0f6c79cce0f4f1,2e52134307379f864dabb413f5606ae1,2021/11/12,15425,534
d7c9ab1eeb7f99e7bd0f6c79cce0f4f1,2e52134307379f864dabb413f5606ae1,2021/11/13,64494,535
d7c9ab1eeb7f99e7bd0f6c79cce0f4f1,2e52134307379f864dabb413f5606ae1,2021/11/14,10320,536
d7c9ab1eeb7f99e7bd0f6c79cce0f4f1,2e52134307379f864dabb413f5606ae1,2021/11/15,0,537
d7c9ab1eeb7f99e7bd0f6c79cce0f4f1,2e52134307379f864dabb413f5606ae1,2021/11/16,0,538
d7c9ab1eeb7f99e7bd0f6c79cce0f4f1,2e52134307379f864dabb413f5606ae1,2021/11/17,15561,539
d7c9ab1eeb7f99e7bd0f6c79cce0f4f1,2e52134307379f864dabb413f5606ae1,2021/11/18,12594,540
d7c9ab1eeb7f99e7bd0f6c79cce0f4f1,2e52134307379f864dabb413f5606ae1,2021/11/19,13441,541
d7c9ab1eeb7f99e7bd0f6c79cce0f4f1,2e52134307379f864dabb413f5606ae1,2021/11/20,8450,542
d7c9ab1eeb7f99e7bd0f6c79cce0f4f1,2e52134307379f864dabb413f5606ae1,2021/11/21,10525,543
d7c9ab1eeb7f99e7bd0f6c79cce0f4f1,2e52134307379f864dabb413f5606ae1,2021/11/22,0,544
d7c9ab1eeb7f99e7bd0f6c79cce0f4f1,2e52134307379f864dabb413f5606ae1,2021/11/23,2150,545
d7c9ab1eeb7f99e7bd0f6c79cce0f4f1,2e52134307379f864dabb413f5606ae1,2021/11/24,32574,546
d7c9ab1eeb7f99e7bd0f6c79cce0f4f1,2e52134307379f864dabb413f5606ae1,2021/11/25,29283,547
d7c9ab1eeb7f99e7bd0f6c79cce0f4f1,2e52134307379f864dabb413f5606ae1,2021/11/26,30830,548
d7c9ab1eeb7f99e7bd0f6c79cce0f4f1,2e52134307379f864dabb413f5606ae1,2021/11/27,22744,549
d7c9ab1eeb7f99e7bd0f6c79cce0f4f1,2e52134307379f864dabb413f5606ae1,2021/11/28,0,550
d7c9ab1eeb7f99e7bd0f6c79cce0f4f1,2e52134307379f864dabb413f5606ae1,2021/11/29,0,551
d7c9ab1eeb7f99e7bd0f6c79cce0f4f1,2e52134307379f864dabb413f5606ae1,2021/11/30,5000,552
d7c9ab1eeb7f99e7bd0f6c79cce0f4f1,2e52134307379f864dabb413f5606ae1,2021/12/1,11513,553
d7c9ab1eeb7f99e7bd0f6c79cce0f4f1,2e52134307379f864dabb413f5606ae1,2021/12/2,16153,554
d7c9ab1eeb7f99e7bd0f6c79cce0f4f1,2e52134307379f864dabb413f5606ae1,2021/12/3,19460,555
d7c9ab1eeb7f99e7bd0f6c79cce0f4f1,2e52134307379f864dabb413f5606ae1,2021/12/4,0,556
d7c9ab1eeb7f99e7bd0f6c79cce0f4f1,2e52134307379f864dabb413f5606ae1,2021/12/5,12210,557
d7c9ab1eeb7f99e7bd0f6c79cce0f4f1,2e52134307379f864dabb413f5606ae1,2021/12/6,0,558
d7c9ab1eeb7f99e7bd0f6c79cce0f4f1,2e52134307379f864dabb413f5606ae1,2021/12/7,5,559
d7c9ab1eeb7f99e7bd0f6c79cce0f4f1,2e52134307379f864dabb413f5606ae1,2021/12/8,32440,560
d7c9ab1eeb7f99e7bd0f6c79cce0f4f1,2e52134307379f864dabb413f5606ae1,2021/12/9,27321,561
d7c9ab1eeb7f99e7bd0f6c79cce0f4f1,2e52134307379f864dabb413f5606ae1,2021/12/10,33049,562
d7c9ab1eeb7f99e7bd0f6c79cce0f4f1,2e52134307379f864dabb413f5606ae1,2021/12/11,20410,563
d7c9ab1eeb7f99e7bd0f6c79cce0f4f1,2e52134307379f864dabb413f5606ae1,2021/12/12,15840,564
d7c9ab1eeb7f99e7bd0f6c79cce0f4f1,2e52134307379f864dabb413f5606ae1,2021/12/13,0,565
d7c9ab1eeb7f99e7bd0f6c79cce0f4f1,2e52134307379f864dabb413f5606ae1,2021/12/14,11210,566
d7c9ab1eeb7f99e7bd0f6c79cce0f4f1,2e52134307379f864dabb413f5606ae1,2021/12/15,30794,567
d7c9ab1eeb7f99e7bd0f6c79cce0f4f1,2e52134307379f864dabb413f5606ae1,2021/12/16,27539,568
d7c9ab1eeb7f99e7bd0f6c79cce0f4f1,2e52134307379f864dabb413f5606ae1,2021/12/17,5750,569
d7c9ab1eeb7f99e7bd0f6c79cce0f4f1,2e52134307379f864dabb413f5606ae1,2021/12/18,3860,570
d7c9ab1eeb7f99e7bd0f6c79cce0f4f1,2e52134307379f864dabb413f5606ae1,2021/12/19,8565,571
d7c9ab1eeb7f99e7bd0f6c79cce0f4f1,2e52134307379f864dabb413f5606ae1,2021/12/20,0,572
d7c9ab1eeb7f99e7bd0f6c79cce0f4f1,2e52134307379f864dabb413f5606ae1,2021/12/21,5960,573
d7c9ab1eeb7f99e7bd0f6c79cce0f4f1,2e52134307379f864dabb413f5606ae1,2021/12/22,5840,574
d7c9ab1eeb7f99e7bd0f6c79cce0f4f1,2e52134307379f864dabb413f5606ae1,2021/12/23,49055,575
d7c9ab1eeb7f99e7bd0f6c79cce0f4f1,2e52134307379f864dabb413f5606ae1,2021/12/24,41370,576
d7c9ab1eeb7f99e7bd0f6c79cce0f4f1,2e52134307379f864dabb413f5606ae1,2021/12/25,32040,577
d7c9ab1eeb7f99e7bd0f6c79cce0f4f1,2e52134307379f864dabb413f5606ae1,2021/12/26,11355,578
d7c9ab1eeb7f99e7bd0f6c79cce0f4f1,2e52134307379f864dabb413f5606ae1,2021/12/27,3720,579
d7c9ab1eeb7f99e7bd0f6c79cce0f4f1,2e52134307379f864dabb413f5606ae1,2021/12/28,0,580
d7c9ab1eeb7f99e7bd0f6c79cce0f4f1,2e52134307379f864dabb413f5606ae1,2021/12/29,0,581
d7c9ab1eeb7f99e7bd0f6c79cce0f4f1,2e52134307379f864dabb413f5606ae1,2021/12/30,9060,582
d7c9ab1eeb7f99e7bd0f6c79cce0f4f1,2e52134307379f864dabb413f5606ae1,2021/12/31,22491,583
d7c9ab1eeb7f99e7bd0f6c79cce0f4f1,2e52134307379f864dabb413f5606ae1,2022/1/1,0,584
d7c9ab1eeb7f99e7bd0f6c79cce0f4f1,2e52134307379f864dabb413f5606ae1,2022/1/2,0,585
d7c9ab1eeb7f99e7bd0f6c79cce0f4f1,2e52134307379f864dabb413f5606ae1,2022/1/3,0,586
d7c9ab1eeb7f99e7bd0f6c79cce0f4f1,2e52134307379f864dabb413f5606ae1,2022/1/4,5035,587
d7c9ab1eeb7f99e7bd0f6c79cce0f4f1,2e52134307379f864dabb413f5606ae1,2022/1/5,18464,588
d7c9ab1eeb7f99e7bd0f6c79cce0f4f1,2e52134307379f864dabb413f5606ae1,2022/1/6,38146,589
d7c9ab1eeb7f99e7bd0f6c79cce0f4f1,2e52134307379f864dabb413f5606ae1,2022/1/7,28656,590
d7c9ab1eeb7f99e7bd0f6c79cce0f4f1,2e52134307379f864dabb413f5606ae1,2022/1/8,31641,591
d7c9ab1eeb7f99e7bd0f6c79cce0f4f1,2e52134307379f864dabb413f5606ae1,2022/1/9,17649,592
d7c9ab1eeb7f99e7bd0f6c79cce0f4f1,2e52134307379f864dabb413f5606ae1,2022/1/10,0,593
d7c9ab1eeb7f99e7bd0f6c79cce0f4f1,2e52134307379f864dabb413f5606ae1,2022/1/11,18305,594
d7c9ab1eeb7f99e7bd0f6c79cce0f4f1,2e52134307379f864dabb413f5606ae1,2022/1/12,18517,595
d7c9ab1eeb7f99e7bd0f6c79cce0f4f1,2e52134307379f864dabb413f5606ae1,2022/1/13,32052,596
d7c9ab1eeb7f99e7bd0f6c79cce0f4f1,2e52134307379f864dabb413f5606ae1,2022/1/14,17040,597
d7c9ab1eeb7f99e7bd0f6c79cce0f4f1,2e52134307379f864dabb413f5606ae1,2022/1/15,17985,598
d7c9ab1eeb7f99e7bd0f6c79cce0f4f1,2e52134307379f864dabb413f5606ae1,2022/1/16,12004,599
d7c9ab1eeb7f99e7bd0f6c79cce0f4f1,2e52134307379f864dabb413f5606ae1,2022/1/17,0,600
d7c9ab1eeb7f99e7bd0f6c79cce0f4f1,2e52134307379f864dabb413f5606ae1,2022/1/18,29218,601
d7c9ab1eeb7f99e7bd0f6c79cce0f4f1,2e52134307379f864dabb413f5606ae1,2022/1/19,35077,602
d7c9ab1eeb7f99e7bd0f6c79cce0f4f1,2e52134307379f864dabb413f5606ae1,2022/1/20,41137,603
d7c9ab1eeb7f99e7bd0f6c79cce0f4f1,2e52134307379f864dabb413f5606ae1,2022/1/21,54927,604
d7c9ab1eeb7f99e7bd0f6c79cce0f4f1,2e52134307379f864dabb413f5606ae1,2022/1/22,64286,605
d7c9ab1eeb7f99e7bd0f6c79cce0f4f1,2e52134307379f864dabb413f5606ae1,2022/1/23,25550,606
d7c9ab1eeb7f99e7bd0f6c79cce0f4f1,2e52134307379f864dabb413f5606ae1,2022/1/24,0,607
d7c9ab1eeb7f99e7bd0f6c79cce0f4f1,2e52134307379f864dabb413f5606ae1,2022/1/25,35043,608
d7c9ab1eeb7f99e7bd0f6c79cce0f4f1,2e52134307379f864dabb413f5606ae1,2022/1/26,41657,609
d7c9ab1eeb7f99e7bd0f6c79cce0f4f1,2e52134307379f864dabb413f5606ae1,2022/1/27,4984,610
d7c9ab1eeb7f99e7bd0f6c79cce0f4f1,2e52134307379f864dabb413f5606ae1,2022/1/28,25236,611
d7c9ab1eeb7f99e7bd0f6c79cce0f4f1,2e52134307379f864dabb413f5606ae1,2022/1/29,54793,612
d7c9ab1eeb7f99e7bd0f6c79cce0f4f1,2e52134307379f864dabb413f5606ae1,2022/1/30,145134,613
d7c9ab1eeb7f99e7bd0f6c79cce0f4f1,2e52134307379f864dabb413f5606ae1,2022/1/31,11990,614
d7c9ab1eeb7f99e7bd0f6c79cce0f4f1,2e52134307379f864dabb413f5606ae1,2022/2/1,0,615
d7c9ab1eeb7f99e7bd0f6c79cce0f4f1,2e52134307379f864dabb413f5606ae1,2022/2/2,0,616
d7c9ab1eeb7f99e7bd0f6c79cce0f4f1,2e52134307379f864dabb413f5606ae1,2022/2/3,0,617
d7c9ab1eeb7f99e7bd0f6c79cce0f4f1,2e52134307379f864dabb413f5606ae1,2022/2/4,27513,618
d7c9ab1eeb7f99e7bd0f6c79cce0f4f1,2e52134307379f864dabb413f5606ae1,2022/2/5,54165,619
d7c9ab1eeb7f99e7bd0f6c79cce0f4f1,2e52134307379f864dabb413f5606ae1,2022/2/6,9325,620
d7c9ab1eeb7f99e7bd0f6c79cce0f4f1,2e52134307379f864dabb413f5606ae1,2022/2/7,0,621
d7c9ab1eeb7f99e7bd0f6c79cce0f4f1,2e52134307379f864dabb413f5606ae1,2022/2/8,78085,622
d7c9ab1eeb7f99e7bd0f6c79cce0f4f1,2e52134307379f864dabb413f5606ae1,2022/2/9,16820,623
d7c9ab1eeb7f99e7bd0f6c79cce0f4f1,2e52134307379f864dabb413f5606ae1,2022/2/10,63560,624
d7c9ab1eeb7f99e7bd0f6c79cce0f4f1,2e52134307379f864dabb413f5606ae1,2022/2/11,58050,625
d7c9ab1eeb7f99e7bd0f6c79cce0f4f1,2e52134307379f864dabb413f5606ae1,2022/2/12,52585,626
d7c9ab1eeb7f99e7bd0f6c79cce0f4f1,2e52134307379f864dabb413f5606ae1,2022/2/13,3510,627
d7c9ab1eeb7f99e7bd0f6c79cce0f4f1,2e52134307379f864dabb413f5606ae1,2022/2/14,0,628
d7c9ab1eeb7f99e7bd0f6c79cce0f4f1,2e52134307379f864dabb413f5606ae1,2022/2/15,38229,629
d7c9ab1eeb7f99e7bd0f6c79cce0f4f1,2e52134307379f864dabb413f5606ae1,2022/2/16,50868,630
d7c9ab1eeb7f99e7bd0f6c79cce0f4f1,2e52134307379f864dabb413f5606ae1,2022/2/17,77461,631
d7c9ab1eeb7f99e7bd0f6c79cce0f4f1,2e52134307379f864dabb413f5606ae1,2022/2/18,59838,632
d7c9ab1eeb7f99e7bd0f6c79cce0f4f1,2e52134307379f864dabb413f5606ae1,2022/2/19,16407,633
d7c9ab1eeb7f99e7bd0f6c79cce0f4f1,2e52134307379f864dabb413f5606ae1,2022/2/20,8024,634
d7c9ab1eeb7f99e7bd0f6c79cce0f4f1,2e52134307379f864dabb413f5606ae1,2022/2/21,0,635
d7c9ab1eeb7f99e7bd0f6c79cce0f4f1,2e52134307379f864dabb413f5606ae1,2022/2/22,41185,636
d7c9ab1eeb7f99e7bd0f6c79cce0f4f1,2e52134307379f864dabb413f5606ae1,2022/2/23,37351,637
d7c9ab1eeb7f99e7bd0f6c79cce0f4f1,2e52134307379f864dabb413f5606ae1,2022/2/24,26830,638
d7c9ab1eeb7f99e7bd0f6c79cce0f4f1,2e52134307379f864dabb413f5606ae1,2022/2/25,53611,639
d7c9ab1eeb7f99e7bd0f6c79cce0f4f1,2e52134307379f864dabb413f5606ae1,2022/2/26,46924,640
d7c9ab1eeb7f99e7bd0f6c79cce0f4f1,2e52134307379f864dabb413f5606ae1,2022/2/27,46641,641
d7c9ab1eeb7f99e7bd0f6c79cce0f4f1,2e52134307379f864dabb413f5606ae1,2022/2/28,8000,642
d7c9ab1eeb7f99e7bd0f6c79cce0f4f1,2e52134307379f864dabb413f5606ae1,2022/3/1,13377,643
d7c9ab1eeb7f99e7bd0f6c79cce0f4f1,2e52134307379f864dabb413f5606ae1,2022/3/2,31489,644
d7c9ab1eeb7f99e7bd0f6c79cce0f4f1,2e52134307379f864dabb413f5606ae1,2022/3/3,74790,645
d7c9ab1eeb7f99e7bd0f6c79cce0f4f1,2e52134307379f864dabb413f5606ae1,2022/3/4,132660,646
d7c9ab1eeb7f99e7bd0f6c79cce0f4f1,2e52134307379f864dabb413f5606ae1,2022/3/5,100090,647
d7c9ab1eeb7f99e7bd0f6c79cce0f4f1,2e52134307379f864dabb413f5606ae1,2022/3/6,114945,648
d7c9ab1eeb7f99e7bd0f6c79cce0f4f1,2e52134307379f864dabb413f5606ae1,2022/3/7,0,649
d7c9ab1eeb7f99e7bd0f6c79cce0f4f1,2e52134307379f864dabb413f5606ae1,2022/3/8,98725,650
d7c9ab1eeb7f99e7bd0f6c79cce0f4f1,2e52134307379f864dabb413f5606ae1,2022/3/9,77133,651
d7c9ab1eeb7f99e7bd0f6c79cce0f4f1,2e52134307379f864dabb413f5606ae1,2022/3/10,61305,652
d7c9ab1eeb7f99e7bd0f6c79cce0f4f1,2e52134307379f864dabb413f5606ae1,2022/3/11,55867,653
d7c9ab1eeb7f99e7bd0f6c79cce0f4f1,2e52134307379f864dabb413f5606ae1,2022/3/12,128199,654
d7c9ab1eeb7f99e7bd0f6c79cce0f4f1,2e52134307379f864dabb413f5606ae1,2022/3/13,64310,655
d7c9ab1eeb7f99e7bd0f6c79cce0f4f1,2e52134307379f864dabb413f5606ae1,2022/3/14,0,656
d7c9ab1eeb7f99e7bd0f6c79cce0f4f1,2e52134307379f864dabb413f5606ae1,2022/3/15,0,657
d7c9ab1eeb7f99e7bd0f6c79cce0f4f1,2e52134307379f864dabb413f5606ae1,2022/3/16,69235,658
d7c9ab1eeb7f99e7bd0f6c79cce0f4f1,2e52134307379f864dabb413f5606ae1,2022/3/17,15281,659
d7c9ab1eeb7f99e7bd0f6c79cce0f4f1,2e52134307379f864dabb413f5606ae1,2022/3/18,94772,660
d7c9ab1eeb7f99e7bd0f6c79cce0f4f1,2e52134307379f864dabb413f5606ae1,2022/3/19,102882,661
d7c9ab1eeb7f99e7bd0f6c79cce0f4f1,2e52134307379f864dabb413f5606ae1,2022/3/20,68265,662
d7c9ab1eeb7f99e7bd0f6c79cce0f4f1,2e52134307379f864dabb413f5606ae1,2022/3/21,0,663
d7c9ab1eeb7f99e7bd0f6c79cce0f4f1,2e52134307379f864dabb413f5606ae1,2022/3/22,57262,664
d7c9ab1eeb7f99e7bd0f6c79cce0f4f1,2e52134307379f864dabb413f5606ae1,2022/3/23,0,665
d7c9ab1eeb7f99e7bd0f6c79cce0f4f1,2e52134307379f864dabb413f5606ae1,2022/3/24,53539,666
d7c9ab1eeb7f99e7bd0f6c79cce0f4f1,2e52134307379f864dabb413f5606ae1,2022/3/25,16157,667
d7c9ab1eeb7f99e7bd0f6c79cce0f4f1,2e52134307379f864dabb413f5606ae1,2022/3/26,64847,668
d7c9ab1eeb7f99e7bd0f6c79cce0f4f1,2e52134307379f864dabb413f5606ae1,2022/3/27,58462,669
d7c9ab1eeb7f99e7bd0f6c79cce0f4f1,2e52134307379f864dabb413f5606ae1,2022/3/28,0,670
d7c9ab1eeb7f99e7bd0f6c79cce0f4f1,2e52134307379f864dabb413f5606ae1,2022/3/29,57135,671
d7c9ab1eeb7f99e7bd0f6c79cce0f4f1,2e52134307379f864dabb413f5606ae1,2022/3/30,75943,672
d7c9ab1eeb7f99e7bd0f6c79cce0f4f1,2e52134307379f864dabb413f5606ae1,2022/3/31,94840,673
d7c9ab1eeb7f99e7bd0f6c79cce0f4f1,2e52134307379f864dabb413f5606ae1,2022/4/1,60030,674
d7c9ab1eeb7f99e7bd0f6c79cce0f4f1,2e52134307379f864dabb413f5606ae1,2022/4/2,94629,675
d7c9ab1eeb7f99e7bd0f6c79cce0f4f1,2e52134307379f864dabb413f5606ae1,2022/4/3,41802,676
d7c9ab1eeb7f99e7bd0f6c79cce0f4f1,2e52134307379f864dabb413f5606ae1,2022/4/4,0,677
d7c9ab1eeb7f99e7bd0f6c79cce0f4f1,2e52134307379f864dabb413f5606ae1,2022/4/5,0,678
d7c9ab1eeb7f99e7bd0f6c79cce0f4f1,2e52134307379f864dabb413f5606ae1,2022/4/6,0,679
d7c9ab1eeb7f99e7bd0f6c79cce0f4f1,2e52134307379f864dabb413f5606ae1,2022/4/7,73219,680
d7c9ab1eeb7f99e7bd0f6c79cce0f4f1,2e52134307379f864dabb413f5606ae1,2022/4/8,116292,681
d7c9ab1eeb7f99e7bd0f6c79cce0f4f1,2e52134307379f864dabb413f5606ae1,2022/4/9,72552,682
d7c9ab1eeb7f99e7bd0f6c79cce0f4f1,2e52134307379f864dabb413f5606ae1,2022/4/10,8835,683
d7c9ab1eeb7f99e7bd0f6c79cce0f4f1,2e52134307379f864dabb413f5606ae1,2022/4/11,0,684
d7c9ab1eeb7f99e7bd0f6c79cce0f4f1,2e52134307379f864dabb413f5606ae1,2022/4/12,44326,685
d7c9ab1eeb7f99e7bd0f6c79cce0f4f1,2e52134307379f864dabb413f5606ae1,2022/4/13,14751,686
d7c9ab1eeb7f99e7bd0f6c79cce0f4f1,2e52134307379f864dabb413f5606ae1,2022/4/14,18136,687
d7c9ab1eeb7f99e7bd0f6c79cce0f4f1,2e52134307379f864dabb413f5606ae1,2022/4/15,0,688
d7c9ab1eeb7f99e7bd0f6c79cce0f4f1,2e52134307379f864dabb413f5606ae1,2022/4/16,16369,689
d7c9ab1eeb7f99e7bd0f6c79cce0f4f1,2e52134307379f864dabb413f5606ae1,2022/4/17,0,690
d7c9ab1eeb7f99e7bd0f6c79cce0f4f1,2e52134307379f864dabb413f5606ae1,2022/4/18,0,691
d7c9ab1eeb7f99e7bd0f6c79cce0f4f1,2e52134307379f864dabb413f5606ae1,2022/4/19,42660,692
d7c9ab1eeb7f99e7bd0f6c79cce0f4f1,2e52134307379f864dabb413f5606ae1,2022/4/20,32713,693
d7c9ab1eeb7f99e7bd0f6c79cce0f4f1,2e52134307379f864dabb413f5606ae1,2022/4/21,69067,694
d7c9ab1eeb7f99e7bd0f6c79cce0f4f1,2e52134307379f864dabb413f5606ae1,2022/4/22,24463,695
d7c9ab1eeb7f99e7bd0f6c79cce0f4f1,2e52134307379f864dabb413f5606ae1,2022/4/23,45564,696
d7c9ab1eeb7f99e7bd0f6c79cce0f4f1,2e52134307379f864dabb413f5606ae1,2022/4/24,0,697
d7c9ab1eeb7f99e7bd0f6c79cce0f4f1,2e52134307379f864dabb413f5606ae1,2022/4/25,0,698
d7c9ab1eeb7f99e7bd0f6c79cce0f4f1,2e52134307379f864dabb413f5606ae1,2022/4/26,22290,699
d7c9ab1eeb7f99e7bd0f6c79cce0f4f1,2e52134307379f864dabb413f5606ae1,2022/4/27,49609,700
d7c9ab1eeb7f99e7bd0f6c79cce0f4f1,2e52134307379f864dabb413f5606ae1,2022/4/28,89294,701
d7c9ab1eeb7f99e7bd0f6c79cce0f4f1,2e52134307379f864dabb413f5606ae1,2022/4/29,2358,702
d7c9ab1eeb7f99e7bd0f6c79cce0f4f1,2e52134307379f864dabb413f5606ae1,2022/4/30,47797,703
d7c9ab1eeb7f99e7bd0f6c79cce0f4f1,2e52134307379f864dabb413f5606ae1,2022/5/1,0,704
d7c9ab1eeb7f99e7bd0f6c79cce0f4f1,2e52134307379f864dabb413f5606ae1,2022/5/2,0,705
d7c9ab1eeb7f99e7bd0f6c79cce0f4f1,2e52134307379f864dabb413f5606ae1,2022/5/3,0,706
d7c9ab1eeb7f99e7bd0f6c79cce0f4f1,2e52134307379f864dabb413f5606ae1,2022/5/4,32430,707
d7c9ab1eeb7f99e7bd0f6c79cce0f4f1,2e52134307379f864dabb413f5606ae1,2022/5/5,51539,708
d7c9ab1eeb7f99e7bd0f6c79cce0f4f1,2e52134307379f864dabb413f5606ae1,2022/5/6,42377,709
d7c9ab1eeb7f99e7bd0f6c79cce0f4f1,2e52134307379f864dabb413f5606ae1,2022/5/7,43326,710
d7c9ab1eeb7f99e7bd0f6c79cce0f4f1,2e52134307379f864dabb413f5606ae1,2022/5/8,24830,711
d7c9ab1eeb7f99e7bd0f6c79cce0f4f1,2e52134307379f864dabb413f5606ae1,2022/5/9,0,712
d7c9ab1eeb7f99e7bd0f6c79cce0f4f1,2e52134307379f864dabb413f5606ae1,2022/5/10,27540,713
d7c9ab1eeb7f99e7bd0f6c79cce0f4f1,2e52134307379f864dabb413f5606ae1,2022/5/11,23590,714
d7c9ab1eeb7f99e7bd0f6c79cce0f4f1,2e52134307379f864dabb413f5606ae1,2022/5/12,32358,715
d7c9ab1eeb7f99e7bd0f6c79cce0f4f1,2e52134307379f864dabb413f5606ae1,2022/5/13,38977,716
d7c9ab1eeb7f99e7bd0f6c79cce0f4f1,2e52134307379f864dabb413f5606ae1,2022/5/14,50061,717
d7c9ab1eeb7f99e7bd0f6c79cce0f4f1,2e52134307379f864dabb413f5606ae1,2022/5/15,29911,718
d7c9ab1eeb7f99e7bd0f6c79cce0f4f1,2e52134307379f864dabb413f5606ae1,2022/5/16,0,719
d7c9ab1eeb7f99e7bd0f6c79cce0f4f1,2e52134307379f864dabb413f5606ae1,2022/5/17,72526,720
d7c9ab1eeb7f99e7bd0f6c79cce0f4f1,2e52134307379f864dabb413f5606ae1,2022/5/18,33157,721
d7c9ab1eeb7f99e7bd0f6c79cce0f4f1,2e52134307379f864dabb413f5606ae1,2022/5/19,61980,722
d7c9ab1eeb7f99e7bd0f6c79cce0f4f1,2e52134307379f864dabb413f5606ae1,2022/5/20,31344,723
d7c9ab1eeb7f99e7bd0f6c79cce0f4f1,2e52134307379f864dabb413f5606ae1,2022/5/21,22252,724
d7c9ab1eeb7f99e7bd0f6c79cce0f4f1,2e52134307379f864dabb413f5606ae1,2022/5/22,15676,725
d7c9ab1eeb7f99e7bd0f6c79cce0f4f1,2e52134307379f864dabb413f5606ae1,2022/5/23,0,726
d7c9ab1eeb7f99e7bd0f6c79cce0f4f1,2e52134307379f864dabb413f5606ae1,2022/5/24,19103,727
d7c9ab1eeb7f99e7bd0f6c79cce0f4f1,2e52134307379f864dabb413f5606ae1,2022/5/25,31694,728
d7c9ab1eeb7f99e7bd0f6c79cce0f4f1,2e52134307379f864dabb413f5606ae1,2022/5/26,41535,729
d7c9ab1eeb7f99e7bd0f6c79cce0f4f1,2e52134307379f864dabb413f5606ae1,2022/5/27,48893,730
d7c9ab1eeb7f99e7bd0f6c79cce0f4f1,2e52134307379f864dabb413f5606ae1,2022/5/28,26007,731
d7c9ab1eeb7f99e7bd0f6c79cce0f4f1,2e52134307379f864dabb413f5606ae1,2022/5/29,60903,732
d7c9ab1eeb7f99e7bd0f6c79cce0f4f1,2e52134307379f864dabb413f5606ae1,2022/5/30,0,733
d7c9ab1eeb7f99e7bd0f6c79cce0f4f1,2e52134307379f864dabb413f5606ae1,2022/5/31,31551,734
d7c9ab1eeb7f99e7bd0f6c79cce0f4f1,2e52134307379f864dabb413f5606ae1,2022/6/1,33369,735
d7c9ab1eeb7f99e7bd0f6c79cce0f4f1,2e52134307379f864dabb413f5606ae1,2022/6/2,87796,736
d7c9ab1eeb7f99e7bd0f6c79cce0f4f1,2e52134307379f864dabb413f5606ae1,2022/6/3,23645,737
d7c9ab1eeb7f99e7bd0f6c79cce0f4f1,2e52134307379f864dabb413f5606ae1,2022/6/4,44937,738
d7c9ab1eeb7f99e7bd0f6c79cce0f4f1,2e52134307379f864dabb413f5606ae1,2022/6/5,63928,739
d7c9ab1eeb7f99e7bd0f6c79cce0f4f1,2e52134307379f864dabb413f5606ae1,2022/6/6,839,740
d7c9ab1eeb7f99e7bd0f6c79cce0f4f1,2e52134307379f864dabb413f5606ae1,2022/6/7,46470,741
d7c9ab1eeb7f99e7bd0f6c79cce0f4f1,2e52134307379f864dabb413f5606ae1,2022/6/8,47530,742
d7c9ab1eeb7f99e7bd0f6c79cce0f4f1,2e52134307379f864dabb413f5606ae1,2022/6/9,103793,743
d7c9ab1eeb7f99e7bd0f6c79cce0f4f1,2e52134307379f864dabb413f5606ae1,2022/6/10,63582,744
d7c9ab1eeb7f99e7bd0f6c79cce0f4f1,2e52134307379f864dabb413f5606ae1,2022/6/11,41716,745
d7c9ab1eeb7f99e7bd0f6c79cce0f4f1,2e52134307379f864dabb413f5606ae1,2022/6/12,51450,746
d7c9ab1eeb7f99e7bd0f6c79cce0f4f1,2e52134307379f864dabb413f5606ae1,2022/6/13,0,747
d7c9ab1eeb7f99e7bd0f6c79cce0f4f1,2e52134307379f864dabb413f5606ae1,2022/6/14,44407,748
d7c9ab1eeb7f99e7bd0f6c79cce0f4f1,2e52134307379f864dabb413f5606ae1,2022/6/15,62823,749
d7c9ab1eeb7f99e7bd0f6c79cce0f4f1,2e52134307379f864dabb413f5606ae1,2022/6/16,64428,750
d7c9ab1eeb7f99e7bd0f6c79cce0f4f1,2e52134307379f864dabb413f5606ae1,2022/6/17,98485,751
d7c9ab1eeb7f99e7bd0f6c79cce0f4f1,2e52134307379f864dabb413f5606ae1,2022/6/18,75751,752
d7c9ab1eeb7f99e7bd0f6c79cce0f4f1,2e52134307379f864dabb413f5606ae1,2022/6/19,101928,753
d7c9ab1eeb7f99e7bd0f6c79cce0f4f1,2e52134307379f864dabb413f5606ae1,2022/6/20,0,754
d7c9ab1eeb7f99e7bd0f6c79cce0f4f1,2e52134307379f864dabb413f5606ae1,2022/6/21,57566,755
d7c9ab1eeb7f99e7bd0f6c79cce0f4f1,2e52134307379f864dabb413f5606ae1,2022/6/22,47343,756
d7c9ab1eeb7f99e7bd0f6c79cce0f4f1,2e52134307379f864dabb413f5606ae1,2022/6/23,115894,757
d7c9ab1eeb7f99e7bd0f6c79cce0f4f1,2e52134307379f864dabb413f5606ae1,2022/6/24,134968,758
d7c9ab1eeb7f99e7bd0f6c79cce0f4f1,2e52134307379f864dabb413f5606ae1,2022/6/25,64112,759
d7c9ab1eeb7f99e7bd0f6c79cce0f4f1,2e52134307379f864dabb413f5606ae1,2022/6/26,30405,760
d7c9ab1eeb7f99e7bd0f6c79cce0f4f1,2e52134307379f864dabb413f5606ae1,2022/6/27,0,761
d7c9ab1eeb7f99e7bd0f6c79cce0f4f1,2e52134307379f864dabb413f5606ae1,2022/6/28,11310,762
d7c9ab1eeb7f99e7bd0f6c79cce0f4f1,2e52134307379f864dabb413f5606ae1,2022/6/29,32247,763
d7c9ab1eeb7f99e7bd0f6c79cce0f4f1,2e52134307379f864dabb413f5606ae1,2022/6/30,62355,764
d7c9ab1eeb7f99e7bd0f6c79cce0f4f1,2e52134307379f864dabb413f5606ae1,2022/7/1,65587,765
d7c9ab1eeb7f99e7bd0f6c79cce0f4f1,2e52134307379f864dabb413f5606ae1,2022/7/2,44431,766
d7c9ab1eeb7f99e7bd0f6c79cce0f4f1,2e52134307379f864dabb413f5606ae1,2022/7/3,32181,767
d7c9ab1eeb7f99e7bd0f6c79cce0f4f1,2e52134307379f864dabb413f5606ae1,2022/7/4,0,768
d7c9ab1eeb7f99e7bd0f6c79cce0f4f1,2e52134307379f864dabb413f5606ae1,2022/7/5,38209,769
d7c9ab1eeb7f99e7bd0f6c79cce0f4f1,2e52134307379f864dabb413f5606ae1,2022/7/6,72291,770
d7c9ab1eeb7f99e7bd0f6c79cce0f4f1,2e52134307379f864dabb413f5606ae1,2022/7/7,70842,771
d7c9ab1eeb7f99e7bd0f6c79cce0f4f1,2e52134307379f864dabb413f5606ae1,2022/7/8,18703,772
d7c9ab1eeb7f99e7bd0f6c79cce0f4f1,2e52134307379f864dabb413f5606ae1,2022/7/9,41266,773
d7c9ab1eeb7f99e7bd0f6c79cce0f4f1,2e52134307379f864dabb413f5606ae1,2022/7/10,46246,774
d7c9ab1eeb7f99e7bd0f6c79cce0f4f1,2e52134307379f864dabb413f5606ae1,2022/7/11,0,775
d7c9ab1eeb7f99e7bd0f6c79cce0f4f1,2e52134307379f864dabb413f5606ae1,2022/7/12,56442,776
d7c9ab1eeb7f99e7bd0f6c79cce0f4f1,2e52134307379f864dabb413f5606ae1,2022/7/13,47425,777
d7c9ab1eeb7f99e7bd0f6c79cce0f4f1,2e52134307379f864dabb413f5606ae1,2022/7/14,24053,778
d7c9ab1eeb7f99e7bd0f6c79cce0f4f1,2e52134307379f864dabb413f5606ae1,2022/7/15,80982,779
d7c9ab1eeb7f99e7bd0f6c79cce0f4f1,2e52134307379f864dabb413f5606ae1,2022/7/16,34027,780
d7c9ab1eeb7f99e7bd0f6c79cce0f4f1,2e52134307379f864dabb413f5606ae1,2022/7/17,28142,781
d7c9ab1eeb7f99e7bd0f6c79cce0f4f1,2e52134307379f864dabb413f5606ae1,2022/7/18,0,782
d7c9ab1eeb7f99e7bd0f6c79cce0f4f1,2e52134307379f864dabb413f5606ae1,2022/7/19,40963,783
d7c9ab1eeb7f99e7bd0f6c79cce0f4f1,2e52134307379f864dabb413f5606ae1,2022/7/20,79023,784
d7c9ab1eeb7f99e7bd0f6c79cce0f4f1,2e52134307379f864dabb413f5606ae1,2022/7/21,62405,785
d7c9ab1eeb7f99e7bd0f6c79cce0f4f1,2e52134307379f864dabb413f5606ae1,2022/7/22,24427,786
d7c9ab1eeb7f99e7bd0f6c79cce0f4f1,2e52134307379f864dabb413f5606ae1,2022/7/23,30867,787
d7c9ab1eeb7f99e7bd0f6c79cce0f4f1,2e52134307379f864dabb413f5606ae1,2022/7/24,22635,788
d7c9ab1eeb7f99e7bd0f6c79cce0f4f1,2e52134307379f864dabb413f5606ae1,2022/7/25,0,789
d7c9ab1eeb7f99e7bd0f6c79cce0f4f1,2e52134307379f864dabb413f5606ae1,2022/7/26,46983,790
d7c9ab1eeb7f99e7bd0f6c79cce0f4f1,2e52134307379f864dabb413f5606ae1,2022/7/27,28961,791
d7c9ab1eeb7f99e7bd0f6c79cce0f4f1,2e52134307379f864dabb413f5606ae1,2022/7/28,68872,792
d7c9ab1eeb7f99e7bd0f6c79cce0f4f1,2e52134307379f864dabb413f5606ae1,2022/7/29,35647,793
d7c9ab1eeb7f99e7bd0f6c79cce0f4f1,2e52134307379f864dabb413f5606ae1,2022/7/30,20964,794
d7c9ab1eeb7f99e7bd0f6c79cce0f4f1,2e52134307379f864dabb413f5606ae1,2022/7/31,26557,795
d7c9ab1eeb7f99e7bd0f6c79cce0f4f1,2e52134307379f864dabb413f5606ae1,2022/8/1,0,796
d7c9ab1eeb7f99e7bd0f6c79cce0f4f1,2e52134307379f864dabb413f5606ae1,2022/8/2,23749,797
d7c9ab1eeb7f99e7bd0f6c79cce0f4f1,2e52134307379f864dabb413f5606ae1,2022/8/3,34581,798
d7c9ab1eeb7f99e7bd0f6c79cce0f4f1,2e52134307379f864dabb413f5606ae1,2022/8/4,44148,799
d7c9ab1eeb7f99e7bd0f6c79cce0f4f1,2e52134307379f864dabb413f5606ae1,2022/8/5,27615,800
d7c9ab1eeb7f99e7bd0f6c79cce0f4f1,2e52134307379f864dabb413f5606ae1,2022/8/6,27663,801
d7c9ab1eeb7f99e7bd0f6c79cce0f4f1,2e52134307379f864dabb413f5606ae1,2022/8/7,44426,802
d7c9ab1eeb7f99e7bd0f6c79cce0f4f1,2e52134307379f864dabb413f5606ae1,2022/8/8,0,803
d7c9ab1eeb7f99e7bd0f6c79cce0f4f1,2e52134307379f864dabb413f5606ae1,2022/8/9,60093,804
d7c9ab1eeb7f99e7bd0f6c79cce0f4f1,2e52134307379f864dabb413f5606ae1,2022/8/10,37944,805
d7c9ab1eeb7f99e7bd0f6c79cce0f4f1,2e52134307379f864dabb413f5606ae1,2022/8/11,45457,806
d7c9ab1eeb7f99e7bd0f6c79cce0f4f1,2e52134307379f864dabb413f5606ae1,2022/8/12,56312,807
d7c9ab1eeb7f99e7bd0f6c79cce0f4f1,2e52134307379f864dabb413f5606ae1,2022/8/13,43657,808
d7c9ab1eeb7f99e7bd0f6c79cce0f4f1,2e52134307379f864dabb413f5606ae1,2022/8/14,41598,809
d7c9ab1eeb7f99e7bd0f6c79cce0f4f1,2e52134307379f864dabb413f5606ae1,2022/8/15,0,810
d7c9ab1eeb7f99e7bd0f6c79cce0f4f1,2e52134307379f864dabb413f5606ae1,2022/8/16,26842,811
d7c9ab1eeb7f99e7bd0f6c79cce0f4f1,2e52134307379f864dabb413f5606ae1,2022/8/17,3587,812
d7c9ab1eeb7f99e7bd0f6c79cce0f4f1,2e52134307379f864dabb413f5606ae1,2022/8/18,97,813
d7c9ab1eeb7f99e7bd0f6c79cce0f4f1,2e52134307379f864dabb413f5606ae1,2022/8/19,6477,814
d7c9ab1eeb7f99e7bd0f6c79cce0f4f1,2e52134307379f864dabb413f5606ae1,2022/8/20,400,815
d7c9ab1eeb7f99e7bd0f6c79cce0f4f1,2e52134307379f864dabb413f5606ae1,2022/8/21,0,816
d7c9ab1eeb7f99e7bd0f6c79cce0f4f1,2e52134307379f864dabb413f5606ae1,2022/8/22,0,817
d7c9ab1eeb7f99e7bd0f6c79cce0f4f1,2e52134307379f864dabb413f5606ae1,2022/8/23,917,818
d7c9ab1eeb7f99e7bd0f6c79cce0f4f1,2e52134307379f864dabb413f5606ae1,2022/8/24,2835,819
d7c9ab1eeb7f99e7bd0f6c79cce0f4f1,2e52134307379f864dabb413f5606ae1,2022/8/25,19805,820
d7c9ab1eeb7f99e7bd0f6c79cce0f4f1,2e52134307379f864dabb413f5606ae1,2022/8/26,3271,821
d7c9ab1eeb7f99e7bd0f6c79cce0f4f1,2e52134307379f864dabb413f5606ae1,2022/8/27,20825,822
d7c9ab1eeb7f99e7bd0f6c79cce0f4f1,2e52134307379f864dabb413f5606ae1,2022/8/28,66353,823
d7c9ab1eeb7f99e7bd0f6c79cce0f4f1,2e52134307379f864dabb413f5606ae1,2022/8/29,25031,824
d7c9ab1eeb7f99e7bd0f6c79cce0f4f1,2e52134307379f864dabb413f5606ae1,2022/8/30,16521,825
d7c9ab1eeb7f99e7bd0f6c79cce0f4f1,2e52134307379f864dabb413f5606ae1,2022/8/31,37454,826
d7c9ab1eeb7f99e7bd0f6c79cce0f4f1,2e52134307379f864dabb413f5606ae1,2022/9/1,42597,827
d7c9ab1eeb7f99e7bd0f6c79cce0f4f1,2e52134307379f864dabb413f5606ae1,2022/9/2,27835,828
d7c9ab1eeb7f99e7bd0f6c79cce0f4f1,2e52134307379f864dabb413f5606ae1,2022/9/3,3590,829
d7c9ab1eeb7f99e7bd0f6c79cce0f4f1,2e52134307379f864dabb413f5606ae1,2022/9/4,9878,830
d7c9ab1eeb7f99e7bd0f6c79cce0f4f1,2e52134307379f864dabb413f5606ae1,2022/9/5,27444,831
d7c9ab1eeb7f99e7bd0f6c79cce0f4f1,2e52134307379f864dabb413f5606ae1,2022/9/6,18722,832
d7c9ab1eeb7f99e7bd0f6c79cce0f4f1,2e52134307379f864dabb413f5606ae1,2022/9/7,14957,833
d7c9ab1eeb7f99e7bd0f6c79cce0f4f1,2e52134307379f864dabb413f5606ae1,2022/9/8,30827,834
d7c9ab1eeb7f99e7bd0f6c79cce0f4f1,2e52134307379f864dabb413f5606ae1,2022/9/9,39297,835
d7c9ab1eeb7f99e7bd0f6c79cce0f4f1,2e52134307379f864dabb413f5606ae1,2022/9/10,35973,836
d7c9ab1eeb7f99e7bd0f6c79cce0f4f1,2e52134307379f864dabb413f5606ae1,2022/9/11,49456,837
d7c9ab1eeb7f99e7bd0f6c79cce0f4f1,2e52134307379f864dabb413f5606ae1,2022/9/12,0,838
d7c9ab1eeb7f99e7bd0f6c79cce0f4f1,2e52134307379f864dabb413f5606ae1,2022/9/13,43374,839
d7c9ab1eeb7f99e7bd0f6c79cce0f4f1,2e52134307379f864dabb413f5606ae1,2022/9/14,34097,840
d7c9ab1eeb7f99e7bd0f6c79cce0f4f1,2e52134307379f864dabb413f5606ae1,2022/9/15,35241,841
d7c9ab1eeb7f99e7bd0f6c79cce0f4f1,2e52134307379f864dabb413f5606ae1,2022/9/16,54890,842
d7c9ab1eeb7f99e7bd0f6c79cce0f4f1,2e52134307379f864dabb413f5606ae1,2022/9/17,45723,843
d7c9ab1eeb7f99e7bd0f6c79cce0f4f1,2e52134307379f864dabb413f5606ae1,2022/9/18,112112,844
d7c9ab1eeb7f99e7bd0f6c79cce0f4f1,2e52134307379f864dabb413f5606ae1,2022/9/19,0,845
d7c9ab1eeb7f99e7bd0f6c79cce0f4f1,2e52134307379f864dabb413f5606ae1,2022/9/20,102503,846
d7c9ab1eeb7f99e7bd0f6c79cce0f4f1,2e52134307379f864dabb413f5606ae1,2022/9/21,97774,847
d7c9ab1eeb7f99e7bd0f6c79cce0f4f1,2e52134307379f864dabb413f5606ae1,2022/9/22,92933,848
d7c9ab1eeb7f99e7bd0f6c79cce0f4f1,2e52134307379f864dabb413f5606ae1,2022/9/23,104286,849
d7c9ab1eeb7f99e7bd0f6c79cce0f4f1,2e52134307379f864dabb413f5606ae1,2022/9/24,4811,850
d7c9ab1eeb7f99e7bd0f6c79cce0f4f1,2e52134307379f864dabb413f5606ae1,2022/9/25,155187,851
d7c9ab1eeb7f99e7bd0f6c79cce0f4f1,2e52134307379f864dabb413f5606ae1,2022/9/26,8895,852
d7c9ab1eeb7f99e7bd0f6c79cce0f4f1,2e52134307379f864dabb413f5606ae1,2022/9/27,109291,853
d7c9ab1eeb7f99e7bd0f6c79cce0f4f1,2e52134307379f864dabb413f5606ae1,2022/9/28,97379,854
d7c9ab1eeb7f99e7bd0f6c79cce0f4f1,2e52134307379f864dabb413f5606ae1,2022/9/29,95509,855
d7c9ab1eeb7f99e7bd0f6c79cce0f4f1,2e52134307379f864dabb413f5606ae1,2022/9/30,41604,856
d7c9ab1eeb7f99e7bd0f6c79cce0f4f1,2e52134307379f864dabb413f5606ae1,2022/10/1,76428,857
d7c9ab1eeb7f99e7bd0f6c79cce0f4f1,2e52134307379f864dabb413f5606ae1,2022/10/2,22668,858
d7c9ab1eeb7f99e7bd0f6c79cce0f4f1,2e52134307379f864dabb413f5606ae1,2022/10/3,0,859
d7c9ab1eeb7f99e7bd0f6c79cce0f4f1,2e52134307379f864dabb413f5606ae1,2022/10/4,16719,860
d7c9ab1eeb7f99e7bd0f6c79cce0f4f1,2e52134307379f864dabb413f5606ae1,2022/10/5,29710,861
d7c9ab1eeb7f99e7bd0f6c79cce0f4f1,2e52134307379f864dabb413f5606ae1,2022/10/6,33966,862
d7c9ab1eeb7f99e7bd0f6c79cce0f4f1,2e52134307379f864dabb413f5606ae1,2022/10/7,54317,863
d7c9ab1eeb7f99e7bd0f6c79cce0f4f1,2e52134307379f864dabb413f5606ae1,2022/10/8,40669,864
d7c9ab1eeb7f99e7bd0f6c79cce0f4f1,2e52134307379f864dabb413f5606ae1,2022/10/9,53788,865
d7c9ab1eeb7f99e7bd0f6c79cce0f4f1,2e52134307379f864dabb413f5606ae1,2022/10/10,0,866
d7c9ab1eeb7f99e7bd0f6c79cce0f4f1,2e52134307379f864dabb413f5606ae1,2022/10/11,16146,867
d7c9ab1eeb7f99e7bd0f6c79cce0f4f1,2e52134307379f864dabb413f5606ae1,2022/10/12,52204,868
d7c9ab1eeb7f99e7bd0f6c79cce0f4f1,2e52134307379f864dabb413f5606ae1,2022/10/13,28048,869
d7c9ab1eeb7f99e7bd0f6c79cce0f4f1,2e52134307379f864dabb413f5606ae1,2022/10/14,67047,870
d7c9ab1eeb7f99e7bd0f6c79cce0f4f1,2e52134307379f864dabb413f5606ae1,2022/10/15,57870,871
d7c9ab1eeb7f99e7bd0f6c79cce0f4f1,2e52134307379f864dabb413f5606ae1,2022/10/16,57803,872
d7c9ab1eeb7f99e7bd0f6c79cce0f4f1,2e52134307379f864dabb413f5606ae1,2022/10/17,0,873
d7c9ab1eeb7f99e7bd0f6c79cce0f4f1,2e52134307379f864dabb413f5606ae1,2022/10/18,37241,874
d7c9ab1eeb7f99e7bd0f6c79cce0f4f1,2e52134307379f864dabb413f5606ae1,2022/10/19,55477,875
d7c9ab1eeb7f99e7bd0f6c79cce0f4f1,2e52134307379f864dabb413f5606ae1,2022/10/20,56759,876
d7c9ab1eeb7f99e7bd0f6c79cce0f4f1,2e52134307379f864dabb413f5606ae1,2022/10/21,82886,877
d7c9ab1eeb7f99e7bd0f6c79cce0f4f1,2e52134307379f864dabb413f5606ae1,2022/10/22,47020,878
d7c9ab1eeb7f99e7bd0f6c79cce0f4f1,2e52134307379f864dabb413f5606ae1,2022/10/23,51136,879
d7c9ab1eeb7f99e7bd0f6c79cce0f4f1,2e52134307379f864dabb413f5606ae1,2022/10/24,0,880
d7c9ab1eeb7f99e7bd0f6c79cce0f4f1,2e52134307379f864dabb413f5606ae1,2022/10/25,68468,881
d7c9ab1eeb7f99e7bd0f6c79cce0f4f1,2e52134307379f864dabb413f5606ae1,2022/10/26,77037,882
d7c9ab1eeb7f99e7bd0f6c79cce0f4f1,2e52134307379f864dabb413f5606ae1,2022/10/27,57446,883
d7c9ab1eeb7f99e7bd0f6c79cce0f4f1,2e52134307379f864dabb413f5606ae1,2022/10/28,78263,884
d7c9ab1eeb7f99e7bd0f6c79cce0f4f1,2e52134307379f864dabb413f5606ae1,2022/10/29,66297,885
d7c9ab1eeb7f99e7bd0f6c79cce0f4f1,2e52134307379f864dabb413f5606ae1,2022/10/30,43948,886
d7c9ab1eeb7f99e7bd0f6c79cce0f4f1,2e52134307379f864dabb413f5606ae1,2022/10/31,0,887
d7c9ab1eeb7f99e7bd0f6c79cce0f4f1,2e52134307379f864dabb413f5606ae1,2022/11/1,56820,888
d7c9ab1eeb7f99e7bd0f6c79cce0f4f1,2e52134307379f864dabb413f5606ae1,2022/11/2,105653,889
d7c9ab1eeb7f99e7bd0f6c79cce0f4f1,2e52134307379f864dabb413f5606ae1,2022/11/3,43657,890
d7c9ab1eeb7f99e7bd0f6c79cce0f4f1,2e52134307379f864dabb413f5606ae1,2022/11/4,43599,891
d7c9ab1eeb7f99e7bd0f6c79cce0f4f1,2e52134307379f864dabb413f5606ae1,2022/11/5,88752,892
d7c9ab1eeb7f99e7bd0f6c79cce0f4f1,2e52134307379f864dabb413f5606ae1,2022/11/6,31361,893
d7c9ab1eeb7f99e7bd0f6c79cce0f4f1,2e52134307379f864dabb413f5606ae1,2022/11/7,0,894
d7c9ab1eeb7f99e7bd0f6c79cce0f4f1,2e52134307379f864dabb413f5606ae1,2022/11/8,14989,895
d7c9ab1eeb7f99e7bd0f6c79cce0f4f1,2e52134307379f864dabb413f5606ae1,2022/11/9,79179,896
d7c9ab1eeb7f99e7bd0f6c79cce0f4f1,2e52134307379f864dabb413f5606ae1,2022/11/10,79709,897
d7c9ab1eeb7f99e7bd0f6c79cce0f4f1,2e52134307379f864dabb413f5606ae1,2022/11/11,65972,898
d7c9ab1eeb7f99e7bd0f6c79cce0f4f1,2e52134307379f864dabb413f5606ae1,2022/11/12,101379,899
d7c9ab1eeb7f99e7bd0f6c79cce0f4f1,2e52134307379f864dabb413f5606ae1,2022/11/13,55806,900
d7c9ab1eeb7f99e7bd0f6c79cce0f4f1,2e52134307379f864dabb413f5606ae1,2022/11/14,0,901
d7c9ab1eeb7f99e7bd0f6c79cce0f4f1,2e52134307379f864dabb413f5606ae1,2022/11/15,63468,902
d7c9ab1eeb7f99e7bd0f6c79cce0f4f1,2e52134307379f864dabb413f5606ae1,2022/11/16,40339,903
d7c9ab1eeb7f99e7bd0f6c79cce0f4f1,2e52134307379f864dabb413f5606ae1,2022/11/17,65302,904
d7c9ab1eeb7f99e7bd0f6c79cce0f4f1,2e52134307379f864dabb413f5606ae1,2022/11/18,90471,905
d7c9ab1eeb7f99e7bd0f6c79cce0f4f1,2e52134307379f864dabb413f5606ae1,2022/11/19,64391,906
d7c9ab1eeb7f99e7bd0f6c79cce0f4f1,2e52134307379f864dabb413f5606ae1,2022/11/20,62648,907
d7c9ab1eeb7f99e7bd0f6c79cce0f4f1,2e52134307379f864dabb413f5606ae1,2022/11/21,0,908
d7c9ab1eeb7f99e7bd0f6c79cce0f4f1,2e52134307379f864dabb413f5606ae1,2022/11/22,125060,909
d7c9ab1eeb7f99e7bd0f6c79cce0f4f1,2e52134307379f864dabb413f5606ae1,2022/11/23,64221,910
d7c9ab1eeb7f99e7bd0f6c79cce0f4f1,2e52134307379f864dabb413f5606ae1,2022/11/24,89613,911
d7c9ab1eeb7f99e7bd0f6c79cce0f4f1,2e52134307379f864dabb413f5606ae1,2022/11/25,44176,912
d7c9ab1eeb7f99e7bd0f6c79cce0f4f1,2e52134307379f864dabb413f5606ae1,2022/11/26,98199,913
d7c9ab1eeb7f99e7bd0f6c79cce0f4f1,2e52134307379f864dabb413f5606ae1,2022/11/27,80722,914
d7c9ab1eeb7f99e7bd0f6c79cce0f4f1,2e52134307379f864dabb413f5606ae1,2022/11/28,59028,915
d7c9ab1eeb7f99e7bd0f6c79cce0f4f1,2e52134307379f864dabb413f5606ae1,2022/11/29,47188,916
d7c9ab1eeb7f99e7bd0f6c79cce0f4f1,2e52134307379f864dabb413f5606ae1,2022/11/30,39250,917
d7c9ab1eeb7f99e7bd0f6c79cce0f4f1,2e52134307379f864dabb413f5606ae1,2022/12/1,74438,918
d7c9ab1eeb7f99e7bd0f6c79cce0f4f1,2e52134307379f864dabb413f5606ae1,2022/12/2,44861,919
d7c9ab1eeb7f99e7bd0f6c79cce0f4f1,2e52134307379f864dabb413f5606ae1,2022/12/3,27545,920
d7c9ab1eeb7f99e7bd0f6c79cce0f4f1,2e52134307379f864dabb413f5606ae1,2022/12/4,37187,921
d7c9ab1eeb7f99e7bd0f6c79cce0f4f1,2e52134307379f864dabb413f5606ae1,2022/12/5,0,922
d7c9ab1eeb7f99e7bd0f6c79cce0f4f1,2e52134307379f864dabb413f5606ae1,2022/12/6,31998,923
d7c9ab1eeb7f99e7bd0f6c79cce0f4f1,2e52134307379f864dabb413f5606ae1,2022/12/7,33596,924
d7c9ab1eeb7f99e7bd0f6c79cce0f4f1,2e52134307379f864dabb413f5606ae1,2022/12/8,42182,925
d7c9ab1eeb7f99e7bd0f6c79cce0f4f1,2e52134307379f864dabb413f5606ae1,2022/12/9,49735,926
d7c9ab1eeb7f99e7bd0f6c79cce0f4f1,2e52134307379f864dabb413f5606ae1,2022/12/10,54084,927
d7c9ab1eeb7f99e7bd0f6c79cce0f4f1,2e52134307379f864dabb413f5606ae1,2022/12/11,66061,928
d7c9ab1eeb7f99e7bd0f6c79cce0f4f1,2e52134307379f864dabb413f5606ae1,2022/12/12,5675,929
d7c9ab1eeb7f99e7bd0f6c79cce0f4f1,2e52134307379f864dabb413f5606ae1,2022/12/13,66915,930
d7c9ab1eeb7f99e7bd0f6c79cce0f4f1,2e52134307379f864dabb413f5606ae1,2022/12/14,77587,931
d7c9ab1eeb7f99e7bd0f6c79cce0f4f1,2e52134307379f864dabb413f5606ae1,2022/12/15,15096,932
d7c9ab1eeb7f99e7bd0f6c79cce0f4f1,2e52134307379f864dabb413f5606ae1,2022/12/16,46838,933
d7c9ab1eeb7f99e7bd0f6c79cce0f4f1,2e52134307379f864dabb413f5606ae1,2022/12/17,46432,934
d7c9ab1eeb7f99e7bd0f6c79cce0f4f1,2e52134307379f864dabb413f5606ae1,2022/12/18,56465,935
d7c9ab1eeb7f99e7bd0f6c79cce0f4f1,2e52134307379f864dabb413f5606ae1,2022/12/19,0,936
d7c9ab1eeb7f99e7bd0f6c79cce0f4f1,2e52134307379f864dabb413f5606ae1,2022/12/20,62251,937
d7c9ab1eeb7f99e7bd0f6c79cce0f4f1,2e52134307379f864dabb413f5606ae1,2022/12/21,45103,938
d7c9ab1eeb7f99e7bd0f6c79cce0f4f1,2e52134307379f864dabb413f5606ae1,2022/12/22,0,939
d7c9ab1eeb7f99e7bd0f6c79cce0f4f1,2e52134307379f864dabb413f5606ae1,2022/12/23,38484,940
d7c9ab1eeb7f99e7bd0f6c79cce0f4f1,2e52134307379f864dabb413f5606ae1,2022/12/24,57155,941
d7c9ab1eeb7f99e7bd0f6c79cce0f4f1,2e52134307379f864dabb413f5606ae1,2022/12/25,33519,942
d7c9ab1eeb7f99e7bd0f6c79cce0f4f1,2e52134307379f864dabb413f5606ae1,2022/12/26,0,943
d7c9ab1eeb7f99e7bd0f6c79cce0f4f1,2e52134307379f864dabb413f5606ae1,2022/12/27,56771,944
d7c9ab1eeb7f99e7bd0f6c79cce0f4f1,2e52134307379f864dabb413f5606ae1,2022/12/28,36713,945
d7c9ab1eeb7f99e7bd0f6c79cce0f4f1,2e52134307379f864dabb413f5606ae1,2022/12/29,46548,946
d7c9ab1eeb7f99e7bd0f6c79cce0f4f1,2e52134307379f864dabb413f5606ae1,2022/12/30,56082,947
d7c9ab1eeb7f99e7bd0f6c79cce0f4f1,2e52134307379f864dabb413f5606ae1,2022/12/31,18026,948
d7c9ab1eeb7f99e7bd0f6c79cce0f4f1,2e52134307379f864dabb413f5606ae1,2023/1/1,2759,949
d7c9ab1eeb7f99e7bd0f6c79cce0f4f1,2e52134307379f864dabb413f5606ae1,2023/1/2,0,950
d7c9ab1eeb7f99e7bd0f6c79cce0f4f1,2e52134307379f864dabb413f5606ae1,2023/1/3,21494,951
d7c9ab1eeb7f99e7bd0f6c79cce0f4f1,2e52134307379f864dabb413f5606ae1,2023/1/4,35264,952
d7c9ab1eeb7f99e7bd0f6c79cce0f4f1,2e52134307379f864dabb413f5606ae1,2023/1/5,22013,953
d7c9ab1eeb7f99e7bd0f6c79cce0f4f1,2e52134307379f864dabb413f5606ae1,2023/1/6,43500,954
d7c9ab1eeb7f99e7bd0f6c79cce0f4f1,2e52134307379f864dabb413f5606ae1,2023/1/7,54422,955
d7c9ab1eeb7f99e7bd0f6c79cce0f4f1,2e52134307379f864dabb413f5606ae1,2023/1/8,92483,956
d7c9ab1eeb7f99e7bd0f6c79cce0f4f1,2e52134307379f864dabb413f5606ae1,2023/1/9,0,957
d7c9ab1eeb7f99e7bd0f6c79cce0f4f1,2e52134307379f864dabb413f5606ae1,2023/1/10,12436,958
d7c9ab1eeb7f99e7bd0f6c79cce0f4f1,2e52134307379f864dabb413f5606ae1,2023/1/11,24624,959
d7c9ab1eeb7f99e7bd0f6c79cce0f4f1,2e52134307379f864dabb413f5606ae1,2023/1/12,36279,960
d7c9ab1eeb7f99e7bd0f6c79cce0f4f1,2e52134307379f864dabb413f5606ae1,2023/1/13,45466,961
d7c9ab1eeb7f99e7bd0f6c79cce0f4f1,2e52134307379f864dabb413f5606ae1,2023/1/14,32685,962
d7c9ab1eeb7f99e7bd0f6c79cce0f4f1,2e52134307379f864dabb413f5606ae1,2023/1/15,67070,963
d7c9ab1eeb7f99e7bd0f6c79cce0f4f1,2e52134307379f864dabb413f5606ae1,2023/1/16,0,964
d7c9ab1eeb7f99e7bd0f6c79cce0f4f1,2e52134307379f864dabb413f5606ae1,2023/1/17,50645,965
d7c9ab1eeb7f99e7bd0f6c79cce0f4f1,2e52134307379f864dabb413f5606ae1,2023/1/18,42970,966
d7c9ab1eeb7f99e7bd0f6c79cce0f4f1,2e52134307379f864dabb413f5606ae1,2023/1/19,0,967
d7c9ab1eeb7f99e7bd0f6c79cce0f4f1,2e52134307379f864dabb413f5606ae1,2023/1/20,2218,968
d7c9ab1eeb7f99e7bd0f6c79cce0f4f1,2e52134307379f864dabb413f5606ae1,2023/1/21,31571,969
d7c9ab1eeb7f99e7bd0f6c79cce0f4f1,2e52134307379f864dabb413f5606ae1,2023/1/22,0,970
d7c9ab1eeb7f99e7bd0f6c79cce0f4f1,2e52134307379f864dabb413f5606ae1,2023/1/23,0,971
d7c9ab1eeb7f99e7bd0f6c79cce0f4f1,2e52134307379f864dabb413f5606ae1,2023/1/24,0,972
d7c9ab1eeb7f99e7bd0f6c79cce0f4f1,2e52134307379f864dabb413f5606ae1,2023/1/25,0,973
d7c9ab1eeb7f99e7bd0f6c79cce0f4f1,2e52134307379f864dabb413f5606ae1,2023/1/26,11170,974
d7c9ab1eeb7f99e7bd0f6c79cce0f4f1,2e52134307379f864dabb413f5606ae1,2023/1/27,23389,975
d7c9ab1eeb7f99e7bd0f6c79cce0f4f1,2e52134307379f864dabb413f5606ae1,2023/1/28,7178,976
d7c9ab1eeb7f99e7bd0f6c79cce0f4f1,2e52134307379f864dabb413f5606ae1,2023/1/29,0,977
d7c9ab1eeb7f99e7bd0f6c79cce0f4f1,2e52134307379f864dabb413f5606ae1,2023/1/30,4969,978
d7c9ab1eeb7f99e7bd0f6c79cce0f4f1,2e52134307379f864dabb413f5606ae1,2023/1/31,18533,979
d7c9ab1eeb7f99e7bd0f6c79cce0f4f1,2e52134307379f864dabb413f5606ae1,2023/2/1,15891,980
d7c9ab1eeb7f99e7bd0f6c79cce0f4f1,2e52134307379f864dabb413f5606ae1,2023/2/2,23026,981
d7c9ab1eeb7f99e7bd0f6c79cce0f4f1,2e52134307379f864dabb413f5606ae1,2023/2/3,30011,982
d7c9ab1eeb7f99e7bd0f6c79cce0f4f1,2e52134307379f864dabb413f5606ae1,2023/2/4,68445,983
d7c9ab1eeb7f99e7bd0f6c79cce0f4f1,2e52134307379f864dabb413f5606ae1,2023/2/5,106484,984
d7c9ab1eeb7f99e7bd0f6c79cce0f4f1,2e52134307379f864dabb413f5606ae1,2023/2/6,0,985
d7c9ab1eeb7f99e7bd0f6c79cce0f4f1,2e52134307379f864dabb413f5606ae1,2023/2/7,28923,986
d7c9ab1eeb7f99e7bd0f6c79cce0f4f1,2e52134307379f864dabb413f5606ae1,2023/2/8,53614,987
d7c9ab1eeb7f99e7bd0f6c79cce0f4f1,2e52134307379f864dabb413f5606ae1,2023/2/9,47162,988
d7c9ab1eeb7f99e7bd0f6c79cce0f4f1,2e52134307379f864dabb413f5606ae1,2023/2/10,39126,989
d7c9ab1eeb7f99e7bd0f6c79cce0f4f1,2e52134307379f864dabb413f5606ae1,2023/2/11,106581,990
d7c9ab1eeb7f99e7bd0f6c79cce0f4f1,2e52134307379f864dabb413f5606ae1,2023/2/12,6355,991
d7c9ab1eeb7f99e7bd0f6c79cce0f4f1,2e52134307379f864dabb413f5606ae1,2023/2/13,0,992
d7c9ab1eeb7f99e7bd0f6c79cce0f4f1,2e52134307379f864dabb413f5606ae1,2023/2/14,25808,993
d7c9ab1eeb7f99e7bd0f6c79cce0f4f1,2e52134307379f864dabb413f5606ae1,2023/2/15,53508,994
d7c9ab1eeb7f99e7bd0f6c79cce0f4f1,2e52134307379f864dabb413f5606ae1,2023/2/16,63017,995
d7c9ab1eeb7f99e7bd0f6c79cce0f4f1,2e52134307379f864dabb413f5606ae1,2023/2/17,49228,996
d7c9ab1eeb7f99e7bd0f6c79cce0f4f1,2e52134307379f864dabb413f5606ae1,2023/2/18,41698,997
d7c9ab1eeb7f99e7bd0f6c79cce0f4f1,2e52134307379f864dabb413f5606ae1,2023/2/19,24059,998
d7c9ab1eeb7f99e7bd0f6c79cce0f4f1,2e52134307379f864dabb413f5606ae1,2023/2/20,0,999
d7c9ab1eeb7f99e7bd0f6c79cce0f4f1,2e52134307379f864dabb413f5606ae1,2023/2/21,43059,1000
d7c9ab1eeb7f99e7bd0f6c79cce0f4f1,2e52134307379f864dabb413f5606ae1,2023/2/22,38168,1001
d7c9ab1eeb7f99e7bd0f6c79cce0f4f1,2e52134307379f864dabb413f5606ae1,2023/2/23,25031,1002
d7c9ab1eeb7f99e7bd0f6c79cce0f4f1,2e52134307379f864dabb413f5606ae1,2023/2/24,58777,1003
d7c9ab1eeb7f99e7bd0f6c79cce0f4f1,2e52134307379f864dabb413f5606ae1,2023/2/25,41695,1004
d7c9ab1eeb7f99e7bd0f6c79cce0f4f1,2e52134307379f864dabb413f5606ae1,2023/2/26,28524,1005
d7c9ab1eeb7f99e7bd0f6c79cce0f4f1,2e52134307379f864dabb413f5606ae1,2023/2/27,0,1006
d7c9ab1eeb7f99e7bd0f6c79cce0f4f1,2e52134307379f864dabb413f5606ae1,2023/2/28,25084,1007
d7c9ab1eeb7f99e7bd0f6c79cce0f4f1,2e52134307379f864dabb413f5606ae1,2023/3/1,45678,1008
d7c9ab1eeb7f99e7bd0f6c79cce0f4f1,2e52134307379f864dabb413f5606ae1,2023/3/2,49209,1009
d7c9ab1eeb7f99e7bd0f6c79cce0f4f1,2e52134307379f864dabb413f5606ae1,2023/3/3,57783,1010
d7c9ab1eeb7f99e7bd0f6c79cce0f4f1,2e52134307379f864dabb413f5606ae1,2023/3/4,31808,1011
d7c9ab1eeb7f99e7bd0f6c79cce0f4f1,2e52134307379f864dabb413f5606ae1,2023/3/5,61649,1012
d7c9ab1eeb7f99e7bd0f6c79cce0f4f1,2e52134307379f864dabb413f5606ae1,2023/3/6,0,1013
d7c9ab1eeb7f99e7bd0f6c79cce0f4f1,2e52134307379f864dabb413f5606ae1,2023/3/7,73395,1014
d7c9ab1eeb7f99e7bd0f6c79cce0f4f1,2e52134307379f864dabb413f5606ae1,2023/3/8,59531,1015
d7c9ab1eeb7f99e7bd0f6c79cce0f4f1,2e52134307379f864dabb413f5606ae1,2023/3/9,69285,1016
d7c9ab1eeb7f99e7bd0f6c79cce0f4f1,2e52134307379f864dabb413f5606ae1,2023/3/10,36757,1017
d7c9ab1eeb7f99e7bd0f6c79cce0f4f1,2e52134307379f864dabb413f5606ae1,2023/3/11,64666,1018
d7c9ab1eeb7f99e7bd0f6c79cce0f4f1,2e52134307379f864dabb413f5606ae1,2023/3/12,16023,1019
d7c9ab1eeb7f99e7bd0f6c79cce0f4f1,2e52134307379f864dabb413f5606ae1,2023/3/13,0,1020
d7c9ab1eeb7f99e7bd0f6c79cce0f4f1,2e52134307379f864dabb413f5606ae1,2023/3/14,38933,1021
d7c9ab1eeb7f99e7bd0f6c79cce0f4f1,2e52134307379f864dabb413f5606ae1,2023/3/15,45773,1022
d7c9ab1eeb7f99e7bd0f6c79cce0f4f1,2e52134307379f864dabb413f5606ae1,2023/3/16,42815,1023
d7c9ab1eeb7f99e7bd0f6c79cce0f4f1,2e52134307379f864dabb413f5606ae1,2023/3/17,45945,1024
d7c9ab1eeb7f99e7bd0f6c79cce0f4f1,2e52134307379f864dabb413f5606ae1,2023/3/18,50151,1025
d7c9ab1eeb7f99e7bd0f6c79cce0f4f1,2e52134307379f864dabb413f5606ae1,2023/3/19,0,1026
d7c9ab1eeb7f99e7bd0f6c79cce0f4f1,2e52134307379f864dabb413f5606ae1,2023/3/20,0,1027
d7c9ab1eeb7f99e7bd0f6c79cce0f4f1,2e52134307379f864dabb413f5606ae1,2023/3/21,53997,1028
d7c9ab1eeb7f99e7bd0f6c79cce0f4f1,2e52134307379f864dabb413f5606ae1,2023/3/22,53166,1029
d7c9ab1eeb7f99e7bd0f6c79cce0f4f1,2e52134307379f864dabb413f5606ae1,2023/3/23,46426,1030
d7c9ab1eeb7f99e7bd0f6c79cce0f4f1,2e52134307379f864dabb413f5606ae1,2023/3/24,40298,1031
d7c9ab1eeb7f99e7bd0f6c79cce0f4f1,2e52134307379f864dabb413f5606ae1,2023/3/25,52782,1032
d7c9ab1eeb7f99e7bd0f6c79cce0f4f1,2e52134307379f864dabb413f5606ae1,2023/3/26,0,1033
d7c9ab1eeb7f99e7bd0f6c79cce0f4f1,2e52134307379f864dabb413f5606ae1,2023/3/27,0,1034
d7c9ab1eeb7f99e7bd0f6c79cce0f4f1,2e52134307379f864dabb413f5606ae1,2023/3/28,26663,1035
d7c9ab1eeb7f99e7bd0f6c79cce0f4f1,2e52134307379f864dabb413f5606ae1,2023/3/29,47586,1036
d7c9ab1eeb7f99e7bd0f6c79cce0f4f1,2e52134307379f864dabb413f5606ae1,2023/3/30,14290,1037
d7c9ab1eeb7f99e7bd0f6c79cce0f4f1,2e52134307379f864dabb413f5606ae1,2023/3/31,28615,1038
d7c9ab1eeb7f99e7bd0f6c79cce0f4f1,2e52134307379f864dabb413f5606ae1,2023/4/1,15865,1039
d7c9ab1eeb7f99e7bd0f6c79cce0f4f1,2e52134307379f864dabb413f5606ae1,2023/4/2,3535,1040
d7c9ab1eeb7f99e7bd0f6c79cce0f4f1,2e52134307379f864dabb413f5606ae1,2023/4/3,30037,1041
d7c9ab1eeb7f99e7bd0f6c79cce0f4f1,2e52134307379f864dabb413f5606ae1,2023/4/4,63830,1042
d7c9ab1eeb7f99e7bd0f6c79cce0f4f1,2e52134307379f864dabb413f5606ae1,2023/4/5,0,1043
d7c9ab1eeb7f99e7bd0f6c79cce0f4f1,2e52134307379f864dabb413f5606ae1,2023/4/6,0,1044
d7c9ab1eeb7f99e7bd0f6c79cce0f4f1,2e52134307379f864dabb413f5606ae1,2023/4/7,39794,1045
d7c9ab1eeb7f99e7bd0f6c79cce0f4f1,2e52134307379f864dabb413f5606ae1,2023/4/8,107904,1046
d7c9ab1eeb7f99e7bd0f6c79cce0f4f1,2e52134307379f864dabb413f5606ae1,2023/4/9,400,1047
d7c9ab1eeb7f99e7bd0f6c79cce0f4f1,2e52134307379f864dabb413f5606ae1,2023/4/10,0,1048
d7c9ab1eeb7f99e7bd0f6c79cce0f4f1,2e52134307379f864dabb413f5606ae1,2023/4/11,4400,1049
d7c9ab1eeb7f99e7bd0f6c79cce0f4f1,2e52134307379f864dabb413f5606ae1,2023/4/12,39499,1050
d7c9ab1eeb7f99e7bd0f6c79cce0f4f1,2e52134307379f864dabb413f5606ae1,2023/4/13,46344,1051
d7c9ab1eeb7f99e7bd0f6c79cce0f4f1,2e52134307379f864dabb413f5606ae1,2023/4/14,30244,1052
d7c9ab1eeb7f99e7bd0f6c79cce0f4f1,2e52134307379f864dabb413f5606ae1,2023/4/15,126242,1053
d7c9ab1eeb7f99e7bd0f6c79cce0f4f1,2e52134307379f864dabb413f5606ae1,2023/4/16,0,1054
d7c9ab1eeb7f99e7bd0f6c79cce0f4f1,2e52134307379f864dabb413f5606ae1,2023/4/17,0,1055
d7c9ab1eeb7f99e7bd0f6c79cce0f4f1,2e52134307379f864dabb413f5606ae1,2023/4/18,52565,1056
d7c9ab1eeb7f99e7bd0f6c79cce0f4f1,2e52134307379f864dabb413f5606ae1,2023/4/19,55480,1057
d7c9ab1eeb7f99e7bd0f6c79cce0f4f1,2e52134307379f864dabb413f5606ae1,2023/4/20,45047,1058
d7c9ab1eeb7f99e7bd0f6c79cce0f4f1,2e52134307379f864dabb413f5606ae1,2023/4/21,108053,1059
d7c9ab1eeb7f99e7bd0f6c79cce0f4f1,2e52134307379f864dabb413f5606ae1,2023/4/22,29255,1060
d7c9ab1eeb7f99e7bd0f6c79cce0f4f1,2e52134307379f864dabb413f5606ae1,2023/4/23,0,1061
d7c9ab1eeb7f99e7bd0f6c79cce0f4f1,2e52134307379f864dabb413f5606ae1,2023/4/24,0,1062
d7c9ab1eeb7f99e7bd0f6c79cce0f4f1,2e52134307379f864dabb413f5606ae1,2023/4/25,30903,1063
d7c9ab1eeb7f99e7bd0f6c79cce0f4f1,2e52134307379f864dabb413f5606ae1,2023/4/26,42680,1064
d7c9ab1eeb7f99e7bd0f6c79cce0f4f1,2e52134307379f864dabb413f5606ae1,2023/4/27,22844,1065
d7c9ab1eeb7f99e7bd0f6c79cce0f4f1,2e52134307379f864dabb413f5606ae1,2023/4/28,45861,1066
d7c9ab1eeb7f99e7bd0f6c79cce0f4f1,2e52134307379f864dabb413f5606ae1,2023/4/29,10467,1067
d7c9ab1eeb7f99e7bd0f6c79cce0f4f1,2e52134307379f864dabb413f5606ae1,2023/4/30,39432,1068
d7c9ab1eeb7f99e7bd0f6c79cce0f4f1,2e52134307379f864dabb413f5606ae1,2023/5/1,0,1069
d7c9ab1eeb7f99e7bd0f6c79cce0f4f1,2e52134307379f864dabb413f5606ae1,2023/5/2,0,1070
d7c9ab1eeb7f99e7bd0f6c79cce0f4f1,2e52134307379f864dabb413f5606ae1,2023/5/3,21130,1071
d7c9ab1eeb7f99e7bd0f6c79cce0f4f1,2e52134307379f864dabb413f5606ae1,2023/5/4,45013,1072
d7c9ab1eeb7f99e7bd0f6c79cce0f4f1,2e52134307379f864dabb413f5606ae1,2023/5/5,28825,1073
d7c9ab1eeb7f99e7bd0f6c79cce0f4f1,2e52134307379f864dabb413f5606ae1,2023/5/6,9625,1074
d7c9ab1eeb7f99e7bd0f6c79cce0f4f1,2e52134307379f864dabb413f5606ae1,2023/5/7,52591,1075
d7c9ab1eeb7f99e7bd0f6c79cce0f4f1,2e52134307379f864dabb413f5606ae1,2023/5/8,0,1076
d7c9ab1eeb7f99e7bd0f6c79cce0f4f1,2e52134307379f864dabb413f5606ae1,2023/5/9,11265,1077
d7c9ab1eeb7f99e7bd0f6c79cce0f4f1,2e52134307379f864dabb413f5606ae1,2023/5/10,41799,1078
d7c9ab1eeb7f99e7bd0f6c79cce0f4f1,2e52134307379f864dabb413f5606ae1,2023/5/11,29161,1079
d7c9ab1eeb7f99e7bd0f6c79cce0f4f1,2e52134307379f864dabb413f5606ae1,2023/5/12,50104,1080
d7c9ab1eeb7f99e7bd0f6c79cce0f4f1,2e52134307379f864dabb413f5606ae1,2023/5/13,51609,1081
d7c9ab1eeb7f99e7bd0f6c79cce0f4f1,2e52134307379f864dabb413f5606ae1,2023/5/14,0,1082
d7c9ab1eeb7f99e7bd0f6c79cce0f4f1,2e52134307379f864dabb413f5606ae1,2023/5/15,0,1083
d7c9ab1eeb7f99e7bd0f6c79cce0f4f1,2e52134307379f864dabb413f5606ae1,2023/5/16,4899,1084
d7c9ab1eeb7f99e7bd0f6c79cce0f4f1,2e52134307379f864dabb413f5606ae1,2023/5/17,42467,1085
d7c9ab1eeb7f99e7bd0f6c79cce0f4f1,2e52134307379f864dabb413f5606ae1,2023/5/18,11763,1086
d7c9ab1eeb7f99e7bd0f6c79cce0f4f1,2e52134307379f864dabb413f5606ae1,2023/5/19,47403,1087
d7c9ab1eeb7f99e7bd0f6c79cce0f4f1,2e52134307379f864dabb413f5606ae1,2023/5/20,180,1088
